run_id,question_id,answer_type,gold_pages,raw_pages,pass_a_pages,final_pages,raw_hit_pages,pass_a_hit_pages,final_hit_pages,raw_miss_pages,pass_a_miss_pages,final_miss_pages,raw_recall,pass_a_recall,final_precision,final_grounding,failure_bucket
submission_e2e_20260424_solver_narrowing_no_guard,30ab0e56ee0c43b5bf94fd9657c7f7ac24f0e7be29ced2933437f7a234713cd7,boolean,72ea171147bf30326fe6fd2e6798f607c7cef4bf9d43761dbccd2f1b6a356849:8,72ea171147bf30326fe6fd2e6798f607c7cef4bf9d43761dbccd2f1b6a356849:4|72ea171147bf30326fe6fd2e6798f607c7cef4bf9d43761dbccd2f1b6a356849:8,72ea171147bf30326fe6fd2e6798f607c7cef4bf9d43761dbccd2f1b6a356849:4|72ea171147bf30326fe6fd2e6798f607c7cef4bf9d43761dbccd2f1b6a356849:8,72ea171147bf30326fe6fd2e6798f607c7cef4bf9d43761dbccd2f1b6a356849:8,72ea171147bf30326fe6fd2e6798f607c7cef4bf9d43761dbccd2f1b6a356849:8,72ea171147bf30326fe6fd2e6798f607c7cef4bf9d43761dbccd2f1b6a356849:8,72ea171147bf30326fe6fd2e6798f607c7cef4bf9d43761dbccd2f1b6a356849:8,,,,1.000000000000,1.000000000000,1.000000000000,1.000000000000,hit
submission_e2e_20260424_solver_narrowing_no_guard,331b267822eaa013b4a79d92f2ac5118052a57150df9a29d7d11c531f02d23cf,date,1b446e196b4d1752241c8ff689a31ea705e98ad0c16b9d343c303664f72b64a1:2,1b446e196b4d1752241c8ff689a31ea705e98ad0c16b9d343c303664f72b64a1:2,1b446e196b4d1752241c8ff689a31ea705e98ad0c16b9d343c303664f72b64a1:2,1b446e196b4d1752241c8ff689a31ea705e98ad0c16b9d343c303664f72b64a1:2,1b446e196b4d1752241c8ff689a31ea705e98ad0c16b9d343c303664f72b64a1:2,1b446e196b4d1752241c8ff689a31ea705e98ad0c16b9d343c303664f72b64a1:2,1b446e196b4d1752241c8ff689a31ea705e98ad0c16b9d343c303664f72b64a1:2,,,,1.000000000000,1.000000000000,1.000000000000,1.000000000000,hit
submission_e2e_20260424_solver_narrowing_no_guard,5d271fced60d88e008a69adc2da21de427906206bfb49f5554a3bf1dd6f72772,number,fbdd7f9dd299d83b1f398778da2e6765dfaaed62005667264734a1f76ec09071:1,fbdd7f9dd299d83b1f398778da2e6765dfaaed62005667264734a1f76ec09071:1|fbdd7f9dd299d83b1f398778da2e6765dfaaed62005667264734a1f76ec09071:3,fbdd7f9dd299d83b1f398778da2e6765dfaaed62005667264734a1f76ec09071:1|fbdd7f9dd299d83b1f398778da2e6765dfaaed62005667264734a1f76ec09071:3,fbdd7f9dd299d83b1f398778da2e6765dfaaed62005667264734a1f76ec09071:1|fbdd7f9dd299d83b1f398778da2e6765dfaaed62005667264734a1f76ec09071:3,fbdd7f9dd299d83b1f398778da2e6765dfaaed62005667264734a1f76ec09071:1,fbdd7f9dd299d83b1f398778da2e6765dfaaed62005667264734a1f76ec09071:1,fbdd7f9dd299d83b1f398778da2e6765dfaaed62005667264734a1f76ec09071:1,,,,1.000000000000,1.000000000000,0.500000000000,0.878787878788,hit
submission_e2e_20260424_solver_narrowing_no_guard,358bf0caaa87ba7e11698c5e0bb230f5742c141f2da8a3e8969cee41ef0f7841,boolean,09660f78c26cd56c08c7253ed21ba01fb246092f482ccd8acd8e6f9b6fd2d917:1|6306079a16b1dec85690f75c715cdbd78b0685a3e19ee30250d481bc32f2e29a:1,09660f78c26cd56c08c7253ed21ba01fb246092f482ccd8acd8e6f9b6fd2d917:1|6306079a16b1dec85690f75c715cdbd78b0685a3e19ee30250d481bc32f2e29a:1,09660f78c26cd56c08c7253ed21ba01fb246092f482ccd8acd8e6f9b6fd2d917:1|6306079a16b1dec85690f75c715cdbd78b0685a3e19ee30250d481bc32f2e29a:1,09660f78c26cd56c08c7253ed21ba01fb246092f482ccd8acd8e6f9b6fd2d917:1|6306079a16b1dec85690f75c715cdbd78b0685a3e19ee30250d481bc32f2e29a:1,09660f78c26cd56c08c7253ed21ba01fb246092f482ccd8acd8e6f9b6fd2d917:1|6306079a16b1dec85690f75c715cdbd78b0685a3e19ee30250d481bc32f2e29a:1,09660f78c26cd56c08c7253ed21ba01fb246092f482ccd8acd8e6f9b6fd2d917:1|6306079a16b1dec85690f75c715cdbd78b0685a3e19ee30250d481bc32f2e29a:1,09660f78c26cd56c08c7253ed21ba01fb246092f482ccd8acd8e6f9b6fd2d917:1|6306079a16b1dec85690f75c715cdbd78b0685a3e19ee30250d481bc32f2e29a:1,,,,1.000000000000,1.000000000000,1.000000000000,1.000000000000,hit
submission_e2e_20260424_solver_narrowing_no_guard,bce4c288236518dfd08f6bac5a75c75ea79b1250347c4b998252fa9d7265a7c3,free_text,302a0bd8d67775e8dc5960ecec7879be566300d8b32c4b0153ba15ebdb279425:10,302a0bd8d67775e8dc5960ecec7879be566300d8b32c4b0153ba15ebdb279425:2|302a0bd8d67775e8dc5960ecec7879be566300d8b32c4b0153ba15ebdb279425:10,302a0bd8d67775e8dc5960ecec7879be566300d8b32c4b0153ba15ebdb279425:2|302a0bd8d67775e8dc5960ecec7879be566300d8b32c4b0153ba15ebdb279425:10,302a0bd8d67775e8dc5960ecec7879be566300d8b32c4b0153ba15ebdb279425:2|302a0bd8d67775e8dc5960ecec7879be566300d8b32c4b0153ba15ebdb279425:10,302a0bd8d67775e8dc5960ecec7879be566300d8b32c4b0153ba15ebdb279425:10,302a0bd8d67775e8dc5960ecec7879be566300d8b32c4b0153ba15ebdb279425:10,302a0bd8d67775e8dc5960ecec7879be566300d8b32c4b0153ba15ebdb279425:10,,,,1.000000000000,1.000000000000,0.500000000000,0.878787878788,hit
submission_e2e_20260424_solver_narrowing_no_guard,6863a7f4a5e76694620518758411bc743142897fa8077f2a73701b89fa2d0b0f,free_text,22442c5ee999e2519c68de908be511875a84f2b810ed540c2dcfcbcc65031434:6|22442c5ee999e2519c68de908be511875a84f2b810ed540c2dcfcbcc65031434:46,22442c5ee999e2519c68de908be511875a84f2b810ed540c2dcfcbcc65031434:1|22442c5ee999e2519c68de908be511875a84f2b810ed540c2dcfcbcc65031434:6|22442c5ee999e2519c68de908be511875a84f2b810ed540c2dcfcbcc65031434:46,22442c5ee999e2519c68de908be511875a84f2b810ed540c2dcfcbcc65031434:1|22442c5ee999e2519c68de908be511875a84f2b810ed540c2dcfcbcc65031434:46,22442c5ee999e2519c68de908be511875a84f2b810ed540c2dcfcbcc65031434:1|22442c5ee999e2519c68de908be511875a84f2b810ed540c2dcfcbcc65031434:46,22442c5ee999e2519c68de908be511875a84f2b810ed540c2dcfcbcc65031434:6|22442c5ee999e2519c68de908be511875a84f2b810ed540c2dcfcbcc65031434:46,22442c5ee999e2519c68de908be511875a84f2b810ed540c2dcfcbcc65031434:46,22442c5ee999e2519c68de908be511875a84f2b810ed540c2dcfcbcc65031434:46,,22442c5ee999e2519c68de908be511875a84f2b810ed540c2dcfcbcc65031434:6,22442c5ee999e2519c68de908be511875a84f2b810ed540c2dcfcbcc65031434:6,1.000000000000,0.500000000000,0.500000000000,0.500000000000,hit
submission_e2e_20260424_solver_narrowing_no_guard,150d4428704ea7ce7452509bda9c25f4d242b2395114ed0ed59388b87660f218,free_text,72ea171147bf30326fe6fd2e6798f607c7cef4bf9d43761dbccd2f1b6a356849:5,72ea171147bf30326fe6fd2e6798f607c7cef4bf9d43761dbccd2f1b6a356849:4|72ea171147bf30326fe6fd2e6798f607c7cef4bf9d43761dbccd2f1b6a356849:5|72ea171147bf30326fe6fd2e6798f607c7cef4bf9d43761dbccd2f1b6a356849:6,72ea171147bf30326fe6fd2e6798f607c7cef4bf9d43761dbccd2f1b6a356849:4|72ea171147bf30326fe6fd2e6798f607c7cef4bf9d43761dbccd2f1b6a356849:5|72ea171147bf30326fe6fd2e6798f607c7cef4bf9d43761dbccd2f1b6a356849:6,72ea171147bf30326fe6fd2e6798f607c7cef4bf9d43761dbccd2f1b6a356849:4|72ea171147bf30326fe6fd2e6798f607c7cef4bf9d43761dbccd2f1b6a356849:5|72ea171147bf30326fe6fd2e6798f607c7cef4bf9d43761dbccd2f1b6a356849:6,72ea171147bf30326fe6fd2e6798f607c7cef4bf9d43761dbccd2f1b6a356849:5,72ea171147bf30326fe6fd2e6798f607c7cef4bf9d43761dbccd2f1b6a356849:5,72ea171147bf30326fe6fd2e6798f607c7cef4bf9d43761dbccd2f1b6a356849:5,,,,1.000000000000,1.000000000000,0.333333333333,0.783783783784,hit
submission_e2e_20260424_solver_narrowing_no_guard,39890efe7db1258f568e838c284020a9fc79b8bf0deddab76fdf853c9b0171ed,boolean,09660f78c26cd56c08c7253ed21ba01fb246092f482ccd8acd8e6f9b6fd2d917:1|1b446e196b4d1752241c8ff689a31ea705e98ad0c16b9d343c303664f72b64a1:1,09660f78c26cd56c08c7253ed21ba01fb246092f482ccd8acd8e6f9b6fd2d917:1|1b446e196b4d1752241c8ff689a31ea705e98ad0c16b9d343c303664f72b64a1:1,09660f78c26cd56c08c7253ed21ba01fb246092f482ccd8acd8e6f9b6fd2d917:1|1b446e196b4d1752241c8ff689a31ea705e98ad0c16b9d343c303664f72b64a1:1,09660f78c26cd56c08c7253ed21ba01fb246092f482ccd8acd8e6f9b6fd2d917:1|1b446e196b4d1752241c8ff689a31ea705e98ad0c16b9d343c303664f72b64a1:1,09660f78c26cd56c08c7253ed21ba01fb246092f482ccd8acd8e6f9b6fd2d917:1|1b446e196b4d1752241c8ff689a31ea705e98ad0c16b9d343c303664f72b64a1:1,09660f78c26cd56c08c7253ed21ba01fb246092f482ccd8acd8e6f9b6fd2d917:1|1b446e196b4d1752241c8ff689a31ea705e98ad0c16b9d343c303664f72b64a1:1,09660f78c26cd56c08c7253ed21ba01fb246092f482ccd8acd8e6f9b6fd2d917:1|1b446e196b4d1752241c8ff689a31ea705e98ad0c16b9d343c303664f72b64a1:1,,,,1.000000000000,1.000000000000,1.000000000000,1.000000000000,hit
submission_e2e_20260424_solver_narrowing_no_guard,acd0ddc6715f2bccf5076dc47e6874a8ecb782dd10c0b162071f890ad96bef47,name,09660f78c26cd56c08c7253ed21ba01fb246092f482ccd8acd8e6f9b6fd2d917:2|6306079a16b1dec85690f75c715cdbd78b0685a3e19ee30250d481bc32f2e29a:2,09660f78c26cd56c08c7253ed21ba01fb246092f482ccd8acd8e6f9b6fd2d917:1|09660f78c26cd56c08c7253ed21ba01fb246092f482ccd8acd8e6f9b6fd2d917:2|09660f78c26cd56c08c7253ed21ba01fb246092f482ccd8acd8e6f9b6fd2d917:3|6306079a16b1dec85690f75c715cdbd78b0685a3e19ee30250d481bc32f2e29a:1|6306079a16b1dec85690f75c715cdbd78b0685a3e19ee30250d481bc32f2e29a:2|6306079a16b1dec85690f75c715cdbd78b0685a3e19ee30250d481bc32f2e29a:3,09660f78c26cd56c08c7253ed21ba01fb246092f482ccd8acd8e6f9b6fd2d917:1|09660f78c26cd56c08c7253ed21ba01fb246092f482ccd8acd8e6f9b6fd2d917:2|09660f78c26cd56c08c7253ed21ba01fb246092f482ccd8acd8e6f9b6fd2d917:3|6306079a16b1dec85690f75c715cdbd78b0685a3e19ee30250d481bc32f2e29a:1|6306079a16b1dec85690f75c715cdbd78b0685a3e19ee30250d481bc32f2e29a:2|6306079a16b1dec85690f75c715cdbd78b0685a3e19ee30250d481bc32f2e29a:3,09660f78c26cd56c08c7253ed21ba01fb246092f482ccd8acd8e6f9b6fd2d917:1|09660f78c26cd56c08c7253ed21ba01fb246092f482ccd8acd8e6f9b6fd2d917:2|09660f78c26cd56c08c7253ed21ba01fb246092f482ccd8acd8e6f9b6fd2d917:3|6306079a16b1dec85690f75c715cdbd78b0685a3e19ee30250d481bc32f2e29a:1|6306079a16b1dec85690f75c715cdbd78b0685a3e19ee30250d481bc32f2e29a:2|6306079a16b1dec85690f75c715cdbd78b0685a3e19ee30250d481bc32f2e29a:3,09660f78c26cd56c08c7253ed21ba01fb246092f482ccd8acd8e6f9b6fd2d917:2|6306079a16b1dec85690f75c715cdbd78b0685a3e19ee30250d481bc32f2e29a:2,09660f78c26cd56c08c7253ed21ba01fb246092f482ccd8acd8e6f9b6fd2d917:2|6306079a16b1dec85690f75c715cdbd78b0685a3e19ee30250d481bc32f2e29a:2,09660f78c26cd56c08c7253ed21ba01fb246092f482ccd8acd8e6f9b6fd2d917:2|6306079a16b1dec85690f75c715cdbd78b0685a3e19ee30250d481bc32f2e29a:2,,,,1.000000000000,1.000000000000,0.333333333333,0.783783783784,hit
submission_e2e_20260424_solver_narrowing_no_guard,436c12cc4eb26087bd1540f5d47825712632e90b4d5b2bca6c52e3b26151f874,free_text,1b446e196b4d1752241c8ff689a31ea705e98ad0c16b9d343c303664f72b64a1:2,1b446e196b4d1752241c8ff689a31ea705e98ad0c16b9d343c303664f72b64a1:1|1b446e196b4d1752241c8ff689a31ea705e98ad0c16b9d343c303664f72b64a1:2,1b446e196b4d1752241c8ff689a31ea705e98ad0c16b9d343c303664f72b64a1:1|1b446e196b4d1752241c8ff689a31ea705e98ad0c16b9d343c303664f72b64a1:2,1b446e196b4d1752241c8ff689a31ea705e98ad0c16b9d343c303664f72b64a1:1|1b446e196b4d1752241c8ff689a31ea705e98ad0c16b9d343c303664f72b64a1:2,1b446e196b4d1752241c8ff689a31ea705e98ad0c16b9d343c303664f72b64a1:2,1b446e196b4d1752241c8ff689a31ea705e98ad0c16b9d343c303664f72b64a1:2,1b446e196b4d1752241c8ff689a31ea705e98ad0c16b9d343c303664f72b64a1:2,,,,1.000000000000,1.000000000000,0.500000000000,0.878787878788,hit
submission_e2e_20260424_solver_narrowing_no_guard,4fa07316db9a19980de495d2190350cc4b494ae0ab741cda7784e895709719e1,name,3a574fc4f0baa5ec7ff0dcc822d7c55e4f9c493c24addc217c8df3d848c16fa5:1|443e04bc1a78940b3fcd5438d24b6c5f182a276d354a3108e738b193675de032:1,3a574fc4f0baa5ec7ff0dcc822d7c55e4f9c493c24addc217c8df3d848c16fa5:1|3a574fc4f0baa5ec7ff0dcc822d7c55e4f9c493c24addc217c8df3d848c16fa5:2|3a574fc4f0baa5ec7ff0dcc822d7c55e4f9c493c24addc217c8df3d848c16fa5:3|443e04bc1a78940b3fcd5438d24b6c5f182a276d354a3108e738b193675de032:1|443e04bc1a78940b3fcd5438d24b6c5f182a276d354a3108e738b193675de032:2|443e04bc1a78940b3fcd5438d24b6c5f182a276d354a3108e738b193675de032:3,3a574fc4f0baa5ec7ff0dcc822d7c55e4f9c493c24addc217c8df3d848c16fa5:1|3a574fc4f0baa5ec7ff0dcc822d7c55e4f9c493c24addc217c8df3d848c16fa5:2|3a574fc4f0baa5ec7ff0dcc822d7c55e4f9c493c24addc217c8df3d848c16fa5:3|443e04bc1a78940b3fcd5438d24b6c5f182a276d354a3108e738b193675de032:1|443e04bc1a78940b3fcd5438d24b6c5f182a276d354a3108e738b193675de032:2|443e04bc1a78940b3fcd5438d24b6c5f182a276d354a3108e738b193675de032:3,3a574fc4f0baa5ec7ff0dcc822d7c55e4f9c493c24addc217c8df3d848c16fa5:1|3a574fc4f0baa5ec7ff0dcc822d7c55e4f9c493c24addc217c8df3d848c16fa5:2|3a574fc4f0baa5ec7ff0dcc822d7c55e4f9c493c24addc217c8df3d848c16fa5:3|443e04bc1a78940b3fcd5438d24b6c5f182a276d354a3108e738b193675de032:1|443e04bc1a78940b3fcd5438d24b6c5f182a276d354a3108e738b193675de032:2|443e04bc1a78940b3fcd5438d24b6c5f182a276d354a3108e738b193675de032:3,3a574fc4f0baa5ec7ff0dcc822d7c55e4f9c493c24addc217c8df3d848c16fa5:1|443e04bc1a78940b3fcd5438d24b6c5f182a276d354a3108e738b193675de032:1,3a574fc4f0baa5ec7ff0dcc822d7c55e4f9c493c24addc217c8df3d848c16fa5:1|443e04bc1a78940b3fcd5438d24b6c5f182a276d354a3108e738b193675de032:1,3a574fc4f0baa5ec7ff0dcc822d7c55e4f9c493c24addc217c8df3d848c16fa5:1|443e04bc1a78940b3fcd5438d24b6c5f182a276d354a3108e738b193675de032:1,,,,1.000000000000,1.000000000000,0.333333333333,0.783783783784,hit
submission_e2e_20260424_solver_narrowing_no_guard,1a80e5dc69fb76a97c0ada049df2425c9f06de373bbb9ee5b39dbd1f12f85387,boolean,03b621728fe29eb6113fcdb57f6458d793fd2d5c5b833ae26d40f04a29c85359:1|437568a801115019fe8278385c0484bdf07ab86f9a499ecaba2b7969b37c764b:1|897ab23ed5a70034d3d708d871ad1da8bc7b6608d94b1ca46b5d578d985d3c13:1,03b621728fe29eb6113fcdb57f6458d793fd2d5c5b833ae26d40f04a29c85359:1|437568a801115019fe8278385c0484bdf07ab86f9a499ecaba2b7969b37c764b:1|897ab23ed5a70034d3d708d871ad1da8bc7b6608d94b1ca46b5d578d985d3c13:1,03b621728fe29eb6113fcdb57f6458d793fd2d5c5b833ae26d40f04a29c85359:1|437568a801115019fe8278385c0484bdf07ab86f9a499ecaba2b7969b37c764b:1|897ab23ed5a70034d3d708d871ad1da8bc7b6608d94b1ca46b5d578d985d3c13:1,03b621728fe29eb6113fcdb57f6458d793fd2d5c5b833ae26d40f04a29c85359:1|437568a801115019fe8278385c0484bdf07ab86f9a499ecaba2b7969b37c764b:1|897ab23ed5a70034d3d708d871ad1da8bc7b6608d94b1ca46b5d578d985d3c13:1,03b621728fe29eb6113fcdb57f6458d793fd2d5c5b833ae26d40f04a29c85359:1|437568a801115019fe8278385c0484bdf07ab86f9a499ecaba2b7969b37c764b:1|897ab23ed5a70034d3d708d871ad1da8bc7b6608d94b1ca46b5d578d985d3c13:1,03b621728fe29eb6113fcdb57f6458d793fd2d5c5b833ae26d40f04a29c85359:1|437568a801115019fe8278385c0484bdf07ab86f9a499ecaba2b7969b37c764b:1|897ab23ed5a70034d3d708d871ad1da8bc7b6608d94b1ca46b5d578d985d3c13:1,03b621728fe29eb6113fcdb57f6458d793fd2d5c5b833ae26d40f04a29c85359:1|437568a801115019fe8278385c0484bdf07ab86f9a499ecaba2b7969b37c764b:1|897ab23ed5a70034d3d708d871ad1da8bc7b6608d94b1ca46b5d578d985d3c13:1,,,,1.000000000000,1.000000000000,1.000000000000,1.000000000000,hit
submission_e2e_20260424_solver_narrowing_no_guard,9f9fb4b911d75c22f2c9a42bb852848ac45594179a7d0d126c8ef0ac8941b18d,boolean,09660f78c26cd56c08c7253ed21ba01fb246092f482ccd8acd8e6f9b6fd2d917:1|78ffe994cdc61ce6a2a6937c79fc52751bb5d2b4eaa4019f088fbccf70569c26:1,09660f78c26cd56c08c7253ed21ba01fb246092f482ccd8acd8e6f9b6fd2d917:1|78ffe994cdc61ce6a2a6937c79fc52751bb5d2b4eaa4019f088fbccf70569c26:1,09660f78c26cd56c08c7253ed21ba01fb246092f482ccd8acd8e6f9b6fd2d917:1|78ffe994cdc61ce6a2a6937c79fc52751bb5d2b4eaa4019f088fbccf70569c26:1,09660f78c26cd56c08c7253ed21ba01fb246092f482ccd8acd8e6f9b6fd2d917:1|78ffe994cdc61ce6a2a6937c79fc52751bb5d2b4eaa4019f088fbccf70569c26:1,09660f78c26cd56c08c7253ed21ba01fb246092f482ccd8acd8e6f9b6fd2d917:1|78ffe994cdc61ce6a2a6937c79fc52751bb5d2b4eaa4019f088fbccf70569c26:1,09660f78c26cd56c08c7253ed21ba01fb246092f482ccd8acd8e6f9b6fd2d917:1|78ffe994cdc61ce6a2a6937c79fc52751bb5d2b4eaa4019f088fbccf70569c26:1,09660f78c26cd56c08c7253ed21ba01fb246092f482ccd8acd8e6f9b6fd2d917:1|78ffe994cdc61ce6a2a6937c79fc52751bb5d2b4eaa4019f088fbccf70569c26:1,,,,1.000000000000,1.000000000000,1.000000000000,1.000000000000,hit
submission_e2e_20260424_solver_narrowing_no_guard,d374bee20e02f7f384e766dd792856c6457f99fc1491e5fee2e6cd50a4d856b7,boolean,5d3df6d69fac3ef91e13ac835b43a35e9e434fbc7e72ea5c01e288d69b66e6a2:1|6306079a16b1dec85690f75c715cdbd78b0685a3e19ee30250d481bc32f2e29a:1,5d3df6d69fac3ef91e13ac835b43a35e9e434fbc7e72ea5c01e288d69b66e6a2:1|6306079a16b1dec85690f75c715cdbd78b0685a3e19ee30250d481bc32f2e29a:1|6306079a16b1dec85690f75c715cdbd78b0685a3e19ee30250d481bc32f2e29a:6,5d3df6d69fac3ef91e13ac835b43a35e9e434fbc7e72ea5c01e288d69b66e6a2:1|6306079a16b1dec85690f75c715cdbd78b0685a3e19ee30250d481bc32f2e29a:1|6306079a16b1dec85690f75c715cdbd78b0685a3e19ee30250d481bc32f2e29a:6,5d3df6d69fac3ef91e13ac835b43a35e9e434fbc7e72ea5c01e288d69b66e6a2:1|6306079a16b1dec85690f75c715cdbd78b0685a3e19ee30250d481bc32f2e29a:1|6306079a16b1dec85690f75c715cdbd78b0685a3e19ee30250d481bc32f2e29a:6,5d3df6d69fac3ef91e13ac835b43a35e9e434fbc7e72ea5c01e288d69b66e6a2:1|6306079a16b1dec85690f75c715cdbd78b0685a3e19ee30250d481bc32f2e29a:1,5d3df6d69fac3ef91e13ac835b43a35e9e434fbc7e72ea5c01e288d69b66e6a2:1|6306079a16b1dec85690f75c715cdbd78b0685a3e19ee30250d481bc32f2e29a:1,5d3df6d69fac3ef91e13ac835b43a35e9e434fbc7e72ea5c01e288d69b66e6a2:1|6306079a16b1dec85690f75c715cdbd78b0685a3e19ee30250d481bc32f2e29a:1,,,,1.000000000000,1.000000000000,0.666666666667,0.935483870968,hit
submission_e2e_20260424_solver_narrowing_no_guard,8de44b7964cdde111c1a33ac4cc13948b7b4e14fd120351fcb5a5bfb2b2dfff0,name,09660f78c26cd56c08c7253ed21ba01fb246092f482ccd8acd8e6f9b6fd2d917:2|3a574fc4f0baa5ec7ff0dcc822d7c55e4f9c493c24addc217c8df3d848c16fa5:2,09660f78c26cd56c08c7253ed21ba01fb246092f482ccd8acd8e6f9b6fd2d917:1|09660f78c26cd56c08c7253ed21ba01fb246092f482ccd8acd8e6f9b6fd2d917:2|3a574fc4f0baa5ec7ff0dcc822d7c55e4f9c493c24addc217c8df3d848c16fa5:1|3a574fc4f0baa5ec7ff0dcc822d7c55e4f9c493c24addc217c8df3d848c16fa5:2,09660f78c26cd56c08c7253ed21ba01fb246092f482ccd8acd8e6f9b6fd2d917:1|09660f78c26cd56c08c7253ed21ba01fb246092f482ccd8acd8e6f9b6fd2d917:2|3a574fc4f0baa5ec7ff0dcc822d7c55e4f9c493c24addc217c8df3d848c16fa5:1|3a574fc4f0baa5ec7ff0dcc822d7c55e4f9c493c24addc217c8df3d848c16fa5:2,09660f78c26cd56c08c7253ed21ba01fb246092f482ccd8acd8e6f9b6fd2d917:1|09660f78c26cd56c08c7253ed21ba01fb246092f482ccd8acd8e6f9b6fd2d917:2|3a574fc4f0baa5ec7ff0dcc822d7c55e4f9c493c24addc217c8df3d848c16fa5:1|3a574fc4f0baa5ec7ff0dcc822d7c55e4f9c493c24addc217c8df3d848c16fa5:2,09660f78c26cd56c08c7253ed21ba01fb246092f482ccd8acd8e6f9b6fd2d917:2|3a574fc4f0baa5ec7ff0dcc822d7c55e4f9c493c24addc217c8df3d848c16fa5:2,09660f78c26cd56c08c7253ed21ba01fb246092f482ccd8acd8e6f9b6fd2d917:2|3a574fc4f0baa5ec7ff0dcc822d7c55e4f9c493c24addc217c8df3d848c16fa5:2,09660f78c26cd56c08c7253ed21ba01fb246092f482ccd8acd8e6f9b6fd2d917:2|3a574fc4f0baa5ec7ff0dcc822d7c55e4f9c493c24addc217c8df3d848c16fa5:2,,,,1.000000000000,1.000000000000,0.500000000000,0.878787878788,hit
submission_e2e_20260424_solver_narrowing_no_guard,a8813f8f56099bd156b5fe797cc44b061d2a54fb69ca2e748ffb7cc462eaa85e,name,443e04bc1a78940b3fcd5438d24b6c5f182a276d354a3108e738b193675de032:1|6248961b681ea0deb189f354be0c8286f35974dcdb211c13c921c3dd0e566a6e:1,443e04bc1a78940b3fcd5438d24b6c5f182a276d354a3108e738b193675de032:1|443e04bc1a78940b3fcd5438d24b6c5f182a276d354a3108e738b193675de032:2|443e04bc1a78940b3fcd5438d24b6c5f182a276d354a3108e738b193675de032:3|6248961b681ea0deb189f354be0c8286f35974dcdb211c13c921c3dd0e566a6e:1|6248961b681ea0deb189f354be0c8286f35974dcdb211c13c921c3dd0e566a6e:2|6248961b681ea0deb189f354be0c8286f35974dcdb211c13c921c3dd0e566a6e:3,443e04bc1a78940b3fcd5438d24b6c5f182a276d354a3108e738b193675de032:1|443e04bc1a78940b3fcd5438d24b6c5f182a276d354a3108e738b193675de032:2|443e04bc1a78940b3fcd5438d24b6c5f182a276d354a3108e738b193675de032:3|6248961b681ea0deb189f354be0c8286f35974dcdb211c13c921c3dd0e566a6e:1|6248961b681ea0deb189f354be0c8286f35974dcdb211c13c921c3dd0e566a6e:2|6248961b681ea0deb189f354be0c8286f35974dcdb211c13c921c3dd0e566a6e:3,443e04bc1a78940b3fcd5438d24b6c5f182a276d354a3108e738b193675de032:2|6248961b681ea0deb189f354be0c8286f35974dcdb211c13c921c3dd0e566a6e:1|6248961b681ea0deb189f354be0c8286f35974dcdb211c13c921c3dd0e566a6e:2|6248961b681ea0deb189f354be0c8286f35974dcdb211c13c921c3dd0e566a6e:3,443e04bc1a78940b3fcd5438d24b6c5f182a276d354a3108e738b193675de032:1|6248961b681ea0deb189f354be0c8286f35974dcdb211c13c921c3dd0e566a6e:1,443e04bc1a78940b3fcd5438d24b6c5f182a276d354a3108e738b193675de032:1|6248961b681ea0deb189f354be0c8286f35974dcdb211c13c921c3dd0e566a6e:1,6248961b681ea0deb189f354be0c8286f35974dcdb211c13c921c3dd0e566a6e:1,,,443e04bc1a78940b3fcd5438d24b6c5f182a276d354a3108e738b193675de032:1,1.000000000000,1.000000000000,0.250000000000,0.439393939394,hit
submission_e2e_20260424_solver_narrowing_no_guard,fcabd6aa14e2df4b7ca00fa516a70eba6de58b74dfde30270e3fe3eec6d1da7a,free_text,22442c5ee999e2519c68de908be511875a84f2b810ed540c2dcfcbcc65031434:1|302a0bd8d67775e8dc5960ecec7879be566300d8b32c4b0153ba15ebdb279425:1|33bc02044716acdfedb164b065bdaec098aaadcae863c591f9931c88e7307d16:1|4e387152960c1029b3711cacb05b287b13c977bc61f2558059a62b7b427a62eb:1|536bbce854b9406cc22697e04fcdabd645e030c0e55b918252643b00e0b2b25f:1|b82ac8228e051d96bf8d706d3251893ebff1c9457b066fce3b7cb99af956f2a7:1|fbdd7f9dd299d83b1f398778da2e6765dfaaed62005667264734a1f76ec09071:1|ff746f7b583490a80ba104361c0a82a1ebbf7ed9097cd03dc49d744cb5057761:1,22442c5ee999e2519c68de908be511875a84f2b810ed540c2dcfcbcc65031434:1|33bc02044716acdfedb164b065bdaec098aaadcae863c591f9931c88e7307d16:1|4e387152960c1029b3711cacb05b287b13c977bc61f2558059a62b7b427a62eb:1|536bbce854b9406cc22697e04fcdabd645e030c0e55b918252643b00e0b2b25f:1|b82ac8228e051d96bf8d706d3251893ebff1c9457b066fce3b7cb99af956f2a7:1|fbdd7f9dd299d83b1f398778da2e6765dfaaed62005667264734a1f76ec09071:1,22442c5ee999e2519c68de908be511875a84f2b810ed540c2dcfcbcc65031434:1|33bc02044716acdfedb164b065bdaec098aaadcae863c591f9931c88e7307d16:1|4e387152960c1029b3711cacb05b287b13c977bc61f2558059a62b7b427a62eb:1|536bbce854b9406cc22697e04fcdabd645e030c0e55b918252643b00e0b2b25f:1|b82ac8228e051d96bf8d706d3251893ebff1c9457b066fce3b7cb99af956f2a7:1|fbdd7f9dd299d83b1f398778da2e6765dfaaed62005667264734a1f76ec09071:1,22442c5ee999e2519c68de908be511875a84f2b810ed540c2dcfcbcc65031434:1|33bc02044716acdfedb164b065bdaec098aaadcae863c591f9931c88e7307d16:1|4e387152960c1029b3711cacb05b287b13c977bc61f2558059a62b7b427a62eb:1|536bbce854b9406cc22697e04fcdabd645e030c0e55b918252643b00e0b2b25f:1|b82ac8228e051d96bf8d706d3251893ebff1c9457b066fce3b7cb99af956f2a7:1|fbdd7f9dd299d83b1f398778da2e6765dfaaed62005667264734a1f76ec09071:1,22442c5ee999e2519c68de908be511875a84f2b810ed540c2dcfcbcc65031434:1|33bc02044716acdfedb164b065bdaec098aaadcae863c591f9931c88e7307d16:1|4e387152960c1029b3711cacb05b287b13c977bc61f2558059a62b7b427a62eb:1|536bbce854b9406cc22697e04fcdabd645e030c0e55b918252643b00e0b2b25f:1|b82ac8228e051d96bf8d706d3251893ebff1c9457b066fce3b7cb99af956f2a7:1|fbdd7f9dd299d83b1f398778da2e6765dfaaed62005667264734a1f76ec09071:1,22442c5ee999e2519c68de908be511875a84f2b810ed540c2dcfcbcc65031434:1|33bc02044716acdfedb164b065bdaec098aaadcae863c591f9931c88e7307d16:1|4e387152960c1029b3711cacb05b287b13c977bc61f2558059a62b7b427a62eb:1|536bbce854b9406cc22697e04fcdabd645e030c0e55b918252643b00e0b2b25f:1|b82ac8228e051d96bf8d706d3251893ebff1c9457b066fce3b7cb99af956f2a7:1|fbdd7f9dd299d83b1f398778da2e6765dfaaed62005667264734a1f76ec09071:1,22442c5ee999e2519c68de908be511875a84f2b810ed540c2dcfcbcc65031434:1|33bc02044716acdfedb164b065bdaec098aaadcae863c591f9931c88e7307d16:1|4e387152960c1029b3711cacb05b287b13c977bc61f2558059a62b7b427a62eb:1|536bbce854b9406cc22697e04fcdabd645e030c0e55b918252643b00e0b2b25f:1|b82ac8228e051d96bf8d706d3251893ebff1c9457b066fce3b7cb99af956f2a7:1|fbdd7f9dd299d83b1f398778da2e6765dfaaed62005667264734a1f76ec09071:1,302a0bd8d67775e8dc5960ecec7879be566300d8b32c4b0153ba15ebdb279425:1|ff746f7b583490a80ba104361c0a82a1ebbf7ed9097cd03dc49d744cb5057761:1,302a0bd8d67775e8dc5960ecec7879be566300d8b32c4b0153ba15ebdb279425:1|ff746f7b583490a80ba104361c0a82a1ebbf7ed9097cd03dc49d744cb5057761:1,302a0bd8d67775e8dc5960ecec7879be566300d8b32c4b0153ba15ebdb279425:1|ff746f7b583490a80ba104361c0a82a1ebbf7ed9097cd03dc49d744cb5057761:1,0.750000000000,0.750000000000,1.000000000000,0.776785714286,hit
submission_e2e_20260424_solver_narrowing_no_guard,e59a0dc49c291402ead91342b065bc4e9ded0043d126f73dd00ba6045aae46b7,number,33bc02044716acdfedb164b065bdaec098aaadcae863c591f9931c88e7307d16:7,33bc02044716acdfedb164b065bdaec098aaadcae863c591f9931c88e7307d16:7|33bc02044716acdfedb164b065bdaec098aaadcae863c591f9931c88e7307d16:29,33bc02044716acdfedb164b065bdaec098aaadcae863c591f9931c88e7307d16:7|33bc02044716acdfedb164b065bdaec098aaadcae863c591f9931c88e7307d16:29,33bc02044716acdfedb164b065bdaec098aaadcae863c591f9931c88e7307d16:7,33bc02044716acdfedb164b065bdaec098aaadcae863c591f9931c88e7307d16:7,33bc02044716acdfedb164b065bdaec098aaadcae863c591f9931c88e7307d16:7,33bc02044716acdfedb164b065bdaec098aaadcae863c591f9931c88e7307d16:7,,,,1.000000000000,1.000000000000,1.000000000000,1.000000000000,hit
submission_e2e_20260424_solver_narrowing_no_guard,359f1c315f2ac48e6b34ecfa503c6b9c892365985b363dc9a4e3c85563550d05,name,58eae81bf668e7f6c58619f419a49b5e35e2e5c9c7475475ace28ec562580545:1,58eae81bf668e7f6c58619f419a49b5e35e2e5c9c7475475ace28ec562580545:1|58eae81bf668e7f6c58619f419a49b5e35e2e5c9c7475475ace28ec562580545:2,58eae81bf668e7f6c58619f419a49b5e35e2e5c9c7475475ace28ec562580545:1|58eae81bf668e7f6c58619f419a49b5e35e2e5c9c7475475ace28ec562580545:2,58eae81bf668e7f6c58619f419a49b5e35e2e5c9c7475475ace28ec562580545:1|58eae81bf668e7f6c58619f419a49b5e35e2e5c9c7475475ace28ec562580545:2,58eae81bf668e7f6c58619f419a49b5e35e2e5c9c7475475ace28ec562580545:1,58eae81bf668e7f6c58619f419a49b5e35e2e5c9c7475475ace28ec562580545:1,58eae81bf668e7f6c58619f419a49b5e35e2e5c9c7475475ace28ec562580545:1,,,,1.000000000000,1.000000000000,0.500000000000,0.878787878788,hit
submission_e2e_20260424_solver_narrowing_no_guard,2fc105ec9d11e361b057e8ce21245fbc01f14cefe5ccddada9d7541c952106d2,number,33bc02044716acdfedb164b065bdaec098aaadcae863c591f9931c88e7307d16:14,33bc02044716acdfedb164b065bdaec098aaadcae863c591f9931c88e7307d16:14|33bc02044716acdfedb164b065bdaec098aaadcae863c591f9931c88e7307d16:36,33bc02044716acdfedb164b065bdaec098aaadcae863c591f9931c88e7307d16:14|33bc02044716acdfedb164b065bdaec098aaadcae863c591f9931c88e7307d16:36,33bc02044716acdfedb164b065bdaec098aaadcae863c591f9931c88e7307d16:14,33bc02044716acdfedb164b065bdaec098aaadcae863c591f9931c88e7307d16:14,33bc02044716acdfedb164b065bdaec098aaadcae863c591f9931c88e7307d16:14,33bc02044716acdfedb164b065bdaec098aaadcae863c591f9931c88e7307d16:14,,,,1.000000000000,1.000000000000,1.000000000000,1.000000000000,hit
submission_e2e_20260424_solver_narrowing_no_guard,b667804a5541a24d40f211b3febc69fa5e633d52a08baf9ce6735832ea4e5ec1,boolean,1b446e196b4d1752241c8ff689a31ea705e98ad0c16b9d343c303664f72b64a1:1|3f8a5ea0e051ba3af7a02da340c911fe0970ebece6c852c3e61a10c00cac6d6e:1|839de9798f377492eee68f82b202d7cd3544be83d799f6226a02f3678c9bb914:1,1b446e196b4d1752241c8ff689a31ea705e98ad0c16b9d343c303664f72b64a1:1|3f8a5ea0e051ba3af7a02da340c911fe0970ebece6c852c3e61a10c00cac6d6e:1,1b446e196b4d1752241c8ff689a31ea705e98ad0c16b9d343c303664f72b64a1:1|3f8a5ea0e051ba3af7a02da340c911fe0970ebece6c852c3e61a10c00cac6d6e:1,1b446e196b4d1752241c8ff689a31ea705e98ad0c16b9d343c303664f72b64a1:1|3f8a5ea0e051ba3af7a02da340c911fe0970ebece6c852c3e61a10c00cac6d6e:1,1b446e196b4d1752241c8ff689a31ea705e98ad0c16b9d343c303664f72b64a1:1|3f8a5ea0e051ba3af7a02da340c911fe0970ebece6c852c3e61a10c00cac6d6e:1,1b446e196b4d1752241c8ff689a31ea705e98ad0c16b9d343c303664f72b64a1:1|3f8a5ea0e051ba3af7a02da340c911fe0970ebece6c852c3e61a10c00cac6d6e:1,1b446e196b4d1752241c8ff689a31ea705e98ad0c16b9d343c303664f72b64a1:1|3f8a5ea0e051ba3af7a02da340c911fe0970ebece6c852c3e61a10c00cac6d6e:1,839de9798f377492eee68f82b202d7cd3544be83d799f6226a02f3678c9bb914:1,839de9798f377492eee68f82b202d7cd3544be83d799f6226a02f3678c9bb914:1,839de9798f377492eee68f82b202d7cd3544be83d799f6226a02f3678c9bb914:1,0.666666666667,0.666666666667,1.000000000000,0.698795180723,hit
submission_e2e_20260424_solver_narrowing_no_guard,b1d0245bb7c71b42f08a4cdbec612a56715295223472ac5a45af31811ada2f3b,boolean,72ea171147bf30326fe6fd2e6798f607c7cef4bf9d43761dbccd2f1b6a356849:7,72ea171147bf30326fe6fd2e6798f607c7cef4bf9d43761dbccd2f1b6a356849:7|72ea171147bf30326fe6fd2e6798f607c7cef4bf9d43761dbccd2f1b6a356849:33,72ea171147bf30326fe6fd2e6798f607c7cef4bf9d43761dbccd2f1b6a356849:7|72ea171147bf30326fe6fd2e6798f607c7cef4bf9d43761dbccd2f1b6a356849:33,72ea171147bf30326fe6fd2e6798f607c7cef4bf9d43761dbccd2f1b6a356849:7,72ea171147bf30326fe6fd2e6798f607c7cef4bf9d43761dbccd2f1b6a356849:7,72ea171147bf30326fe6fd2e6798f607c7cef4bf9d43761dbccd2f1b6a356849:7,72ea171147bf30326fe6fd2e6798f607c7cef4bf9d43761dbccd2f1b6a356849:7,,,,1.000000000000,1.000000000000,1.000000000000,1.000000000000,hit
submission_e2e_20260424_solver_narrowing_no_guard,ad7357a7eb955085f6438dfcaf44324de7fcf88da86c846242e173eacdeebfda,free_text,3a574fc4f0baa5ec7ff0dcc822d7c55e4f9c493c24addc217c8df3d848c16fa5:2,3a574fc4f0baa5ec7ff0dcc822d7c55e4f9c493c24addc217c8df3d848c16fa5:1|3a574fc4f0baa5ec7ff0dcc822d7c55e4f9c493c24addc217c8df3d848c16fa5:2,3a574fc4f0baa5ec7ff0dcc822d7c55e4f9c493c24addc217c8df3d848c16fa5:1|3a574fc4f0baa5ec7ff0dcc822d7c55e4f9c493c24addc217c8df3d848c16fa5:2,3a574fc4f0baa5ec7ff0dcc822d7c55e4f9c493c24addc217c8df3d848c16fa5:1|3a574fc4f0baa5ec7ff0dcc822d7c55e4f9c493c24addc217c8df3d848c16fa5:2,3a574fc4f0baa5ec7ff0dcc822d7c55e4f9c493c24addc217c8df3d848c16fa5:2,3a574fc4f0baa5ec7ff0dcc822d7c55e4f9c493c24addc217c8df3d848c16fa5:2,3a574fc4f0baa5ec7ff0dcc822d7c55e4f9c493c24addc217c8df3d848c16fa5:2,,,,1.000000000000,1.000000000000,0.500000000000,0.878787878788,hit
submission_e2e_20260424_solver_narrowing_no_guard,0aba04f64851d1419be984476f91f278e6ada2d6c536fd119d7ab37a8ed06593,boolean,6306079a16b1dec85690f75c715cdbd78b0685a3e19ee30250d481bc32f2e29a:1|897ab23ed5a70034d3d708d871ad1da8bc7b6608d94b1ca46b5d578d985d3c13:1,6306079a16b1dec85690f75c715cdbd78b0685a3e19ee30250d481bc32f2e29a:1|897ab23ed5a70034d3d708d871ad1da8bc7b6608d94b1ca46b5d578d985d3c13:1,6306079a16b1dec85690f75c715cdbd78b0685a3e19ee30250d481bc32f2e29a:1|897ab23ed5a70034d3d708d871ad1da8bc7b6608d94b1ca46b5d578d985d3c13:1,6306079a16b1dec85690f75c715cdbd78b0685a3e19ee30250d481bc32f2e29a:1|897ab23ed5a70034d3d708d871ad1da8bc7b6608d94b1ca46b5d578d985d3c13:1,6306079a16b1dec85690f75c715cdbd78b0685a3e19ee30250d481bc32f2e29a:1|897ab23ed5a70034d3d708d871ad1da8bc7b6608d94b1ca46b5d578d985d3c13:1,6306079a16b1dec85690f75c715cdbd78b0685a3e19ee30250d481bc32f2e29a:1|897ab23ed5a70034d3d708d871ad1da8bc7b6608d94b1ca46b5d578d985d3c13:1,6306079a16b1dec85690f75c715cdbd78b0685a3e19ee30250d481bc32f2e29a:1|897ab23ed5a70034d3d708d871ad1da8bc7b6608d94b1ca46b5d578d985d3c13:1,,,,1.000000000000,1.000000000000,1.000000000000,1.000000000000,hit
submission_e2e_20260424_solver_narrowing_no_guard,9596fb754439e6752034890c1272a2df7c0f9000db7d186db21aa232a253fca4,free_text,fbdd7f9dd299d83b1f398778da2e6765dfaaed62005667264734a1f76ec09071:3,fbdd7f9dd299d83b1f398778da2e6765dfaaed62005667264734a1f76ec09071:3|fbdd7f9dd299d83b1f398778da2e6765dfaaed62005667264734a1f76ec09071:16,fbdd7f9dd299d83b1f398778da2e6765dfaaed62005667264734a1f76ec09071:3|fbdd7f9dd299d83b1f398778da2e6765dfaaed62005667264734a1f76ec09071:16,fbdd7f9dd299d83b1f398778da2e6765dfaaed62005667264734a1f76ec09071:3|fbdd7f9dd299d83b1f398778da2e6765dfaaed62005667264734a1f76ec09071:16,fbdd7f9dd299d83b1f398778da2e6765dfaaed62005667264734a1f76ec09071:3,fbdd7f9dd299d83b1f398778da2e6765dfaaed62005667264734a1f76ec09071:3,fbdd7f9dd299d83b1f398778da2e6765dfaaed62005667264734a1f76ec09071:3,,,,1.000000000000,1.000000000000,0.500000000000,0.878787878788,hit
submission_e2e_20260424_solver_narrowing_no_guard,9f48d8eca6d10cf26f60226078f0d9cb32d3aa2fd25c90c312549cb6265ebd84,free_text,536bbce854b9406cc22697e04fcdabd645e030c0e55b918252643b00e0b2b25f:3,536bbce854b9406cc22697e04fcdabd645e030c0e55b918252643b00e0b2b25f:3|536bbce854b9406cc22697e04fcdabd645e030c0e55b918252643b00e0b2b25f:20,536bbce854b9406cc22697e04fcdabd645e030c0e55b918252643b00e0b2b25f:3|536bbce854b9406cc22697e04fcdabd645e030c0e55b918252643b00e0b2b25f:20,536bbce854b9406cc22697e04fcdabd645e030c0e55b918252643b00e0b2b25f:3|536bbce854b9406cc22697e04fcdabd645e030c0e55b918252643b00e0b2b25f:20,536bbce854b9406cc22697e04fcdabd645e030c0e55b918252643b00e0b2b25f:3,536bbce854b9406cc22697e04fcdabd645e030c0e55b918252643b00e0b2b25f:3,536bbce854b9406cc22697e04fcdabd645e030c0e55b918252643b00e0b2b25f:3,,,,1.000000000000,1.000000000000,0.500000000000,0.878787878788,hit
submission_e2e_20260424_solver_narrowing_no_guard,802d12a65530cd728da4c2f4430275488285ced247123431a905f8d525e80ede,boolean,58eae81bf668e7f6c58619f419a49b5e35e2e5c9c7475475ace28ec562580545:2,58eae81bf668e7f6c58619f419a49b5e35e2e5c9c7475475ace28ec562580545:1|58eae81bf668e7f6c58619f419a49b5e35e2e5c9c7475475ace28ec562580545:2,58eae81bf668e7f6c58619f419a49b5e35e2e5c9c7475475ace28ec562580545:1|58eae81bf668e7f6c58619f419a49b5e35e2e5c9c7475475ace28ec562580545:2,58eae81bf668e7f6c58619f419a49b5e35e2e5c9c7475475ace28ec562580545:1|58eae81bf668e7f6c58619f419a49b5e35e2e5c9c7475475ace28ec562580545:2,58eae81bf668e7f6c58619f419a49b5e35e2e5c9c7475475ace28ec562580545:2,58eae81bf668e7f6c58619f419a49b5e35e2e5c9c7475475ace28ec562580545:2,58eae81bf668e7f6c58619f419a49b5e35e2e5c9c7475475ace28ec562580545:2,,,,1.000000000000,1.000000000000,0.500000000000,0.878787878788,hit
submission_e2e_20260424_solver_narrowing_no_guard,84ef7f354a41168e99812515cd775297b36c35a541c5b8eb1978be771554b546,number,33bc02044716acdfedb164b065bdaec098aaadcae863c591f9931c88e7307d16:8,33bc02044716acdfedb164b065bdaec098aaadcae863c591f9931c88e7307d16:8|33bc02044716acdfedb164b065bdaec098aaadcae863c591f9931c88e7307d16:42,33bc02044716acdfedb164b065bdaec098aaadcae863c591f9931c88e7307d16:8|33bc02044716acdfedb164b065bdaec098aaadcae863c591f9931c88e7307d16:42,33bc02044716acdfedb164b065bdaec098aaadcae863c591f9931c88e7307d16:8,33bc02044716acdfedb164b065bdaec098aaadcae863c591f9931c88e7307d16:8,33bc02044716acdfedb164b065bdaec098aaadcae863c591f9931c88e7307d16:8,33bc02044716acdfedb164b065bdaec098aaadcae863c591f9931c88e7307d16:8,,,,1.000000000000,1.000000000000,1.000000000000,1.000000000000,hit
submission_e2e_20260424_solver_narrowing_no_guard,5046b4e3fa11a42090ae0cef08c4cd64a1c8761955eb711db396f7fb1634ea86,name,bd2d222ee0a636a745434cfb457321cd658db5bb32b5f0a3f5643236cc1503d8:2,bd2d222ee0a636a745434cfb457321cd658db5bb32b5f0a3f5643236cc1503d8:1|bd2d222ee0a636a745434cfb457321cd658db5bb32b5f0a3f5643236cc1503d8:2,bd2d222ee0a636a745434cfb457321cd658db5bb32b5f0a3f5643236cc1503d8:1|bd2d222ee0a636a745434cfb457321cd658db5bb32b5f0a3f5643236cc1503d8:2,bd2d222ee0a636a745434cfb457321cd658db5bb32b5f0a3f5643236cc1503d8:1|bd2d222ee0a636a745434cfb457321cd658db5bb32b5f0a3f5643236cc1503d8:2,bd2d222ee0a636a745434cfb457321cd658db5bb32b5f0a3f5643236cc1503d8:2,bd2d222ee0a636a745434cfb457321cd658db5bb32b5f0a3f5643236cc1503d8:2,bd2d222ee0a636a745434cfb457321cd658db5bb32b5f0a3f5643236cc1503d8:2,,,,1.000000000000,1.000000000000,0.500000000000,0.878787878788,hit
submission_e2e_20260424_solver_narrowing_no_guard,042ddf2ed161068fab8072f16e01a15e11da9d741d207bfc0185e5133a810193,boolean,ff746f7b583490a80ba104361c0a82a1ebbf7ed9097cd03dc49d744cb5057761:3,ff746f7b583490a80ba104361c0a82a1ebbf7ed9097cd03dc49d744cb5057761:1|ff746f7b583490a80ba104361c0a82a1ebbf7ed9097cd03dc49d744cb5057761:3,ff746f7b583490a80ba104361c0a82a1ebbf7ed9097cd03dc49d744cb5057761:1|ff746f7b583490a80ba104361c0a82a1ebbf7ed9097cd03dc49d744cb5057761:3,ff746f7b583490a80ba104361c0a82a1ebbf7ed9097cd03dc49d744cb5057761:1|ff746f7b583490a80ba104361c0a82a1ebbf7ed9097cd03dc49d744cb5057761:3,ff746f7b583490a80ba104361c0a82a1ebbf7ed9097cd03dc49d744cb5057761:3,ff746f7b583490a80ba104361c0a82a1ebbf7ed9097cd03dc49d744cb5057761:3,ff746f7b583490a80ba104361c0a82a1ebbf7ed9097cd03dc49d744cb5057761:3,,,,1.000000000000,1.000000000000,0.500000000000,0.878787878788,hit
submission_e2e_20260424_solver_narrowing_no_guard,e14ad296801b3fb6855a3a9338f1e9b8e2d1bfb05c99682a3cf4f9140b49b17b,boolean,4e387152960c1029b3711cacb05b287b13c977bc61f2558059a62b7b427a62eb:6,4e387152960c1029b3711cacb05b287b13c977bc61f2558059a62b7b427a62eb:6,4e387152960c1029b3711cacb05b287b13c977bc61f2558059a62b7b427a62eb:6,4e387152960c1029b3711cacb05b287b13c977bc61f2558059a62b7b427a62eb:6,4e387152960c1029b3711cacb05b287b13c977bc61f2558059a62b7b427a62eb:6,4e387152960c1029b3711cacb05b287b13c977bc61f2558059a62b7b427a62eb:6,4e387152960c1029b3711cacb05b287b13c977bc61f2558059a62b7b427a62eb:6,,,,1.000000000000,1.000000000000,1.000000000000,1.000000000000,hit
submission_e2e_20260424_solver_narrowing_no_guard,f33177fc2ed5b35033bfa1c7f9fc5d7a3776feb10b498c375cdcb40e0c53ffbf,boolean,6306079a16b1dec85690f75c715cdbd78b0685a3e19ee30250d481bc32f2e29a:1|78ffe994cdc61ce6a2a6937c79fc52751bb5d2b4eaa4019f088fbccf70569c26:1,6306079a16b1dec85690f75c715cdbd78b0685a3e19ee30250d481bc32f2e29a:1|78ffe994cdc61ce6a2a6937c79fc52751bb5d2b4eaa4019f088fbccf70569c26:1,6306079a16b1dec85690f75c715cdbd78b0685a3e19ee30250d481bc32f2e29a:1|78ffe994cdc61ce6a2a6937c79fc52751bb5d2b4eaa4019f088fbccf70569c26:1,6306079a16b1dec85690f75c715cdbd78b0685a3e19ee30250d481bc32f2e29a:1|78ffe994cdc61ce6a2a6937c79fc52751bb5d2b4eaa4019f088fbccf70569c26:1,6306079a16b1dec85690f75c715cdbd78b0685a3e19ee30250d481bc32f2e29a:1|78ffe994cdc61ce6a2a6937c79fc52751bb5d2b4eaa4019f088fbccf70569c26:1,6306079a16b1dec85690f75c715cdbd78b0685a3e19ee30250d481bc32f2e29a:1|78ffe994cdc61ce6a2a6937c79fc52751bb5d2b4eaa4019f088fbccf70569c26:1,6306079a16b1dec85690f75c715cdbd78b0685a3e19ee30250d481bc32f2e29a:1|78ffe994cdc61ce6a2a6937c79fc52751bb5d2b4eaa4019f088fbccf70569c26:1,,,,1.000000000000,1.000000000000,1.000000000000,1.000000000000,hit
submission_e2e_20260424_solver_narrowing_no_guard,f29159d38bf494e330b32f03507df593d5869a129796a3b7f6efe14fd1b1a0a5,free_text,33bc02044716acdfedb164b065bdaec098aaadcae863c591f9931c88e7307d16:8,33bc02044716acdfedb164b065bdaec098aaadcae863c591f9931c88e7307d16:8|33bc02044716acdfedb164b065bdaec098aaadcae863c591f9931c88e7307d16:11,33bc02044716acdfedb164b065bdaec098aaadcae863c591f9931c88e7307d16:8|33bc02044716acdfedb164b065bdaec098aaadcae863c591f9931c88e7307d16:11,33bc02044716acdfedb164b065bdaec098aaadcae863c591f9931c88e7307d16:8|33bc02044716acdfedb164b065bdaec098aaadcae863c591f9931c88e7307d16:11,33bc02044716acdfedb164b065bdaec098aaadcae863c591f9931c88e7307d16:8,33bc02044716acdfedb164b065bdaec098aaadcae863c591f9931c88e7307d16:8,33bc02044716acdfedb164b065bdaec098aaadcae863c591f9931c88e7307d16:8,,,,1.000000000000,1.000000000000,0.500000000000,0.878787878788,hit
submission_e2e_20260424_solver_narrowing_no_guard,2e8b251fd560f4446bfc9c5fa4b83ecbce69d650a8fd00fc9815c1fb34a764ad,boolean,0471e83c1ea18086cfb6b3ff51da6f22b0efee337f10315b2593f782297ccb84:1|6248961b681ea0deb189f354be0c8286f35974dcdb211c13c921c3dd0e566a6e:1|62930da32fa3172edf2f2bbf3da268455bd99a7b5fab34d72358730d8cd5da30:1|c98c1475692bc22f4abab6a7a7d7969467c94e46a7e68919aaf127179ebf3f54:1,0471e83c1ea18086cfb6b3ff51da6f22b0efee337f10315b2593f782297ccb84:1|6248961b681ea0deb189f354be0c8286f35974dcdb211c13c921c3dd0e566a6e:1|62930da32fa3172edf2f2bbf3da268455bd99a7b5fab34d72358730d8cd5da30:1|c98c1475692bc22f4abab6a7a7d7969467c94e46a7e68919aaf127179ebf3f54:1,0471e83c1ea18086cfb6b3ff51da6f22b0efee337f10315b2593f782297ccb84:1|6248961b681ea0deb189f354be0c8286f35974dcdb211c13c921c3dd0e566a6e:1|62930da32fa3172edf2f2bbf3da268455bd99a7b5fab34d72358730d8cd5da30:1|c98c1475692bc22f4abab6a7a7d7969467c94e46a7e68919aaf127179ebf3f54:1,0471e83c1ea18086cfb6b3ff51da6f22b0efee337f10315b2593f782297ccb84:1|6248961b681ea0deb189f354be0c8286f35974dcdb211c13c921c3dd0e566a6e:1|62930da32fa3172edf2f2bbf3da268455bd99a7b5fab34d72358730d8cd5da30:1|c98c1475692bc22f4abab6a7a7d7969467c94e46a7e68919aaf127179ebf3f54:1,0471e83c1ea18086cfb6b3ff51da6f22b0efee337f10315b2593f782297ccb84:1|6248961b681ea0deb189f354be0c8286f35974dcdb211c13c921c3dd0e566a6e:1|62930da32fa3172edf2f2bbf3da268455bd99a7b5fab34d72358730d8cd5da30:1|c98c1475692bc22f4abab6a7a7d7969467c94e46a7e68919aaf127179ebf3f54:1,0471e83c1ea18086cfb6b3ff51da6f22b0efee337f10315b2593f782297ccb84:1|6248961b681ea0deb189f354be0c8286f35974dcdb211c13c921c3dd0e566a6e:1|62930da32fa3172edf2f2bbf3da268455bd99a7b5fab34d72358730d8cd5da30:1|c98c1475692bc22f4abab6a7a7d7969467c94e46a7e68919aaf127179ebf3f54:1,0471e83c1ea18086cfb6b3ff51da6f22b0efee337f10315b2593f782297ccb84:1|6248961b681ea0deb189f354be0c8286f35974dcdb211c13c921c3dd0e566a6e:1|62930da32fa3172edf2f2bbf3da268455bd99a7b5fab34d72358730d8cd5da30:1|c98c1475692bc22f4abab6a7a7d7969467c94e46a7e68919aaf127179ebf3f54:1,,,,1.000000000000,1.000000000000,1.000000000000,1.000000000000,hit
submission_e2e_20260424_solver_narrowing_no_guard,fa672c84261a575ba49aba560b6a00c5d944ab9373b764c743d79821658e0052,free_text,6248961b681ea0deb189f354be0c8286f35974dcdb211c13c921c3dd0e566a6e:7,6248961b681ea0deb189f354be0c8286f35974dcdb211c13c921c3dd0e566a6e:1|6248961b681ea0deb189f354be0c8286f35974dcdb211c13c921c3dd0e566a6e:2|6248961b681ea0deb189f354be0c8286f35974dcdb211c13c921c3dd0e566a6e:7,6248961b681ea0deb189f354be0c8286f35974dcdb211c13c921c3dd0e566a6e:1|6248961b681ea0deb189f354be0c8286f35974dcdb211c13c921c3dd0e566a6e:2|6248961b681ea0deb189f354be0c8286f35974dcdb211c13c921c3dd0e566a6e:7,6248961b681ea0deb189f354be0c8286f35974dcdb211c13c921c3dd0e566a6e:1|6248961b681ea0deb189f354be0c8286f35974dcdb211c13c921c3dd0e566a6e:2|6248961b681ea0deb189f354be0c8286f35974dcdb211c13c921c3dd0e566a6e:7,6248961b681ea0deb189f354be0c8286f35974dcdb211c13c921c3dd0e566a6e:7,6248961b681ea0deb189f354be0c8286f35974dcdb211c13c921c3dd0e566a6e:7,6248961b681ea0deb189f354be0c8286f35974dcdb211c13c921c3dd0e566a6e:7,,,,1.000000000000,1.000000000000,0.333333333333,0.783783783784,hit
submission_e2e_20260424_solver_narrowing_no_guard,7aae865f328e2012c31b41b6e2cccac715c14df5b56ec548d3fa9cb6bc46dcd1,boolean,302a0bd8d67775e8dc5960ecec7879be566300d8b32c4b0153ba15ebdb279425:5,302a0bd8d67775e8dc5960ecec7879be566300d8b32c4b0153ba15ebdb279425:5,302a0bd8d67775e8dc5960ecec7879be566300d8b32c4b0153ba15ebdb279425:5,302a0bd8d67775e8dc5960ecec7879be566300d8b32c4b0153ba15ebdb279425:5,302a0bd8d67775e8dc5960ecec7879be566300d8b32c4b0153ba15ebdb279425:5,302a0bd8d67775e8dc5960ecec7879be566300d8b32c4b0153ba15ebdb279425:5,302a0bd8d67775e8dc5960ecec7879be566300d8b32c4b0153ba15ebdb279425:5,,,,1.000000000000,1.000000000000,1.000000000000,1.000000000000,hit
submission_e2e_20260424_solver_narrowing_no_guard,e0798bd394af022603f1ed7a09641de2bb414bd14a9d6a2c494980c86095ccff,number,fbdd7f9dd299d83b1f398778da2e6765dfaaed62005667264734a1f76ec09071:13,fbdd7f9dd299d83b1f398778da2e6765dfaaed62005667264734a1f76ec09071:13,fbdd7f9dd299d83b1f398778da2e6765dfaaed62005667264734a1f76ec09071:13,fbdd7f9dd299d83b1f398778da2e6765dfaaed62005667264734a1f76ec09071:13,fbdd7f9dd299d83b1f398778da2e6765dfaaed62005667264734a1f76ec09071:13,fbdd7f9dd299d83b1f398778da2e6765dfaaed62005667264734a1f76ec09071:13,fbdd7f9dd299d83b1f398778da2e6765dfaaed62005667264734a1f76ec09071:13,,,,1.000000000000,1.000000000000,1.000000000000,1.000000000000,hit
submission_e2e_20260424_solver_narrowing_no_guard,32bb32856c65215eddb17d2b5b938f58b4bec525af96f8637686e33b0d696e89,boolean,4e387152960c1029b3711cacb05b287b13c977bc61f2558059a62b7b427a62eb:15,4e387152960c1029b3711cacb05b287b13c977bc61f2558059a62b7b427a62eb:15,4e387152960c1029b3711cacb05b287b13c977bc61f2558059a62b7b427a62eb:15,4e387152960c1029b3711cacb05b287b13c977bc61f2558059a62b7b427a62eb:15,4e387152960c1029b3711cacb05b287b13c977bc61f2558059a62b7b427a62eb:15,4e387152960c1029b3711cacb05b287b13c977bc61f2558059a62b7b427a62eb:15,4e387152960c1029b3711cacb05b287b13c977bc61f2558059a62b7b427a62eb:15,,,,1.000000000000,1.000000000000,1.000000000000,1.000000000000,hit
submission_e2e_20260424_solver_narrowing_no_guard,698e30385362eebe29a7fd618bb6d5fc2d213fca30eb008f0496d3887d6b4677,boolean,58eae81bf668e7f6c58619f419a49b5e35e2e5c9c7475475ace28ec562580545:1|6306079a16b1dec85690f75c715cdbd78b0685a3e19ee30250d481bc32f2e29a:1,58eae81bf668e7f6c58619f419a49b5e35e2e5c9c7475475ace28ec562580545:1|6306079a16b1dec85690f75c715cdbd78b0685a3e19ee30250d481bc32f2e29a:1,58eae81bf668e7f6c58619f419a49b5e35e2e5c9c7475475ace28ec562580545:1|6306079a16b1dec85690f75c715cdbd78b0685a3e19ee30250d481bc32f2e29a:1,58eae81bf668e7f6c58619f419a49b5e35e2e5c9c7475475ace28ec562580545:1|6306079a16b1dec85690f75c715cdbd78b0685a3e19ee30250d481bc32f2e29a:1,58eae81bf668e7f6c58619f419a49b5e35e2e5c9c7475475ace28ec562580545:1|6306079a16b1dec85690f75c715cdbd78b0685a3e19ee30250d481bc32f2e29a:1,58eae81bf668e7f6c58619f419a49b5e35e2e5c9c7475475ace28ec562580545:1|6306079a16b1dec85690f75c715cdbd78b0685a3e19ee30250d481bc32f2e29a:1,58eae81bf668e7f6c58619f419a49b5e35e2e5c9c7475475ace28ec562580545:1|6306079a16b1dec85690f75c715cdbd78b0685a3e19ee30250d481bc32f2e29a:1,,,,1.000000000000,1.000000000000,1.000000000000,1.000000000000,hit
submission_e2e_20260424_solver_narrowing_no_guard,52a35cfabe76f2c538c6f72a841a08e0cc85bbe8f732874a4d2827383794c213,boolean,58eae81bf668e7f6c58619f419a49b5e35e2e5c9c7475475ace28ec562580545:1|78ffe994cdc61ce6a2a6937c79fc52751bb5d2b4eaa4019f088fbccf70569c26:1,58eae81bf668e7f6c58619f419a49b5e35e2e5c9c7475475ace28ec562580545:1|78ffe994cdc61ce6a2a6937c79fc52751bb5d2b4eaa4019f088fbccf70569c26:1,58eae81bf668e7f6c58619f419a49b5e35e2e5c9c7475475ace28ec562580545:1|78ffe994cdc61ce6a2a6937c79fc52751bb5d2b4eaa4019f088fbccf70569c26:1,58eae81bf668e7f6c58619f419a49b5e35e2e5c9c7475475ace28ec562580545:1|78ffe994cdc61ce6a2a6937c79fc52751bb5d2b4eaa4019f088fbccf70569c26:1,58eae81bf668e7f6c58619f419a49b5e35e2e5c9c7475475ace28ec562580545:1|78ffe994cdc61ce6a2a6937c79fc52751bb5d2b4eaa4019f088fbccf70569c26:1,58eae81bf668e7f6c58619f419a49b5e35e2e5c9c7475475ace28ec562580545:1|78ffe994cdc61ce6a2a6937c79fc52751bb5d2b4eaa4019f088fbccf70569c26:1,58eae81bf668e7f6c58619f419a49b5e35e2e5c9c7475475ace28ec562580545:1|78ffe994cdc61ce6a2a6937c79fc52751bb5d2b4eaa4019f088fbccf70569c26:1,,,,1.000000000000,1.000000000000,1.000000000000,1.000000000000,hit
submission_e2e_20260424_solver_narrowing_no_guard,a341025df493b0e6a962fa637e3df6fe053c3de28cb2f5c8eb0814067af32b95,free_text,302a0bd8d67775e8dc5960ecec7879be566300d8b32c4b0153ba15ebdb279425:7|fbdd7f9dd299d83b1f398778da2e6765dfaaed62005667264734a1f76ec09071:7,fbdd7f9dd299d83b1f398778da2e6765dfaaed62005667264734a1f76ec09071:2|fbdd7f9dd299d83b1f398778da2e6765dfaaed62005667264734a1f76ec09071:7,fbdd7f9dd299d83b1f398778da2e6765dfaaed62005667264734a1f76ec09071:2|fbdd7f9dd299d83b1f398778da2e6765dfaaed62005667264734a1f76ec09071:7,fbdd7f9dd299d83b1f398778da2e6765dfaaed62005667264734a1f76ec09071:2|fbdd7f9dd299d83b1f398778da2e6765dfaaed62005667264734a1f76ec09071:7,fbdd7f9dd299d83b1f398778da2e6765dfaaed62005667264734a1f76ec09071:7,fbdd7f9dd299d83b1f398778da2e6765dfaaed62005667264734a1f76ec09071:7,fbdd7f9dd299d83b1f398778da2e6765dfaaed62005667264734a1f76ec09071:7,302a0bd8d67775e8dc5960ecec7879be566300d8b32c4b0153ba15ebdb279425:7,302a0bd8d67775e8dc5960ecec7879be566300d8b32c4b0153ba15ebdb279425:7,302a0bd8d67775e8dc5960ecec7879be566300d8b32c4b0153ba15ebdb279425:7,0.500000000000,0.500000000000,0.500000000000,0.500000000000,hit
submission_e2e_20260424_solver_narrowing_no_guard,acd7d2aea67ff920768aae75300837412f603e0e29f048ea33171ba52c1c0cd8,name,5d3df6d69fac3ef91e13ac835b43a35e9e434fbc7e72ea5c01e288d69b66e6a2:3|6306079a16b1dec85690f75c715cdbd78b0685a3e19ee30250d481bc32f2e29a:2,5d3df6d69fac3ef91e13ac835b43a35e9e434fbc7e72ea5c01e288d69b66e6a2:1|5d3df6d69fac3ef91e13ac835b43a35e9e434fbc7e72ea5c01e288d69b66e6a2:2|5d3df6d69fac3ef91e13ac835b43a35e9e434fbc7e72ea5c01e288d69b66e6a2:3|6306079a16b1dec85690f75c715cdbd78b0685a3e19ee30250d481bc32f2e29a:1|6306079a16b1dec85690f75c715cdbd78b0685a3e19ee30250d481bc32f2e29a:2|6306079a16b1dec85690f75c715cdbd78b0685a3e19ee30250d481bc32f2e29a:3,5d3df6d69fac3ef91e13ac835b43a35e9e434fbc7e72ea5c01e288d69b66e6a2:1|5d3df6d69fac3ef91e13ac835b43a35e9e434fbc7e72ea5c01e288d69b66e6a2:2|5d3df6d69fac3ef91e13ac835b43a35e9e434fbc7e72ea5c01e288d69b66e6a2:3|6306079a16b1dec85690f75c715cdbd78b0685a3e19ee30250d481bc32f2e29a:1|6306079a16b1dec85690f75c715cdbd78b0685a3e19ee30250d481bc32f2e29a:2|6306079a16b1dec85690f75c715cdbd78b0685a3e19ee30250d481bc32f2e29a:3,5d3df6d69fac3ef91e13ac835b43a35e9e434fbc7e72ea5c01e288d69b66e6a2:1|5d3df6d69fac3ef91e13ac835b43a35e9e434fbc7e72ea5c01e288d69b66e6a2:2|5d3df6d69fac3ef91e13ac835b43a35e9e434fbc7e72ea5c01e288d69b66e6a2:3|6306079a16b1dec85690f75c715cdbd78b0685a3e19ee30250d481bc32f2e29a:1|6306079a16b1dec85690f75c715cdbd78b0685a3e19ee30250d481bc32f2e29a:2|6306079a16b1dec85690f75c715cdbd78b0685a3e19ee30250d481bc32f2e29a:3,5d3df6d69fac3ef91e13ac835b43a35e9e434fbc7e72ea5c01e288d69b66e6a2:3|6306079a16b1dec85690f75c715cdbd78b0685a3e19ee30250d481bc32f2e29a:2,5d3df6d69fac3ef91e13ac835b43a35e9e434fbc7e72ea5c01e288d69b66e6a2:3|6306079a16b1dec85690f75c715cdbd78b0685a3e19ee30250d481bc32f2e29a:2,5d3df6d69fac3ef91e13ac835b43a35e9e434fbc7e72ea5c01e288d69b66e6a2:3|6306079a16b1dec85690f75c715cdbd78b0685a3e19ee30250d481bc32f2e29a:2,,,,1.000000000000,1.000000000000,0.333333333333,0.783783783784,hit
submission_e2e_20260424_solver_narrowing_no_guard,f2a28b01dbdda99ec2b09a7001ea72e35b94a42c14c4bc5e5206c59857770306,boolean,1b446e196b4d1752241c8ff689a31ea705e98ad0c16b9d343c303664f72b64a1:1|5d3df6d69fac3ef91e13ac835b43a35e9e434fbc7e72ea5c01e288d69b66e6a2:1,1b446e196b4d1752241c8ff689a31ea705e98ad0c16b9d343c303664f72b64a1:1|5d3df6d69fac3ef91e13ac835b43a35e9e434fbc7e72ea5c01e288d69b66e6a2:1,1b446e196b4d1752241c8ff689a31ea705e98ad0c16b9d343c303664f72b64a1:1|5d3df6d69fac3ef91e13ac835b43a35e9e434fbc7e72ea5c01e288d69b66e6a2:1,1b446e196b4d1752241c8ff689a31ea705e98ad0c16b9d343c303664f72b64a1:1|5d3df6d69fac3ef91e13ac835b43a35e9e434fbc7e72ea5c01e288d69b66e6a2:1,1b446e196b4d1752241c8ff689a31ea705e98ad0c16b9d343c303664f72b64a1:1|5d3df6d69fac3ef91e13ac835b43a35e9e434fbc7e72ea5c01e288d69b66e6a2:1,1b446e196b4d1752241c8ff689a31ea705e98ad0c16b9d343c303664f72b64a1:1|5d3df6d69fac3ef91e13ac835b43a35e9e434fbc7e72ea5c01e288d69b66e6a2:1,1b446e196b4d1752241c8ff689a31ea705e98ad0c16b9d343c303664f72b64a1:1|5d3df6d69fac3ef91e13ac835b43a35e9e434fbc7e72ea5c01e288d69b66e6a2:1,,,,1.000000000000,1.000000000000,1.000000000000,1.000000000000,hit
submission_e2e_20260424_solver_narrowing_no_guard,3c33f9a4de9bac177c65e3c3bd986ef05e527095e4c96aabbbed76599b727eb0,names,09660f78c26cd56c08c7253ed21ba01fb246092f482ccd8acd8e6f9b6fd2d917:1,09660f78c26cd56c08c7253ed21ba01fb246092f482ccd8acd8e6f9b6fd2d917:1,09660f78c26cd56c08c7253ed21ba01fb246092f482ccd8acd8e6f9b6fd2d917:1,09660f78c26cd56c08c7253ed21ba01fb246092f482ccd8acd8e6f9b6fd2d917:1,09660f78c26cd56c08c7253ed21ba01fb246092f482ccd8acd8e6f9b6fd2d917:1,09660f78c26cd56c08c7253ed21ba01fb246092f482ccd8acd8e6f9b6fd2d917:1,09660f78c26cd56c08c7253ed21ba01fb246092f482ccd8acd8e6f9b6fd2d917:1,,,,1.000000000000,1.000000000000,1.000000000000,1.000000000000,hit
submission_e2e_20260424_solver_narrowing_no_guard,b982f3b308042c0eb23dfe264a56ab53866fbea5d3981c4bfcf3ffb6de22054e,free_text,897ab23ed5a70034d3d708d871ad1da8bc7b6608d94b1ca46b5d578d985d3c13:1,897ab23ed5a70034d3d708d871ad1da8bc7b6608d94b1ca46b5d578d985d3c13:1|897ab23ed5a70034d3d708d871ad1da8bc7b6608d94b1ca46b5d578d985d3c13:2,897ab23ed5a70034d3d708d871ad1da8bc7b6608d94b1ca46b5d578d985d3c13:1|897ab23ed5a70034d3d708d871ad1da8bc7b6608d94b1ca46b5d578d985d3c13:2,897ab23ed5a70034d3d708d871ad1da8bc7b6608d94b1ca46b5d578d985d3c13:1|897ab23ed5a70034d3d708d871ad1da8bc7b6608d94b1ca46b5d578d985d3c13:2,897ab23ed5a70034d3d708d871ad1da8bc7b6608d94b1ca46b5d578d985d3c13:1,897ab23ed5a70034d3d708d871ad1da8bc7b6608d94b1ca46b5d578d985d3c13:1,897ab23ed5a70034d3d708d871ad1da8bc7b6608d94b1ca46b5d578d985d3c13:1,,,,1.000000000000,1.000000000000,0.500000000000,0.878787878788,hit
submission_e2e_20260424_solver_narrowing_no_guard,cdddeb6a063f29cbea5f10b3dccbd83aa16849e1f3124e223d141d1578efeb0a,names,443e04bc1a78940b3fcd5438d24b6c5f182a276d354a3108e738b193675de032:1,443e04bc1a78940b3fcd5438d24b6c5f182a276d354a3108e738b193675de032:1|443e04bc1a78940b3fcd5438d24b6c5f182a276d354a3108e738b193675de032:2,443e04bc1a78940b3fcd5438d24b6c5f182a276d354a3108e738b193675de032:1|443e04bc1a78940b3fcd5438d24b6c5f182a276d354a3108e738b193675de032:2,443e04bc1a78940b3fcd5438d24b6c5f182a276d354a3108e738b193675de032:1,443e04bc1a78940b3fcd5438d24b6c5f182a276d354a3108e738b193675de032:1,443e04bc1a78940b3fcd5438d24b6c5f182a276d354a3108e738b193675de032:1,443e04bc1a78940b3fcd5438d24b6c5f182a276d354a3108e738b193675de032:1,,,,1.000000000000,1.000000000000,1.000000000000,1.000000000000,hit
submission_e2e_20260424_solver_narrowing_no_guard,f5c27c961e218728abde9ff9031d1701cb36db4a2e590d2dbd8914dd28a27b20,number,fbdd7f9dd299d83b1f398778da2e6765dfaaed62005667264734a1f76ec09071:11,fbdd7f9dd299d83b1f398778da2e6765dfaaed62005667264734a1f76ec09071:11,fbdd7f9dd299d83b1f398778da2e6765dfaaed62005667264734a1f76ec09071:11,fbdd7f9dd299d83b1f398778da2e6765dfaaed62005667264734a1f76ec09071:11,fbdd7f9dd299d83b1f398778da2e6765dfaaed62005667264734a1f76ec09071:11,fbdd7f9dd299d83b1f398778da2e6765dfaaed62005667264734a1f76ec09071:11,fbdd7f9dd299d83b1f398778da2e6765dfaaed62005667264734a1f76ec09071:11,,,,1.000000000000,1.000000000000,1.000000000000,1.000000000000,hit
submission_e2e_20260424_solver_narrowing_no_guard,7b31467fd9f391a836ecd316b258a6d5e849cb62a9a0c95573b084c1d1338ba0,number,72ea171147bf30326fe6fd2e6798f607c7cef4bf9d43761dbccd2f1b6a356849:9,72ea171147bf30326fe6fd2e6798f607c7cef4bf9d43761dbccd2f1b6a356849:8|72ea171147bf30326fe6fd2e6798f607c7cef4bf9d43761dbccd2f1b6a356849:9,72ea171147bf30326fe6fd2e6798f607c7cef4bf9d43761dbccd2f1b6a356849:8|72ea171147bf30326fe6fd2e6798f607c7cef4bf9d43761dbccd2f1b6a356849:9,72ea171147bf30326fe6fd2e6798f607c7cef4bf9d43761dbccd2f1b6a356849:9,72ea171147bf30326fe6fd2e6798f607c7cef4bf9d43761dbccd2f1b6a356849:9,72ea171147bf30326fe6fd2e6798f607c7cef4bf9d43761dbccd2f1b6a356849:9,72ea171147bf30326fe6fd2e6798f607c7cef4bf9d43761dbccd2f1b6a356849:9,,,,1.000000000000,1.000000000000,1.000000000000,1.000000000000,hit
submission_e2e_20260424_solver_narrowing_no_guard,6b20dd63f6b2072c51f7063e32f5accf7218fd36fdfcc3fb627867139b41359e,name,09660f78c26cd56c08c7253ed21ba01fb246092f482ccd8acd8e6f9b6fd2d917:2|3a574fc4f0baa5ec7ff0dcc822d7c55e4f9c493c24addc217c8df3d848c16fa5:2,09660f78c26cd56c08c7253ed21ba01fb246092f482ccd8acd8e6f9b6fd2d917:1|09660f78c26cd56c08c7253ed21ba01fb246092f482ccd8acd8e6f9b6fd2d917:2|09660f78c26cd56c08c7253ed21ba01fb246092f482ccd8acd8e6f9b6fd2d917:3|3a574fc4f0baa5ec7ff0dcc822d7c55e4f9c493c24addc217c8df3d848c16fa5:1|3a574fc4f0baa5ec7ff0dcc822d7c55e4f9c493c24addc217c8df3d848c16fa5:2|3a574fc4f0baa5ec7ff0dcc822d7c55e4f9c493c24addc217c8df3d848c16fa5:3,09660f78c26cd56c08c7253ed21ba01fb246092f482ccd8acd8e6f9b6fd2d917:1|09660f78c26cd56c08c7253ed21ba01fb246092f482ccd8acd8e6f9b6fd2d917:2|09660f78c26cd56c08c7253ed21ba01fb246092f482ccd8acd8e6f9b6fd2d917:3|3a574fc4f0baa5ec7ff0dcc822d7c55e4f9c493c24addc217c8df3d848c16fa5:1|3a574fc4f0baa5ec7ff0dcc822d7c55e4f9c493c24addc217c8df3d848c16fa5:2|3a574fc4f0baa5ec7ff0dcc822d7c55e4f9c493c24addc217c8df3d848c16fa5:3,09660f78c26cd56c08c7253ed21ba01fb246092f482ccd8acd8e6f9b6fd2d917:1|09660f78c26cd56c08c7253ed21ba01fb246092f482ccd8acd8e6f9b6fd2d917:2|09660f78c26cd56c08c7253ed21ba01fb246092f482ccd8acd8e6f9b6fd2d917:3|3a574fc4f0baa5ec7ff0dcc822d7c55e4f9c493c24addc217c8df3d848c16fa5:1|3a574fc4f0baa5ec7ff0dcc822d7c55e4f9c493c24addc217c8df3d848c16fa5:2|3a574fc4f0baa5ec7ff0dcc822d7c55e4f9c493c24addc217c8df3d848c16fa5:3,09660f78c26cd56c08c7253ed21ba01fb246092f482ccd8acd8e6f9b6fd2d917:2|3a574fc4f0baa5ec7ff0dcc822d7c55e4f9c493c24addc217c8df3d848c16fa5:2,09660f78c26cd56c08c7253ed21ba01fb246092f482ccd8acd8e6f9b6fd2d917:2|3a574fc4f0baa5ec7ff0dcc822d7c55e4f9c493c24addc217c8df3d848c16fa5:2,09660f78c26cd56c08c7253ed21ba01fb246092f482ccd8acd8e6f9b6fd2d917:2|3a574fc4f0baa5ec7ff0dcc822d7c55e4f9c493c24addc217c8df3d848c16fa5:2,,,,1.000000000000,1.000000000000,0.333333333333,0.783783783784,hit
submission_e2e_20260424_solver_narrowing_no_guard,a499c8553e73100d9ecc8ccd1164beea4b82fa6b32c519de1a37c861925076a1,boolean,fbdd7f9dd299d83b1f398778da2e6765dfaaed62005667264734a1f76ec09071:10,fbdd7f9dd299d83b1f398778da2e6765dfaaed62005667264734a1f76ec09071:8|fbdd7f9dd299d83b1f398778da2e6765dfaaed62005667264734a1f76ec09071:10,fbdd7f9dd299d83b1f398778da2e6765dfaaed62005667264734a1f76ec09071:8|fbdd7f9dd299d83b1f398778da2e6765dfaaed62005667264734a1f76ec09071:10,fbdd7f9dd299d83b1f398778da2e6765dfaaed62005667264734a1f76ec09071:8|fbdd7f9dd299d83b1f398778da2e6765dfaaed62005667264734a1f76ec09071:10,fbdd7f9dd299d83b1f398778da2e6765dfaaed62005667264734a1f76ec09071:10,fbdd7f9dd299d83b1f398778da2e6765dfaaed62005667264734a1f76ec09071:10,fbdd7f9dd299d83b1f398778da2e6765dfaaed62005667264734a1f76ec09071:10,,,,1.000000000000,1.000000000000,0.500000000000,0.878787878788,hit
submission_e2e_20260424_solver_narrowing_no_guard,de67a8574c9e4352ba32d662761e8b2e59ce1d2ae36c33cf5c563dfc5d879920,boolean,0471e83c1ea18086cfb6b3ff51da6f22b0efee337f10315b2593f782297ccb84:1|437568a801115019fe8278385c0484bdf07ab86f9a499ecaba2b7969b37c764b:1,03b621728fe29eb6113fcdb57f6458d793fd2d5c5b833ae26d40f04a29c85359:1|0471e83c1ea18086cfb6b3ff51da6f22b0efee337f10315b2593f782297ccb84:1|0471e83c1ea18086cfb6b3ff51da6f22b0efee337f10315b2593f782297ccb84:2|437568a801115019fe8278385c0484bdf07ab86f9a499ecaba2b7969b37c764b:1|62930da32fa3172edf2f2bbf3da268455bd99a7b5fab34d72358730d8cd5da30:1|c98c1475692bc22f4abab6a7a7d7969467c94e46a7e68919aaf127179ebf3f54:1,03b621728fe29eb6113fcdb57f6458d793fd2d5c5b833ae26d40f04a29c85359:1|0471e83c1ea18086cfb6b3ff51da6f22b0efee337f10315b2593f782297ccb84:1|0471e83c1ea18086cfb6b3ff51da6f22b0efee337f10315b2593f782297ccb84:2|437568a801115019fe8278385c0484bdf07ab86f9a499ecaba2b7969b37c764b:1|62930da32fa3172edf2f2bbf3da268455bd99a7b5fab34d72358730d8cd5da30:1|c98c1475692bc22f4abab6a7a7d7969467c94e46a7e68919aaf127179ebf3f54:1,437568a801115019fe8278385c0484bdf07ab86f9a499ecaba2b7969b37c764b:1|c98c1475692bc22f4abab6a7a7d7969467c94e46a7e68919aaf127179ebf3f54:1,0471e83c1ea18086cfb6b3ff51da6f22b0efee337f10315b2593f782297ccb84:1|437568a801115019fe8278385c0484bdf07ab86f9a499ecaba2b7969b37c764b:1,0471e83c1ea18086cfb6b3ff51da6f22b0efee337f10315b2593f782297ccb84:1|437568a801115019fe8278385c0484bdf07ab86f9a499ecaba2b7969b37c764b:1,437568a801115019fe8278385c0484bdf07ab86f9a499ecaba2b7969b37c764b:1,,,0471e83c1ea18086cfb6b3ff51da6f22b0efee337f10315b2593f782297ccb84:1,1.000000000000,1.000000000000,0.500000000000,0.500000000000,hit
submission_e2e_20260424_solver_narrowing_no_guard,e153746c20cc385a520728ac381151f424c9eee10e4c582904fee70afe9af243,number,33bc02044716acdfedb164b065bdaec098aaadcae863c591f9931c88e7307d16:6,09660f78c26cd56c08c7253ed21ba01fb246092f482ccd8acd8e6f9b6fd2d917:4|33bc02044716acdfedb164b065bdaec098aaadcae863c591f9931c88e7307d16:6,09660f78c26cd56c08c7253ed21ba01fb246092f482ccd8acd8e6f9b6fd2d917:4|33bc02044716acdfedb164b065bdaec098aaadcae863c591f9931c88e7307d16:6,09660f78c26cd56c08c7253ed21ba01fb246092f482ccd8acd8e6f9b6fd2d917:4|33bc02044716acdfedb164b065bdaec098aaadcae863c591f9931c88e7307d16:6,33bc02044716acdfedb164b065bdaec098aaadcae863c591f9931c88e7307d16:6,33bc02044716acdfedb164b065bdaec098aaadcae863c591f9931c88e7307d16:6,33bc02044716acdfedb164b065bdaec098aaadcae863c591f9931c88e7307d16:6,,,,1.000000000000,1.000000000000,0.500000000000,0.878787878788,hit
submission_e2e_20260424_solver_narrowing_no_guard,922dcd5ae0d2420ec5577ed8094f593124f7b69f7e61b12c24ad46410114e8ae,number,4e387152960c1029b3711cacb05b287b13c977bc61f2558059a62b7b427a62eb:1,4e387152960c1029b3711cacb05b287b13c977bc61f2558059a62b7b427a62eb:1|4e387152960c1029b3711cacb05b287b13c977bc61f2558059a62b7b427a62eb:7|4e387152960c1029b3711cacb05b287b13c977bc61f2558059a62b7b427a62eb:50,4e387152960c1029b3711cacb05b287b13c977bc61f2558059a62b7b427a62eb:1|4e387152960c1029b3711cacb05b287b13c977bc61f2558059a62b7b427a62eb:50,4e387152960c1029b3711cacb05b287b13c977bc61f2558059a62b7b427a62eb:1|4e387152960c1029b3711cacb05b287b13c977bc61f2558059a62b7b427a62eb:50,4e387152960c1029b3711cacb05b287b13c977bc61f2558059a62b7b427a62eb:1,4e387152960c1029b3711cacb05b287b13c977bc61f2558059a62b7b427a62eb:1,4e387152960c1029b3711cacb05b287b13c977bc61f2558059a62b7b427a62eb:1,,,,1.000000000000,1.000000000000,0.500000000000,0.878787878788,hit
submission_e2e_20260424_solver_narrowing_no_guard,f950917f9b85f687161b1022a11c3ce31e4f6ab459af69dfea311c20893fc8a7,names,897ab23ed5a70034d3d708d871ad1da8bc7b6608d94b1ca46b5d578d985d3c13:1,897ab23ed5a70034d3d708d871ad1da8bc7b6608d94b1ca46b5d578d985d3c13:1,897ab23ed5a70034d3d708d871ad1da8bc7b6608d94b1ca46b5d578d985d3c13:1,897ab23ed5a70034d3d708d871ad1da8bc7b6608d94b1ca46b5d578d985d3c13:1,897ab23ed5a70034d3d708d871ad1da8bc7b6608d94b1ca46b5d578d985d3c13:1,897ab23ed5a70034d3d708d871ad1da8bc7b6608d94b1ca46b5d578d985d3c13:1,897ab23ed5a70034d3d708d871ad1da8bc7b6608d94b1ca46b5d578d985d3c13:1,,,,1.000000000000,1.000000000000,1.000000000000,1.000000000000,hit
submission_e2e_20260424_solver_narrowing_no_guard,254c8499b22ba05b0b1536c111b23e8afb031d0ed14af5970f665d6b1e821e65,number,33bc02044716acdfedb164b065bdaec098aaadcae863c591f9931c88e7307d16:14,33bc02044716acdfedb164b065bdaec098aaadcae863c591f9931c88e7307d16:14,33bc02044716acdfedb164b065bdaec098aaadcae863c591f9931c88e7307d16:14,33bc02044716acdfedb164b065bdaec098aaadcae863c591f9931c88e7307d16:14,33bc02044716acdfedb164b065bdaec098aaadcae863c591f9931c88e7307d16:14,33bc02044716acdfedb164b065bdaec098aaadcae863c591f9931c88e7307d16:14,33bc02044716acdfedb164b065bdaec098aaadcae863c591f9931c88e7307d16:14,,,,1.000000000000,1.000000000000,1.000000000000,1.000000000000,hit
submission_e2e_20260424_solver_narrowing_no_guard,322674cd65809bde505d9f50edb1bf7e1674f7e118a8179617732a3942b52d74,number,302a0bd8d67775e8dc5960ecec7879be566300d8b32c4b0153ba15ebdb279425:8,302a0bd8d67775e8dc5960ecec7879be566300d8b32c4b0153ba15ebdb279425:8|b82ac8228e051d96bf8d706d3251893ebff1c9457b066fce3b7cb99af956f2a7:13,302a0bd8d67775e8dc5960ecec7879be566300d8b32c4b0153ba15ebdb279425:8|b82ac8228e051d96bf8d706d3251893ebff1c9457b066fce3b7cb99af956f2a7:13,302a0bd8d67775e8dc5960ecec7879be566300d8b32c4b0153ba15ebdb279425:8,302a0bd8d67775e8dc5960ecec7879be566300d8b32c4b0153ba15ebdb279425:8,302a0bd8d67775e8dc5960ecec7879be566300d8b32c4b0153ba15ebdb279425:8,302a0bd8d67775e8dc5960ecec7879be566300d8b32c4b0153ba15ebdb279425:8,,,,1.000000000000,1.000000000000,1.000000000000,1.000000000000,hit
submission_e2e_20260424_solver_narrowing_no_guard,87a1294f4e8414adaf49579d914252f4c7a9e90c54a452b5a420bed4934ce335,free_text,fbdd7f9dd299d83b1f398778da2e6765dfaaed62005667264734a1f76ec09071:7,fbdd7f9dd299d83b1f398778da2e6765dfaaed62005667264734a1f76ec09071:7,fbdd7f9dd299d83b1f398778da2e6765dfaaed62005667264734a1f76ec09071:7,fbdd7f9dd299d83b1f398778da2e6765dfaaed62005667264734a1f76ec09071:7,fbdd7f9dd299d83b1f398778da2e6765dfaaed62005667264734a1f76ec09071:7,fbdd7f9dd299d83b1f398778da2e6765dfaaed62005667264734a1f76ec09071:7,fbdd7f9dd299d83b1f398778da2e6765dfaaed62005667264734a1f76ec09071:7,,,,1.000000000000,1.000000000000,1.000000000000,1.000000000000,hit
submission_e2e_20260424_solver_narrowing_no_guard,b2fcc22c0bfc27e799fec5df74c911114a91f83d0aa2995729390d6c8cb80c1a,free_text,,4e387152960c1029b3711cacb05b287b13c977bc61f2558059a62b7b427a62eb:4|536bbce854b9406cc22697e04fcdabd645e030c0e55b918252643b00e0b2b25f:3,4e387152960c1029b3711cacb05b287b13c977bc61f2558059a62b7b427a62eb:4|536bbce854b9406cc22697e04fcdabd645e030c0e55b918252643b00e0b2b25f:3,4e387152960c1029b3711cacb05b287b13c977bc61f2558059a62b7b427a62eb:4|536bbce854b9406cc22697e04fcdabd645e030c0e55b918252643b00e0b2b25f:3,,,,,,,1.000000000000,1.000000000000,0.000000000000,0.000000000000,gold_empty
submission_e2e_20260424_solver_narrowing_no_guard,8167b0cfeb476ce373ca991b28b3b35f78a8c3c9a5e3d1b682fdbb0ed5604ef4,free_text,6306079a16b1dec85690f75c715cdbd78b0685a3e19ee30250d481bc32f2e29a:6,6306079a16b1dec85690f75c715cdbd78b0685a3e19ee30250d481bc32f2e29a:1|6306079a16b1dec85690f75c715cdbd78b0685a3e19ee30250d481bc32f2e29a:2|6306079a16b1dec85690f75c715cdbd78b0685a3e19ee30250d481bc32f2e29a:6,6306079a16b1dec85690f75c715cdbd78b0685a3e19ee30250d481bc32f2e29a:1|6306079a16b1dec85690f75c715cdbd78b0685a3e19ee30250d481bc32f2e29a:2|6306079a16b1dec85690f75c715cdbd78b0685a3e19ee30250d481bc32f2e29a:6,6306079a16b1dec85690f75c715cdbd78b0685a3e19ee30250d481bc32f2e29a:6,6306079a16b1dec85690f75c715cdbd78b0685a3e19ee30250d481bc32f2e29a:6,6306079a16b1dec85690f75c715cdbd78b0685a3e19ee30250d481bc32f2e29a:6,6306079a16b1dec85690f75c715cdbd78b0685a3e19ee30250d481bc32f2e29a:6,,,,1.000000000000,1.000000000000,1.000000000000,1.000000000000,hit
submission_e2e_20260424_solver_narrowing_no_guard,2e211d0cdb29134de759b277c8b8ed5b8fe43f033dcec1e4bd15feafb1dbb8ab,boolean,3f8a5ea0e051ba3af7a02da340c911fe0970ebece6c852c3e61a10c00cac6d6e:1|6306079a16b1dec85690f75c715cdbd78b0685a3e19ee30250d481bc32f2e29a:1|839de9798f377492eee68f82b202d7cd3544be83d799f6226a02f3678c9bb914:1,1a255edc261961ec64870466a27ac4e25b5ebc2abe298e1b69f8dd2fc27288f6:7|33bc02044716acdfedb164b065bdaec098aaadcae863c591f9931c88e7307d16:1|33bc02044716acdfedb164b065bdaec098aaadcae863c591f9931c88e7307d16:2|6306079a16b1dec85690f75c715cdbd78b0685a3e19ee30250d481bc32f2e29a:1,1a255edc261961ec64870466a27ac4e25b5ebc2abe298e1b69f8dd2fc27288f6:7|33bc02044716acdfedb164b065bdaec098aaadcae863c591f9931c88e7307d16:1|33bc02044716acdfedb164b065bdaec098aaadcae863c591f9931c88e7307d16:2|6306079a16b1dec85690f75c715cdbd78b0685a3e19ee30250d481bc32f2e29a:1,1a255edc261961ec64870466a27ac4e25b5ebc2abe298e1b69f8dd2fc27288f6:7|6306079a16b1dec85690f75c715cdbd78b0685a3e19ee30250d481bc32f2e29a:1,6306079a16b1dec85690f75c715cdbd78b0685a3e19ee30250d481bc32f2e29a:1,6306079a16b1dec85690f75c715cdbd78b0685a3e19ee30250d481bc32f2e29a:1,6306079a16b1dec85690f75c715cdbd78b0685a3e19ee30250d481bc32f2e29a:1,3f8a5ea0e051ba3af7a02da340c911fe0970ebece6c852c3e61a10c00cac6d6e:1|839de9798f377492eee68f82b202d7cd3544be83d799f6226a02f3678c9bb914:1,3f8a5ea0e051ba3af7a02da340c911fe0970ebece6c852c3e61a10c00cac6d6e:1|839de9798f377492eee68f82b202d7cd3544be83d799f6226a02f3678c9bb914:1,3f8a5ea0e051ba3af7a02da340c911fe0970ebece6c852c3e61a10c00cac6d6e:1|839de9798f377492eee68f82b202d7cd3544be83d799f6226a02f3678c9bb914:1,0.333333333333,0.333333333333,0.500000000000,0.349397590361,hit
submission_e2e_20260424_solver_narrowing_no_guard,89f4b2e86cf7e48e185b9d5775d67e7c8a51beccbb20abce8dac2a1b0e80b723,free_text,,5d3df6d69fac3ef91e13ac835b43a35e9e434fbc7e72ea5c01e288d69b66e6a2:1|5d3df6d69fac3ef91e13ac835b43a35e9e434fbc7e72ea5c01e288d69b66e6a2:2,5d3df6d69fac3ef91e13ac835b43a35e9e434fbc7e72ea5c01e288d69b66e6a2:1|5d3df6d69fac3ef91e13ac835b43a35e9e434fbc7e72ea5c01e288d69b66e6a2:2,5d3df6d69fac3ef91e13ac835b43a35e9e434fbc7e72ea5c01e288d69b66e6a2:1|5d3df6d69fac3ef91e13ac835b43a35e9e434fbc7e72ea5c01e288d69b66e6a2:2,,,,,,,1.000000000000,1.000000000000,0.000000000000,0.000000000000,gold_empty
submission_e2e_20260424_solver_narrowing_no_guard,98d473221f50a845466544b43d6bb52b0497893aade63a8659db228459c271b4,free_text,ff746f7b583490a80ba104361c0a82a1ebbf7ed9097cd03dc49d744cb5057761:1,72ea171147bf30326fe6fd2e6798f607c7cef4bf9d43761dbccd2f1b6a356849:1|ff746f7b583490a80ba104361c0a82a1ebbf7ed9097cd03dc49d744cb5057761:1,72ea171147bf30326fe6fd2e6798f607c7cef4bf9d43761dbccd2f1b6a356849:1|ff746f7b583490a80ba104361c0a82a1ebbf7ed9097cd03dc49d744cb5057761:1,72ea171147bf30326fe6fd2e6798f607c7cef4bf9d43761dbccd2f1b6a356849:1|ff746f7b583490a80ba104361c0a82a1ebbf7ed9097cd03dc49d744cb5057761:1,ff746f7b583490a80ba104361c0a82a1ebbf7ed9097cd03dc49d744cb5057761:1,ff746f7b583490a80ba104361c0a82a1ebbf7ed9097cd03dc49d744cb5057761:1,ff746f7b583490a80ba104361c0a82a1ebbf7ed9097cd03dc49d744cb5057761:1,,,,1.000000000000,1.000000000000,0.500000000000,0.878787878788,hit
submission_e2e_20260424_solver_narrowing_no_guard,5cb2e9e631929fec4306d0bf7cbf145bcfe5f29d86eade85178d359852626cbf,boolean,72ea171147bf30326fe6fd2e6798f607c7cef4bf9d43761dbccd2f1b6a356849:1,22442c5ee999e2519c68de908be511875a84f2b810ed540c2dcfcbcc65031434:1|72ea171147bf30326fe6fd2e6798f607c7cef4bf9d43761dbccd2f1b6a356849:1,22442c5ee999e2519c68de908be511875a84f2b810ed540c2dcfcbcc65031434:1|72ea171147bf30326fe6fd2e6798f607c7cef4bf9d43761dbccd2f1b6a356849:1,22442c5ee999e2519c68de908be511875a84f2b810ed540c2dcfcbcc65031434:1|72ea171147bf30326fe6fd2e6798f607c7cef4bf9d43761dbccd2f1b6a356849:1,72ea171147bf30326fe6fd2e6798f607c7cef4bf9d43761dbccd2f1b6a356849:1,72ea171147bf30326fe6fd2e6798f607c7cef4bf9d43761dbccd2f1b6a356849:1,72ea171147bf30326fe6fd2e6798f607c7cef4bf9d43761dbccd2f1b6a356849:1,,,,1.000000000000,1.000000000000,0.500000000000,0.878787878788,hit
submission_e2e_20260424_solver_narrowing_no_guard,30167c4bda50157907608b180c50e4e49902b0cb6bd09b6461b6c7cb75961a1b,free_text,443e04bc1a78940b3fcd5438d24b6c5f182a276d354a3108e738b193675de032:1,443e04bc1a78940b3fcd5438d24b6c5f182a276d354a3108e738b193675de032:1|443e04bc1a78940b3fcd5438d24b6c5f182a276d354a3108e738b193675de032:2,443e04bc1a78940b3fcd5438d24b6c5f182a276d354a3108e738b193675de032:1|443e04bc1a78940b3fcd5438d24b6c5f182a276d354a3108e738b193675de032:2,443e04bc1a78940b3fcd5438d24b6c5f182a276d354a3108e738b193675de032:1|443e04bc1a78940b3fcd5438d24b6c5f182a276d354a3108e738b193675de032:2,443e04bc1a78940b3fcd5438d24b6c5f182a276d354a3108e738b193675de032:1,443e04bc1a78940b3fcd5438d24b6c5f182a276d354a3108e738b193675de032:1,443e04bc1a78940b3fcd5438d24b6c5f182a276d354a3108e738b193675de032:1,,,,1.000000000000,1.000000000000,0.500000000000,0.878787878788,hit
submission_e2e_20260424_solver_narrowing_no_guard,30040cc854022341de6bb9ee7dc3e932d540666a1addda4750bf974ce9d9292f,name,5d3df6d69fac3ef91e13ac835b43a35e9e434fbc7e72ea5c01e288d69b66e6a2:3|6248961b681ea0deb189f354be0c8286f35974dcdb211c13c921c3dd0e566a6e:2,5d3df6d69fac3ef91e13ac835b43a35e9e434fbc7e72ea5c01e288d69b66e6a2:1|5d3df6d69fac3ef91e13ac835b43a35e9e434fbc7e72ea5c01e288d69b66e6a2:2|5d3df6d69fac3ef91e13ac835b43a35e9e434fbc7e72ea5c01e288d69b66e6a2:3|6248961b681ea0deb189f354be0c8286f35974dcdb211c13c921c3dd0e566a6e:1|6248961b681ea0deb189f354be0c8286f35974dcdb211c13c921c3dd0e566a6e:2|6248961b681ea0deb189f354be0c8286f35974dcdb211c13c921c3dd0e566a6e:3,5d3df6d69fac3ef91e13ac835b43a35e9e434fbc7e72ea5c01e288d69b66e6a2:1|5d3df6d69fac3ef91e13ac835b43a35e9e434fbc7e72ea5c01e288d69b66e6a2:2|5d3df6d69fac3ef91e13ac835b43a35e9e434fbc7e72ea5c01e288d69b66e6a2:3|6248961b681ea0deb189f354be0c8286f35974dcdb211c13c921c3dd0e566a6e:1|6248961b681ea0deb189f354be0c8286f35974dcdb211c13c921c3dd0e566a6e:2|6248961b681ea0deb189f354be0c8286f35974dcdb211c13c921c3dd0e566a6e:3,5d3df6d69fac3ef91e13ac835b43a35e9e434fbc7e72ea5c01e288d69b66e6a2:1|5d3df6d69fac3ef91e13ac835b43a35e9e434fbc7e72ea5c01e288d69b66e6a2:2|5d3df6d69fac3ef91e13ac835b43a35e9e434fbc7e72ea5c01e288d69b66e6a2:3|6248961b681ea0deb189f354be0c8286f35974dcdb211c13c921c3dd0e566a6e:1|6248961b681ea0deb189f354be0c8286f35974dcdb211c13c921c3dd0e566a6e:2|6248961b681ea0deb189f354be0c8286f35974dcdb211c13c921c3dd0e566a6e:3,5d3df6d69fac3ef91e13ac835b43a35e9e434fbc7e72ea5c01e288d69b66e6a2:3|6248961b681ea0deb189f354be0c8286f35974dcdb211c13c921c3dd0e566a6e:2,5d3df6d69fac3ef91e13ac835b43a35e9e434fbc7e72ea5c01e288d69b66e6a2:3|6248961b681ea0deb189f354be0c8286f35974dcdb211c13c921c3dd0e566a6e:2,5d3df6d69fac3ef91e13ac835b43a35e9e434fbc7e72ea5c01e288d69b66e6a2:3|6248961b681ea0deb189f354be0c8286f35974dcdb211c13c921c3dd0e566a6e:2,,,,1.000000000000,1.000000000000,0.333333333333,0.783783783784,hit
submission_e2e_20260424_solver_narrowing_no_guard,33060f268efcac79c65cd3e0a39bc0f7d91d9bb1802bc2e08bfa43ec5a5cd355,name,72ea171147bf30326fe6fd2e6798f607c7cef4bf9d43761dbccd2f1b6a356849:11,72ea171147bf30326fe6fd2e6798f607c7cef4bf9d43761dbccd2f1b6a356849:11,72ea171147bf30326fe6fd2e6798f607c7cef4bf9d43761dbccd2f1b6a356849:11,72ea171147bf30326fe6fd2e6798f607c7cef4bf9d43761dbccd2f1b6a356849:11,72ea171147bf30326fe6fd2e6798f607c7cef4bf9d43761dbccd2f1b6a356849:11,72ea171147bf30326fe6fd2e6798f607c7cef4bf9d43761dbccd2f1b6a356849:11,72ea171147bf30326fe6fd2e6798f607c7cef4bf9d43761dbccd2f1b6a356849:11,,,,1.000000000000,1.000000000000,1.000000000000,1.000000000000,hit
submission_e2e_20260424_solver_narrowing_no_guard,0149374f1699ab209f6169cffcdd94f45072fca07fbf7a580720760f5c32f658,boolean,33bc02044716acdfedb164b065bdaec098aaadcae863c591f9931c88e7307d16:7,33bc02044716acdfedb164b065bdaec098aaadcae863c591f9931c88e7307d16:7|33bc02044716acdfedb164b065bdaec098aaadcae863c591f9931c88e7307d16:28,33bc02044716acdfedb164b065bdaec098aaadcae863c591f9931c88e7307d16:7|33bc02044716acdfedb164b065bdaec098aaadcae863c591f9931c88e7307d16:28,33bc02044716acdfedb164b065bdaec098aaadcae863c591f9931c88e7307d16:7,33bc02044716acdfedb164b065bdaec098aaadcae863c591f9931c88e7307d16:7,33bc02044716acdfedb164b065bdaec098aaadcae863c591f9931c88e7307d16:7,33bc02044716acdfedb164b065bdaec098aaadcae863c591f9931c88e7307d16:7,,,,1.000000000000,1.000000000000,1.000000000000,1.000000000000,hit
submission_e2e_20260424_solver_narrowing_no_guard,5c3ca60614572a117bb7436e202cb32249c186ad8c5526b35a3556b54ff425b7,name,09660f78c26cd56c08c7253ed21ba01fb246092f482ccd8acd8e6f9b6fd2d917:2|78ffe994cdc61ce6a2a6937c79fc52751bb5d2b4eaa4019f088fbccf70569c26:2,09660f78c26cd56c08c7253ed21ba01fb246092f482ccd8acd8e6f9b6fd2d917:1|09660f78c26cd56c08c7253ed21ba01fb246092f482ccd8acd8e6f9b6fd2d917:2|09660f78c26cd56c08c7253ed21ba01fb246092f482ccd8acd8e6f9b6fd2d917:3|78ffe994cdc61ce6a2a6937c79fc52751bb5d2b4eaa4019f088fbccf70569c26:1|78ffe994cdc61ce6a2a6937c79fc52751bb5d2b4eaa4019f088fbccf70569c26:2|78ffe994cdc61ce6a2a6937c79fc52751bb5d2b4eaa4019f088fbccf70569c26:3,09660f78c26cd56c08c7253ed21ba01fb246092f482ccd8acd8e6f9b6fd2d917:1|09660f78c26cd56c08c7253ed21ba01fb246092f482ccd8acd8e6f9b6fd2d917:2|09660f78c26cd56c08c7253ed21ba01fb246092f482ccd8acd8e6f9b6fd2d917:3|78ffe994cdc61ce6a2a6937c79fc52751bb5d2b4eaa4019f088fbccf70569c26:1|78ffe994cdc61ce6a2a6937c79fc52751bb5d2b4eaa4019f088fbccf70569c26:2|78ffe994cdc61ce6a2a6937c79fc52751bb5d2b4eaa4019f088fbccf70569c26:3,09660f78c26cd56c08c7253ed21ba01fb246092f482ccd8acd8e6f9b6fd2d917:1|09660f78c26cd56c08c7253ed21ba01fb246092f482ccd8acd8e6f9b6fd2d917:2|09660f78c26cd56c08c7253ed21ba01fb246092f482ccd8acd8e6f9b6fd2d917:3|78ffe994cdc61ce6a2a6937c79fc52751bb5d2b4eaa4019f088fbccf70569c26:1|78ffe994cdc61ce6a2a6937c79fc52751bb5d2b4eaa4019f088fbccf70569c26:2|78ffe994cdc61ce6a2a6937c79fc52751bb5d2b4eaa4019f088fbccf70569c26:3,09660f78c26cd56c08c7253ed21ba01fb246092f482ccd8acd8e6f9b6fd2d917:2|78ffe994cdc61ce6a2a6937c79fc52751bb5d2b4eaa4019f088fbccf70569c26:2,09660f78c26cd56c08c7253ed21ba01fb246092f482ccd8acd8e6f9b6fd2d917:2|78ffe994cdc61ce6a2a6937c79fc52751bb5d2b4eaa4019f088fbccf70569c26:2,09660f78c26cd56c08c7253ed21ba01fb246092f482ccd8acd8e6f9b6fd2d917:2|78ffe994cdc61ce6a2a6937c79fc52751bb5d2b4eaa4019f088fbccf70569c26:2,,,,1.000000000000,1.000000000000,0.333333333333,0.783783783784,hit
submission_e2e_20260424_solver_narrowing_no_guard,52e9e31a6d7a80a597147115b3d38065da495a41e7c11e797d0a190c9a580bcf,free_text,09660f78c26cd56c08c7253ed21ba01fb246092f482ccd8acd8e6f9b6fd2d917:2,09660f78c26cd56c08c7253ed21ba01fb246092f482ccd8acd8e6f9b6fd2d917:1|09660f78c26cd56c08c7253ed21ba01fb246092f482ccd8acd8e6f9b6fd2d917:2,09660f78c26cd56c08c7253ed21ba01fb246092f482ccd8acd8e6f9b6fd2d917:1|09660f78c26cd56c08c7253ed21ba01fb246092f482ccd8acd8e6f9b6fd2d917:2,09660f78c26cd56c08c7253ed21ba01fb246092f482ccd8acd8e6f9b6fd2d917:1|09660f78c26cd56c08c7253ed21ba01fb246092f482ccd8acd8e6f9b6fd2d917:2,09660f78c26cd56c08c7253ed21ba01fb246092f482ccd8acd8e6f9b6fd2d917:2,09660f78c26cd56c08c7253ed21ba01fb246092f482ccd8acd8e6f9b6fd2d917:2,09660f78c26cd56c08c7253ed21ba01fb246092f482ccd8acd8e6f9b6fd2d917:2,,,,1.000000000000,1.000000000000,0.500000000000,0.878787878788,hit
submission_e2e_20260424_solver_narrowing_no_guard,fdeb03aecacff6f7d78a86ff22a13e95abe014855c18282b142d6ad1f46daa0a,boolean,0471e83c1ea18086cfb6b3ff51da6f22b0efee337f10315b2593f782297ccb84:1|1a255edc261961ec64870466a27ac4e25b5ebc2abe298e1b69f8dd2fc27288f6:2|3f8a5ea0e051ba3af7a02da340c911fe0970ebece6c852c3e61a10c00cac6d6e:1|62930da32fa3172edf2f2bbf3da268455bd99a7b5fab34d72358730d8cd5da30:1|839de9798f377492eee68f82b202d7cd3544be83d799f6226a02f3678c9bb914:1|c98c1475692bc22f4abab6a7a7d7969467c94e46a7e68919aaf127179ebf3f54:1,0471e83c1ea18086cfb6b3ff51da6f22b0efee337f10315b2593f782297ccb84:1|3f8a5ea0e051ba3af7a02da340c911fe0970ebece6c852c3e61a10c00cac6d6e:1|62930da32fa3172edf2f2bbf3da268455bd99a7b5fab34d72358730d8cd5da30:1|c98c1475692bc22f4abab6a7a7d7969467c94e46a7e68919aaf127179ebf3f54:1,0471e83c1ea18086cfb6b3ff51da6f22b0efee337f10315b2593f782297ccb84:1|3f8a5ea0e051ba3af7a02da340c911fe0970ebece6c852c3e61a10c00cac6d6e:1|62930da32fa3172edf2f2bbf3da268455bd99a7b5fab34d72358730d8cd5da30:1|c98c1475692bc22f4abab6a7a7d7969467c94e46a7e68919aaf127179ebf3f54:1,0471e83c1ea18086cfb6b3ff51da6f22b0efee337f10315b2593f782297ccb84:1|3f8a5ea0e051ba3af7a02da340c911fe0970ebece6c852c3e61a10c00cac6d6e:1|62930da32fa3172edf2f2bbf3da268455bd99a7b5fab34d72358730d8cd5da30:1|c98c1475692bc22f4abab6a7a7d7969467c94e46a7e68919aaf127179ebf3f54:1,0471e83c1ea18086cfb6b3ff51da6f22b0efee337f10315b2593f782297ccb84:1|3f8a5ea0e051ba3af7a02da340c911fe0970ebece6c852c3e61a10c00cac6d6e:1|62930da32fa3172edf2f2bbf3da268455bd99a7b5fab34d72358730d8cd5da30:1|c98c1475692bc22f4abab6a7a7d7969467c94e46a7e68919aaf127179ebf3f54:1,0471e83c1ea18086cfb6b3ff51da6f22b0efee337f10315b2593f782297ccb84:1|3f8a5ea0e051ba3af7a02da340c911fe0970ebece6c852c3e61a10c00cac6d6e:1|62930da32fa3172edf2f2bbf3da268455bd99a7b5fab34d72358730d8cd5da30:1|c98c1475692bc22f4abab6a7a7d7969467c94e46a7e68919aaf127179ebf3f54:1,0471e83c1ea18086cfb6b3ff51da6f22b0efee337f10315b2593f782297ccb84:1|3f8a5ea0e051ba3af7a02da340c911fe0970ebece6c852c3e61a10c00cac6d6e:1|62930da32fa3172edf2f2bbf3da268455bd99a7b5fab34d72358730d8cd5da30:1|c98c1475692bc22f4abab6a7a7d7969467c94e46a7e68919aaf127179ebf3f54:1,1a255edc261961ec64870466a27ac4e25b5ebc2abe298e1b69f8dd2fc27288f6:2|839de9798f377492eee68f82b202d7cd3544be83d799f6226a02f3678c9bb914:1,1a255edc261961ec64870466a27ac4e25b5ebc2abe298e1b69f8dd2fc27288f6:2|839de9798f377492eee68f82b202d7cd3544be83d799f6226a02f3678c9bb914:1,1a255edc261961ec64870466a27ac4e25b5ebc2abe298e1b69f8dd2fc27288f6:2|839de9798f377492eee68f82b202d7cd3544be83d799f6226a02f3678c9bb914:1,0.666666666667,0.666666666667,1.000000000000,0.698795180723,hit
submission_e2e_20260424_solver_narrowing_no_guard,eeffebf44c689e60729c466dd3fda5e7c2731c84220464c1808ef661452d1de0,free_text,bd2d222ee0a636a745434cfb457321cd658db5bb32b5f0a3f5643236cc1503d8:14,bd2d222ee0a636a745434cfb457321cd658db5bb32b5f0a3f5643236cc1503d8:13|bd2d222ee0a636a745434cfb457321cd658db5bb32b5f0a3f5643236cc1503d8:14,bd2d222ee0a636a745434cfb457321cd658db5bb32b5f0a3f5643236cc1503d8:13|bd2d222ee0a636a745434cfb457321cd658db5bb32b5f0a3f5643236cc1503d8:14,bd2d222ee0a636a745434cfb457321cd658db5bb32b5f0a3f5643236cc1503d8:13|bd2d222ee0a636a745434cfb457321cd658db5bb32b5f0a3f5643236cc1503d8:14,bd2d222ee0a636a745434cfb457321cd658db5bb32b5f0a3f5643236cc1503d8:14,bd2d222ee0a636a745434cfb457321cd658db5bb32b5f0a3f5643236cc1503d8:14,bd2d222ee0a636a745434cfb457321cd658db5bb32b5f0a3f5643236cc1503d8:14,,,,1.000000000000,1.000000000000,0.500000000000,0.878787878788,hit
submission_e2e_20260424_solver_narrowing_no_guard,6c32a091c7108047fabbea4f78137837d79c46a5a864963872cb7035ea9cce0f,number,437568a801115019fe8278385c0484bdf07ab86f9a499ecaba2b7969b37c764b:3,437568a801115019fe8278385c0484bdf07ab86f9a499ecaba2b7969b37c764b:3,437568a801115019fe8278385c0484bdf07ab86f9a499ecaba2b7969b37c764b:3,437568a801115019fe8278385c0484bdf07ab86f9a499ecaba2b7969b37c764b:3,437568a801115019fe8278385c0484bdf07ab86f9a499ecaba2b7969b37c764b:3,437568a801115019fe8278385c0484bdf07ab86f9a499ecaba2b7969b37c764b:3,437568a801115019fe8278385c0484bdf07ab86f9a499ecaba2b7969b37c764b:3,,,,1.000000000000,1.000000000000,1.000000000000,1.000000000000,hit
submission_e2e_20260424_solver_narrowing_no_guard,f564b1fd7332944fa826e3af69330b53e8fed018c370dde5b57a8e338d4ecd62,name,1b446e196b4d1752241c8ff689a31ea705e98ad0c16b9d343c303664f72b64a1:1|6248961b681ea0deb189f354be0c8286f35974dcdb211c13c921c3dd0e566a6e:1,1b446e196b4d1752241c8ff689a31ea705e98ad0c16b9d343c303664f72b64a1:1|1b446e196b4d1752241c8ff689a31ea705e98ad0c16b9d343c303664f72b64a1:2|1b446e196b4d1752241c8ff689a31ea705e98ad0c16b9d343c303664f72b64a1:3|6248961b681ea0deb189f354be0c8286f35974dcdb211c13c921c3dd0e566a6e:1|6248961b681ea0deb189f354be0c8286f35974dcdb211c13c921c3dd0e566a6e:2|6248961b681ea0deb189f354be0c8286f35974dcdb211c13c921c3dd0e566a6e:3,1b446e196b4d1752241c8ff689a31ea705e98ad0c16b9d343c303664f72b64a1:1|1b446e196b4d1752241c8ff689a31ea705e98ad0c16b9d343c303664f72b64a1:2|1b446e196b4d1752241c8ff689a31ea705e98ad0c16b9d343c303664f72b64a1:3|6248961b681ea0deb189f354be0c8286f35974dcdb211c13c921c3dd0e566a6e:1|6248961b681ea0deb189f354be0c8286f35974dcdb211c13c921c3dd0e566a6e:2|6248961b681ea0deb189f354be0c8286f35974dcdb211c13c921c3dd0e566a6e:3,1b446e196b4d1752241c8ff689a31ea705e98ad0c16b9d343c303664f72b64a1:1|1b446e196b4d1752241c8ff689a31ea705e98ad0c16b9d343c303664f72b64a1:2|1b446e196b4d1752241c8ff689a31ea705e98ad0c16b9d343c303664f72b64a1:3|6248961b681ea0deb189f354be0c8286f35974dcdb211c13c921c3dd0e566a6e:1|6248961b681ea0deb189f354be0c8286f35974dcdb211c13c921c3dd0e566a6e:2|6248961b681ea0deb189f354be0c8286f35974dcdb211c13c921c3dd0e566a6e:3,1b446e196b4d1752241c8ff689a31ea705e98ad0c16b9d343c303664f72b64a1:1|6248961b681ea0deb189f354be0c8286f35974dcdb211c13c921c3dd0e566a6e:1,1b446e196b4d1752241c8ff689a31ea705e98ad0c16b9d343c303664f72b64a1:1|6248961b681ea0deb189f354be0c8286f35974dcdb211c13c921c3dd0e566a6e:1,1b446e196b4d1752241c8ff689a31ea705e98ad0c16b9d343c303664f72b64a1:1|6248961b681ea0deb189f354be0c8286f35974dcdb211c13c921c3dd0e566a6e:1,,,,1.000000000000,1.000000000000,0.333333333333,0.783783783784,hit
submission_e2e_20260424_solver_narrowing_no_guard,b31a702f36e2c43e845e13f160ebc35d3d6ea27eb66a351561a94f0ce56b8667,boolean,33bc02044716acdfedb164b065bdaec098aaadcae863c591f9931c88e7307d16:7,33bc02044716acdfedb164b065bdaec098aaadcae863c591f9931c88e7307d16:7,33bc02044716acdfedb164b065bdaec098aaadcae863c591f9931c88e7307d16:7,33bc02044716acdfedb164b065bdaec098aaadcae863c591f9931c88e7307d16:7,33bc02044716acdfedb164b065bdaec098aaadcae863c591f9931c88e7307d16:7,33bc02044716acdfedb164b065bdaec098aaadcae863c591f9931c88e7307d16:7,33bc02044716acdfedb164b065bdaec098aaadcae863c591f9931c88e7307d16:7,,,,1.000000000000,1.000000000000,1.000000000000,1.000000000000,hit
submission_e2e_20260424_solver_narrowing_no_guard,b13500141f04c86f328b49c56ba01c7bc13bce5afee9646860912718291a5c1a,boolean,72ea171147bf30326fe6fd2e6798f607c7cef4bf9d43761dbccd2f1b6a356849:6,72ea171147bf30326fe6fd2e6798f607c7cef4bf9d43761dbccd2f1b6a356849:6|fbdd7f9dd299d83b1f398778da2e6765dfaaed62005667264734a1f76ec09071:6,72ea171147bf30326fe6fd2e6798f607c7cef4bf9d43761dbccd2f1b6a356849:6|fbdd7f9dd299d83b1f398778da2e6765dfaaed62005667264734a1f76ec09071:6,72ea171147bf30326fe6fd2e6798f607c7cef4bf9d43761dbccd2f1b6a356849:6,72ea171147bf30326fe6fd2e6798f607c7cef4bf9d43761dbccd2f1b6a356849:6,72ea171147bf30326fe6fd2e6798f607c7cef4bf9d43761dbccd2f1b6a356849:6,72ea171147bf30326fe6fd2e6798f607c7cef4bf9d43761dbccd2f1b6a356849:6,,,,1.000000000000,1.000000000000,1.000000000000,1.000000000000,hit
submission_e2e_20260424_solver_narrowing_no_guard,43f77ed8a37c7af9b3e52b0532c593c768f8f1159db9b9ca717a700d6b0a47f9,names,0471e83c1ea18086cfb6b3ff51da6f22b0efee337f10315b2593f782297ccb84:1|62930da32fa3172edf2f2bbf3da268455bd99a7b5fab34d72358730d8cd5da30:1|c98c1475692bc22f4abab6a7a7d7969467c94e46a7e68919aaf127179ebf3f54:1,0471e83c1ea18086cfb6b3ff51da6f22b0efee337f10315b2593f782297ccb84:1|62930da32fa3172edf2f2bbf3da268455bd99a7b5fab34d72358730d8cd5da30:1|c98c1475692bc22f4abab6a7a7d7969467c94e46a7e68919aaf127179ebf3f54:1,0471e83c1ea18086cfb6b3ff51da6f22b0efee337f10315b2593f782297ccb84:1|62930da32fa3172edf2f2bbf3da268455bd99a7b5fab34d72358730d8cd5da30:1|c98c1475692bc22f4abab6a7a7d7969467c94e46a7e68919aaf127179ebf3f54:1,0471e83c1ea18086cfb6b3ff51da6f22b0efee337f10315b2593f782297ccb84:1|62930da32fa3172edf2f2bbf3da268455bd99a7b5fab34d72358730d8cd5da30:1|c98c1475692bc22f4abab6a7a7d7969467c94e46a7e68919aaf127179ebf3f54:1,0471e83c1ea18086cfb6b3ff51da6f22b0efee337f10315b2593f782297ccb84:1|62930da32fa3172edf2f2bbf3da268455bd99a7b5fab34d72358730d8cd5da30:1|c98c1475692bc22f4abab6a7a7d7969467c94e46a7e68919aaf127179ebf3f54:1,0471e83c1ea18086cfb6b3ff51da6f22b0efee337f10315b2593f782297ccb84:1|62930da32fa3172edf2f2bbf3da268455bd99a7b5fab34d72358730d8cd5da30:1|c98c1475692bc22f4abab6a7a7d7969467c94e46a7e68919aaf127179ebf3f54:1,0471e83c1ea18086cfb6b3ff51da6f22b0efee337f10315b2593f782297ccb84:1|62930da32fa3172edf2f2bbf3da268455bd99a7b5fab34d72358730d8cd5da30:1|c98c1475692bc22f4abab6a7a7d7969467c94e46a7e68919aaf127179ebf3f54:1,,,,1.000000000000,1.000000000000,1.000000000000,1.000000000000,hit
submission_e2e_20260424_solver_narrowing_no_guard,12eaaba41338f13b21be7ab9fa1d754390b7aab512e9f33ea7184cc2b2f54d86,boolean,443e04bc1a78940b3fcd5438d24b6c5f182a276d354a3108e738b193675de032:1|78ffe994cdc61ce6a2a6937c79fc52751bb5d2b4eaa4019f088fbccf70569c26:1,443e04bc1a78940b3fcd5438d24b6c5f182a276d354a3108e738b193675de032:1|78ffe994cdc61ce6a2a6937c79fc52751bb5d2b4eaa4019f088fbccf70569c26:1,443e04bc1a78940b3fcd5438d24b6c5f182a276d354a3108e738b193675de032:1|78ffe994cdc61ce6a2a6937c79fc52751bb5d2b4eaa4019f088fbccf70569c26:1,443e04bc1a78940b3fcd5438d24b6c5f182a276d354a3108e738b193675de032:1|78ffe994cdc61ce6a2a6937c79fc52751bb5d2b4eaa4019f088fbccf70569c26:1,443e04bc1a78940b3fcd5438d24b6c5f182a276d354a3108e738b193675de032:1|78ffe994cdc61ce6a2a6937c79fc52751bb5d2b4eaa4019f088fbccf70569c26:1,443e04bc1a78940b3fcd5438d24b6c5f182a276d354a3108e738b193675de032:1|78ffe994cdc61ce6a2a6937c79fc52751bb5d2b4eaa4019f088fbccf70569c26:1,443e04bc1a78940b3fcd5438d24b6c5f182a276d354a3108e738b193675de032:1|78ffe994cdc61ce6a2a6937c79fc52751bb5d2b4eaa4019f088fbccf70569c26:1,,,,1.000000000000,1.000000000000,1.000000000000,1.000000000000,hit
submission_e2e_20260424_solver_narrowing_no_guard,1097af38db84c4d507357bfbdcbbcc1de60a0ccb10752bad8091a75b8f53eb5c,free_text,302a0bd8d67775e8dc5960ecec7879be566300d8b32c4b0153ba15ebdb279425:7|b82ac8228e051d96bf8d706d3251893ebff1c9457b066fce3b7cb99af956f2a7:13,b82ac8228e051d96bf8d706d3251893ebff1c9457b066fce3b7cb99af956f2a7:13|b82ac8228e051d96bf8d706d3251893ebff1c9457b066fce3b7cb99af956f2a7:18,b82ac8228e051d96bf8d706d3251893ebff1c9457b066fce3b7cb99af956f2a7:13|b82ac8228e051d96bf8d706d3251893ebff1c9457b066fce3b7cb99af956f2a7:18,b82ac8228e051d96bf8d706d3251893ebff1c9457b066fce3b7cb99af956f2a7:13|b82ac8228e051d96bf8d706d3251893ebff1c9457b066fce3b7cb99af956f2a7:18,b82ac8228e051d96bf8d706d3251893ebff1c9457b066fce3b7cb99af956f2a7:13,b82ac8228e051d96bf8d706d3251893ebff1c9457b066fce3b7cb99af956f2a7:13,b82ac8228e051d96bf8d706d3251893ebff1c9457b066fce3b7cb99af956f2a7:13,302a0bd8d67775e8dc5960ecec7879be566300d8b32c4b0153ba15ebdb279425:7,302a0bd8d67775e8dc5960ecec7879be566300d8b32c4b0153ba15ebdb279425:7,302a0bd8d67775e8dc5960ecec7879be566300d8b32c4b0153ba15ebdb279425:7,0.500000000000,0.500000000000,0.500000000000,0.500000000000,hit
submission_e2e_20260424_solver_narrowing_no_guard,0a414e1d999bcde13b5dac055194ed52527555ac577946acef75372eaad360fa,free_text,,5d3df6d69fac3ef91e13ac835b43a35e9e434fbc7e72ea5c01e288d69b66e6a2:1|5d3df6d69fac3ef91e13ac835b43a35e9e434fbc7e72ea5c01e288d69b66e6a2:2,5d3df6d69fac3ef91e13ac835b43a35e9e434fbc7e72ea5c01e288d69b66e6a2:1|5d3df6d69fac3ef91e13ac835b43a35e9e434fbc7e72ea5c01e288d69b66e6a2:2,5d3df6d69fac3ef91e13ac835b43a35e9e434fbc7e72ea5c01e288d69b66e6a2:1|5d3df6d69fac3ef91e13ac835b43a35e9e434fbc7e72ea5c01e288d69b66e6a2:2,,,,,,,1.000000000000,1.000000000000,0.000000000000,0.000000000000,gold_empty
submission_e2e_20260424_solver_narrowing_no_guard,146567e3d096312584103b24983e3ff8e904e4ec5dea993d9774d24fef15fce7,number,302a0bd8d67775e8dc5960ecec7879be566300d8b32c4b0153ba15ebdb279425:6,302a0bd8d67775e8dc5960ecec7879be566300d8b32c4b0153ba15ebdb279425:6|302a0bd8d67775e8dc5960ecec7879be566300d8b32c4b0153ba15ebdb279425:7,302a0bd8d67775e8dc5960ecec7879be566300d8b32c4b0153ba15ebdb279425:6|302a0bd8d67775e8dc5960ecec7879be566300d8b32c4b0153ba15ebdb279425:7,302a0bd8d67775e8dc5960ecec7879be566300d8b32c4b0153ba15ebdb279425:6,302a0bd8d67775e8dc5960ecec7879be566300d8b32c4b0153ba15ebdb279425:6,302a0bd8d67775e8dc5960ecec7879be566300d8b32c4b0153ba15ebdb279425:6,302a0bd8d67775e8dc5960ecec7879be566300d8b32c4b0153ba15ebdb279425:6,,,,1.000000000000,1.000000000000,1.000000000000,1.000000000000,hit
submission_e2e_20260424_solver_narrowing_no_guard,81d5652bd7e7518381629876f05fdded589e1acc60c8e93aae54488d23493214,boolean,58eae81bf668e7f6c58619f419a49b5e35e2e5c9c7475475ace28ec562580545:1|897ab23ed5a70034d3d708d871ad1da8bc7b6608d94b1ca46b5d578d985d3c13:1,58eae81bf668e7f6c58619f419a49b5e35e2e5c9c7475475ace28ec562580545:1|897ab23ed5a70034d3d708d871ad1da8bc7b6608d94b1ca46b5d578d985d3c13:1,58eae81bf668e7f6c58619f419a49b5e35e2e5c9c7475475ace28ec562580545:1|897ab23ed5a70034d3d708d871ad1da8bc7b6608d94b1ca46b5d578d985d3c13:1,58eae81bf668e7f6c58619f419a49b5e35e2e5c9c7475475ace28ec562580545:1|897ab23ed5a70034d3d708d871ad1da8bc7b6608d94b1ca46b5d578d985d3c13:1,58eae81bf668e7f6c58619f419a49b5e35e2e5c9c7475475ace28ec562580545:1|897ab23ed5a70034d3d708d871ad1da8bc7b6608d94b1ca46b5d578d985d3c13:1,58eae81bf668e7f6c58619f419a49b5e35e2e5c9c7475475ace28ec562580545:1|897ab23ed5a70034d3d708d871ad1da8bc7b6608d94b1ca46b5d578d985d3c13:1,58eae81bf668e7f6c58619f419a49b5e35e2e5c9c7475475ace28ec562580545:1|897ab23ed5a70034d3d708d871ad1da8bc7b6608d94b1ca46b5d578d985d3c13:1,,,,1.000000000000,1.000000000000,1.000000000000,1.000000000000,hit
submission_e2e_20260424_solver_narrowing_no_guard,ca8aebcc86f2b1ea064a28736c67b04357474bcf1128890991c73a237091638a,number,72ea171147bf30326fe6fd2e6798f607c7cef4bf9d43761dbccd2f1b6a356849:9,72ea171147bf30326fe6fd2e6798f607c7cef4bf9d43761dbccd2f1b6a356849:9|72ea171147bf30326fe6fd2e6798f607c7cef4bf9d43761dbccd2f1b6a356849:10,72ea171147bf30326fe6fd2e6798f607c7cef4bf9d43761dbccd2f1b6a356849:9|72ea171147bf30326fe6fd2e6798f607c7cef4bf9d43761dbccd2f1b6a356849:10,72ea171147bf30326fe6fd2e6798f607c7cef4bf9d43761dbccd2f1b6a356849:9,72ea171147bf30326fe6fd2e6798f607c7cef4bf9d43761dbccd2f1b6a356849:9,72ea171147bf30326fe6fd2e6798f607c7cef4bf9d43761dbccd2f1b6a356849:9,72ea171147bf30326fe6fd2e6798f607c7cef4bf9d43761dbccd2f1b6a356849:9,,,,1.000000000000,1.000000000000,1.000000000000,1.000000000000,hit
submission_e2e_20260424_solver_narrowing_no_guard,d9d27c9cace6eafd11dbb349244e0443e16c8cc0efdf516514cc945135e1a597,name,09660f78c26cd56c08c7253ed21ba01fb246092f482ccd8acd8e6f9b6fd2d917:2|58eae81bf668e7f6c58619f419a49b5e35e2e5c9c7475475ace28ec562580545:2,09660f78c26cd56c08c7253ed21ba01fb246092f482ccd8acd8e6f9b6fd2d917:1|09660f78c26cd56c08c7253ed21ba01fb246092f482ccd8acd8e6f9b6fd2d917:2|58eae81bf668e7f6c58619f419a49b5e35e2e5c9c7475475ace28ec562580545:1|58eae81bf668e7f6c58619f419a49b5e35e2e5c9c7475475ace28ec562580545:2,09660f78c26cd56c08c7253ed21ba01fb246092f482ccd8acd8e6f9b6fd2d917:1|09660f78c26cd56c08c7253ed21ba01fb246092f482ccd8acd8e6f9b6fd2d917:2|58eae81bf668e7f6c58619f419a49b5e35e2e5c9c7475475ace28ec562580545:1|58eae81bf668e7f6c58619f419a49b5e35e2e5c9c7475475ace28ec562580545:2,09660f78c26cd56c08c7253ed21ba01fb246092f482ccd8acd8e6f9b6fd2d917:1|09660f78c26cd56c08c7253ed21ba01fb246092f482ccd8acd8e6f9b6fd2d917:2|58eae81bf668e7f6c58619f419a49b5e35e2e5c9c7475475ace28ec562580545:1|58eae81bf668e7f6c58619f419a49b5e35e2e5c9c7475475ace28ec562580545:2,09660f78c26cd56c08c7253ed21ba01fb246092f482ccd8acd8e6f9b6fd2d917:2|58eae81bf668e7f6c58619f419a49b5e35e2e5c9c7475475ace28ec562580545:2,09660f78c26cd56c08c7253ed21ba01fb246092f482ccd8acd8e6f9b6fd2d917:2|58eae81bf668e7f6c58619f419a49b5e35e2e5c9c7475475ace28ec562580545:2,09660f78c26cd56c08c7253ed21ba01fb246092f482ccd8acd8e6f9b6fd2d917:2|58eae81bf668e7f6c58619f419a49b5e35e2e5c9c7475475ace28ec562580545:2,,,,1.000000000000,1.000000000000,0.500000000000,0.878787878788,hit
submission_e2e_20260424_solver_narrowing_no_guard,be35b591e2e2383879988055e11ebf31df0e145903e04b4e0c6fca1786ff634d,free_text,58eae81bf668e7f6c58619f419a49b5e35e2e5c9c7475475ace28ec562580545:2,58eae81bf668e7f6c58619f419a49b5e35e2e5c9c7475475ace28ec562580545:1|58eae81bf668e7f6c58619f419a49b5e35e2e5c9c7475475ace28ec562580545:2,58eae81bf668e7f6c58619f419a49b5e35e2e5c9c7475475ace28ec562580545:1|58eae81bf668e7f6c58619f419a49b5e35e2e5c9c7475475ace28ec562580545:2,58eae81bf668e7f6c58619f419a49b5e35e2e5c9c7475475ace28ec562580545:1|58eae81bf668e7f6c58619f419a49b5e35e2e5c9c7475475ace28ec562580545:2,58eae81bf668e7f6c58619f419a49b5e35e2e5c9c7475475ace28ec562580545:2,58eae81bf668e7f6c58619f419a49b5e35e2e5c9c7475475ace28ec562580545:2,58eae81bf668e7f6c58619f419a49b5e35e2e5c9c7475475ace28ec562580545:2,,,,1.000000000000,1.000000000000,0.500000000000,0.878787878788,hit
submission_e2e_20260424_solver_narrowing_no_guard,8bf189fe861d79f2e2dfb2e9126fe590c41f6034afc0ee1ef5aefa61202b9d01,boolean,1a255edc261961ec64870466a27ac4e25b5ebc2abe298e1b69f8dd2fc27288f6:2|3f8a5ea0e051ba3af7a02da340c911fe0970ebece6c852c3e61a10c00cac6d6e:1|443e04bc1a78940b3fcd5438d24b6c5f182a276d354a3108e738b193675de032:1|839de9798f377492eee68f82b202d7cd3544be83d799f6226a02f3678c9bb914:1,3f8a5ea0e051ba3af7a02da340c911fe0970ebece6c852c3e61a10c00cac6d6e:1|443e04bc1a78940b3fcd5438d24b6c5f182a276d354a3108e738b193675de032:1,3f8a5ea0e051ba3af7a02da340c911fe0970ebece6c852c3e61a10c00cac6d6e:1|443e04bc1a78940b3fcd5438d24b6c5f182a276d354a3108e738b193675de032:1,3f8a5ea0e051ba3af7a02da340c911fe0970ebece6c852c3e61a10c00cac6d6e:1|443e04bc1a78940b3fcd5438d24b6c5f182a276d354a3108e738b193675de032:1,3f8a5ea0e051ba3af7a02da340c911fe0970ebece6c852c3e61a10c00cac6d6e:1|443e04bc1a78940b3fcd5438d24b6c5f182a276d354a3108e738b193675de032:1,3f8a5ea0e051ba3af7a02da340c911fe0970ebece6c852c3e61a10c00cac6d6e:1|443e04bc1a78940b3fcd5438d24b6c5f182a276d354a3108e738b193675de032:1,3f8a5ea0e051ba3af7a02da340c911fe0970ebece6c852c3e61a10c00cac6d6e:1|443e04bc1a78940b3fcd5438d24b6c5f182a276d354a3108e738b193675de032:1,1a255edc261961ec64870466a27ac4e25b5ebc2abe298e1b69f8dd2fc27288f6:2|839de9798f377492eee68f82b202d7cd3544be83d799f6226a02f3678c9bb914:1,1a255edc261961ec64870466a27ac4e25b5ebc2abe298e1b69f8dd2fc27288f6:2|839de9798f377492eee68f82b202d7cd3544be83d799f6226a02f3678c9bb914:1,1a255edc261961ec64870466a27ac4e25b5ebc2abe298e1b69f8dd2fc27288f6:2|839de9798f377492eee68f82b202d7cd3544be83d799f6226a02f3678c9bb914:1,0.500000000000,0.500000000000,1.000000000000,0.537037037037,hit
submission_e2e_20260424_solver_narrowing_no_guard,c9f0dd67c60a88de9c2c38956f2ffd7b394eb4d7568c73d1869b4182480faf64,free_text,f4c4d051d514270964adcf58e124569e396602340b7d9172671759de10a95897:1,f4c4d051d514270964adcf58e124569e396602340b7d9172671759de10a95897:1|f4c4d051d514270964adcf58e124569e396602340b7d9172671759de10a95897:2,f4c4d051d514270964adcf58e124569e396602340b7d9172671759de10a95897:1|f4c4d051d514270964adcf58e124569e396602340b7d9172671759de10a95897:2,f4c4d051d514270964adcf58e124569e396602340b7d9172671759de10a95897:1|f4c4d051d514270964adcf58e124569e396602340b7d9172671759de10a95897:2,f4c4d051d514270964adcf58e124569e396602340b7d9172671759de10a95897:1,f4c4d051d514270964adcf58e124569e396602340b7d9172671759de10a95897:1,f4c4d051d514270964adcf58e124569e396602340b7d9172671759de10a95897:1,,,,1.000000000000,1.000000000000,0.500000000000,0.878787878788,hit
submission_e2e_20260424_solver_narrowing_no_guard,84a7c3564026e528c0a5e6a86a72447b4be016d6aa26ce5ce87843c58a975629,free_text,,58eae81bf668e7f6c58619f419a49b5e35e2e5c9c7475475ace28ec562580545:1|58eae81bf668e7f6c58619f419a49b5e35e2e5c9c7475475ace28ec562580545:2,58eae81bf668e7f6c58619f419a49b5e35e2e5c9c7475475ace28ec562580545:1|58eae81bf668e7f6c58619f419a49b5e35e2e5c9c7475475ace28ec562580545:2,58eae81bf668e7f6c58619f419a49b5e35e2e5c9c7475475ace28ec562580545:1|58eae81bf668e7f6c58619f419a49b5e35e2e5c9c7475475ace28ec562580545:2,,,,,,,1.000000000000,1.000000000000,0.000000000000,0.000000000000,gold_empty
submission_e2e_20260424_solver_narrowing_no_guard,b9e824da7bc69fa5b2f4e989a4d591d9c5196362cc985f70a9c29e6f710ea817,free_text,d32e76d495ac7d855d805fb71682b98d254520e3799aa4529ebc983212648335:2,d32e76d495ac7d855d805fb71682b98d254520e3799aa4529ebc983212648335:1|d32e76d495ac7d855d805fb71682b98d254520e3799aa4529ebc983212648335:2,d32e76d495ac7d855d805fb71682b98d254520e3799aa4529ebc983212648335:1|d32e76d495ac7d855d805fb71682b98d254520e3799aa4529ebc983212648335:2,d32e76d495ac7d855d805fb71682b98d254520e3799aa4529ebc983212648335:1|d32e76d495ac7d855d805fb71682b98d254520e3799aa4529ebc983212648335:2,d32e76d495ac7d855d805fb71682b98d254520e3799aa4529ebc983212648335:2,d32e76d495ac7d855d805fb71682b98d254520e3799aa4529ebc983212648335:2,d32e76d495ac7d855d805fb71682b98d254520e3799aa4529ebc983212648335:2,,,,1.000000000000,1.000000000000,0.500000000000,0.878787878788,hit
submission_e2e_20260424_solver_narrowing_no_guard,3ab3489605bc64891f36d9f3c7cf9c8608d08163b8673db41aa359097786b4bc,number,fbdd7f9dd299d83b1f398778da2e6765dfaaed62005667264734a1f76ec09071:7,fbdd7f9dd299d83b1f398778da2e6765dfaaed62005667264734a1f76ec09071:3|fbdd7f9dd299d83b1f398778da2e6765dfaaed62005667264734a1f76ec09071:7,fbdd7f9dd299d83b1f398778da2e6765dfaaed62005667264734a1f76ec09071:3|fbdd7f9dd299d83b1f398778da2e6765dfaaed62005667264734a1f76ec09071:7,fbdd7f9dd299d83b1f398778da2e6765dfaaed62005667264734a1f76ec09071:7,fbdd7f9dd299d83b1f398778da2e6765dfaaed62005667264734a1f76ec09071:7,fbdd7f9dd299d83b1f398778da2e6765dfaaed62005667264734a1f76ec09071:7,fbdd7f9dd299d83b1f398778da2e6765dfaaed62005667264734a1f76ec09071:7,,,,1.000000000000,1.000000000000,1.000000000000,1.000000000000,hit
submission_e2e_20260424_solver_narrowing_no_guard,ec0aa6992207b818c06e57dd28b08dad22ba2de3bd9e81a9a222e2fba9814406,names,f4c4d051d514270964adcf58e124569e396602340b7d9172671759de10a95897:1,f4c4d051d514270964adcf58e124569e396602340b7d9172671759de10a95897:1,f4c4d051d514270964adcf58e124569e396602340b7d9172671759de10a95897:1,f4c4d051d514270964adcf58e124569e396602340b7d9172671759de10a95897:1,f4c4d051d514270964adcf58e124569e396602340b7d9172671759de10a95897:1,f4c4d051d514270964adcf58e124569e396602340b7d9172671759de10a95897:1,f4c4d051d514270964adcf58e124569e396602340b7d9172671759de10a95897:1,,,,1.000000000000,1.000000000000,1.000000000000,1.000000000000,hit
submission_e2e_20260424_solver_narrowing_no_guard,e9b7a25f2bca575390d55244471366612a7698321f47c4f1eb28724c8448ef7d,boolean,443e04bc1a78940b3fcd5438d24b6c5f182a276d354a3108e738b193675de032:1|6248961b681ea0deb189f354be0c8286f35974dcdb211c13c921c3dd0e566a6e:1,443e04bc1a78940b3fcd5438d24b6c5f182a276d354a3108e738b193675de032:1|443e04bc1a78940b3fcd5438d24b6c5f182a276d354a3108e738b193675de032:2|6248961b681ea0deb189f354be0c8286f35974dcdb211c13c921c3dd0e566a6e:1,443e04bc1a78940b3fcd5438d24b6c5f182a276d354a3108e738b193675de032:1|443e04bc1a78940b3fcd5438d24b6c5f182a276d354a3108e738b193675de032:2|6248961b681ea0deb189f354be0c8286f35974dcdb211c13c921c3dd0e566a6e:1,443e04bc1a78940b3fcd5438d24b6c5f182a276d354a3108e738b193675de032:1|443e04bc1a78940b3fcd5438d24b6c5f182a276d354a3108e738b193675de032:2|6248961b681ea0deb189f354be0c8286f35974dcdb211c13c921c3dd0e566a6e:1,443e04bc1a78940b3fcd5438d24b6c5f182a276d354a3108e738b193675de032:1|6248961b681ea0deb189f354be0c8286f35974dcdb211c13c921c3dd0e566a6e:1,443e04bc1a78940b3fcd5438d24b6c5f182a276d354a3108e738b193675de032:1|6248961b681ea0deb189f354be0c8286f35974dcdb211c13c921c3dd0e566a6e:1,443e04bc1a78940b3fcd5438d24b6c5f182a276d354a3108e738b193675de032:1|6248961b681ea0deb189f354be0c8286f35974dcdb211c13c921c3dd0e566a6e:1,,,,1.000000000000,1.000000000000,0.666666666667,0.935483870968,hit
submission_e2e_20260424_solver_narrowing_no_guard,d6eb4a640e0ad690e92c1463e15f5394d36d8f5bb407f0fa4d7413c456c7a5bd,boolean,33bc02044716acdfedb164b065bdaec098aaadcae863c591f9931c88e7307d16:7,33bc02044716acdfedb164b065bdaec098aaadcae863c591f9931c88e7307d16:4|33bc02044716acdfedb164b065bdaec098aaadcae863c591f9931c88e7307d16:7,33bc02044716acdfedb164b065bdaec098aaadcae863c591f9931c88e7307d16:4|33bc02044716acdfedb164b065bdaec098aaadcae863c591f9931c88e7307d16:7,33bc02044716acdfedb164b065bdaec098aaadcae863c591f9931c88e7307d16:7,33bc02044716acdfedb164b065bdaec098aaadcae863c591f9931c88e7307d16:7,33bc02044716acdfedb164b065bdaec098aaadcae863c591f9931c88e7307d16:7,33bc02044716acdfedb164b065bdaec098aaadcae863c591f9931c88e7307d16:7,,,,1.000000000000,1.000000000000,1.000000000000,1.000000000000,hit
submission_e2e_20260424_solver_narrowing_no_guard,88f62d095220495f4a36b31f9f976e726aea7b53f6aead57084c6d8b36dc9814,name,1b446e196b4d1752241c8ff689a31ea705e98ad0c16b9d343c303664f72b64a1:2|897ab23ed5a70034d3d708d871ad1da8bc7b6608d94b1ca46b5d578d985d3c13:2,1b446e196b4d1752241c8ff689a31ea705e98ad0c16b9d343c303664f72b64a1:1|1b446e196b4d1752241c8ff689a31ea705e98ad0c16b9d343c303664f72b64a1:2|897ab23ed5a70034d3d708d871ad1da8bc7b6608d94b1ca46b5d578d985d3c13:1|897ab23ed5a70034d3d708d871ad1da8bc7b6608d94b1ca46b5d578d985d3c13:2,1b446e196b4d1752241c8ff689a31ea705e98ad0c16b9d343c303664f72b64a1:1|1b446e196b4d1752241c8ff689a31ea705e98ad0c16b9d343c303664f72b64a1:2|897ab23ed5a70034d3d708d871ad1da8bc7b6608d94b1ca46b5d578d985d3c13:1|897ab23ed5a70034d3d708d871ad1da8bc7b6608d94b1ca46b5d578d985d3c13:2,1b446e196b4d1752241c8ff689a31ea705e98ad0c16b9d343c303664f72b64a1:1|1b446e196b4d1752241c8ff689a31ea705e98ad0c16b9d343c303664f72b64a1:2|897ab23ed5a70034d3d708d871ad1da8bc7b6608d94b1ca46b5d578d985d3c13:1|897ab23ed5a70034d3d708d871ad1da8bc7b6608d94b1ca46b5d578d985d3c13:2,1b446e196b4d1752241c8ff689a31ea705e98ad0c16b9d343c303664f72b64a1:2|897ab23ed5a70034d3d708d871ad1da8bc7b6608d94b1ca46b5d578d985d3c13:2,1b446e196b4d1752241c8ff689a31ea705e98ad0c16b9d343c303664f72b64a1:2|897ab23ed5a70034d3d708d871ad1da8bc7b6608d94b1ca46b5d578d985d3c13:2,1b446e196b4d1752241c8ff689a31ea705e98ad0c16b9d343c303664f72b64a1:2|897ab23ed5a70034d3d708d871ad1da8bc7b6608d94b1ca46b5d578d985d3c13:2,,,,1.000000000000,1.000000000000,0.500000000000,0.878787878788,hit
submission_e2e_20260424_solver_narrowing_no_guard,dd736c7955429054fc55ea9eb55b96d3feb13e410f27a25651eefe5ecb536575,name,3a574fc4f0baa5ec7ff0dcc822d7c55e4f9c493c24addc217c8df3d848c16fa5:2|5d3df6d69fac3ef91e13ac835b43a35e9e434fbc7e72ea5c01e288d69b66e6a2:3,3a574fc4f0baa5ec7ff0dcc822d7c55e4f9c493c24addc217c8df3d848c16fa5:1|3a574fc4f0baa5ec7ff0dcc822d7c55e4f9c493c24addc217c8df3d848c16fa5:2|3a574fc4f0baa5ec7ff0dcc822d7c55e4f9c493c24addc217c8df3d848c16fa5:3|5d3df6d69fac3ef91e13ac835b43a35e9e434fbc7e72ea5c01e288d69b66e6a2:1|5d3df6d69fac3ef91e13ac835b43a35e9e434fbc7e72ea5c01e288d69b66e6a2:2|5d3df6d69fac3ef91e13ac835b43a35e9e434fbc7e72ea5c01e288d69b66e6a2:3,3a574fc4f0baa5ec7ff0dcc822d7c55e4f9c493c24addc217c8df3d848c16fa5:1|3a574fc4f0baa5ec7ff0dcc822d7c55e4f9c493c24addc217c8df3d848c16fa5:2|3a574fc4f0baa5ec7ff0dcc822d7c55e4f9c493c24addc217c8df3d848c16fa5:3|5d3df6d69fac3ef91e13ac835b43a35e9e434fbc7e72ea5c01e288d69b66e6a2:1|5d3df6d69fac3ef91e13ac835b43a35e9e434fbc7e72ea5c01e288d69b66e6a2:2|5d3df6d69fac3ef91e13ac835b43a35e9e434fbc7e72ea5c01e288d69b66e6a2:3,3a574fc4f0baa5ec7ff0dcc822d7c55e4f9c493c24addc217c8df3d848c16fa5:2|5d3df6d69fac3ef91e13ac835b43a35e9e434fbc7e72ea5c01e288d69b66e6a2:1|5d3df6d69fac3ef91e13ac835b43a35e9e434fbc7e72ea5c01e288d69b66e6a2:2|5d3df6d69fac3ef91e13ac835b43a35e9e434fbc7e72ea5c01e288d69b66e6a2:3,3a574fc4f0baa5ec7ff0dcc822d7c55e4f9c493c24addc217c8df3d848c16fa5:2|5d3df6d69fac3ef91e13ac835b43a35e9e434fbc7e72ea5c01e288d69b66e6a2:3,3a574fc4f0baa5ec7ff0dcc822d7c55e4f9c493c24addc217c8df3d848c16fa5:2|5d3df6d69fac3ef91e13ac835b43a35e9e434fbc7e72ea5c01e288d69b66e6a2:3,3a574fc4f0baa5ec7ff0dcc822d7c55e4f9c493c24addc217c8df3d848c16fa5:2|5d3df6d69fac3ef91e13ac835b43a35e9e434fbc7e72ea5c01e288d69b66e6a2:3,,,,1.000000000000,1.000000000000,0.500000000000,0.878787878788,hit
submission_e2e_20260424_solver_narrowing_no_guard,84941458c4ade946dae84cf5ebc4abf362a6f6e6fec835ba5c43ad2d3b4b14d7,free_text,,1b446e196b4d1752241c8ff689a31ea705e98ad0c16b9d343c303664f72b64a1:1|1b446e196b4d1752241c8ff689a31ea705e98ad0c16b9d343c303664f72b64a1:2,1b446e196b4d1752241c8ff689a31ea705e98ad0c16b9d343c303664f72b64a1:1|1b446e196b4d1752241c8ff689a31ea705e98ad0c16b9d343c303664f72b64a1:2,1b446e196b4d1752241c8ff689a31ea705e98ad0c16b9d343c303664f72b64a1:1|1b446e196b4d1752241c8ff689a31ea705e98ad0c16b9d343c303664f72b64a1:2,,,,,,,1.000000000000,1.000000000000,0.000000000000,0.000000000000,gold_empty
submission_e2e_20260424_solver_narrowing_no_guard,ff1b357588e9b5881ec9b1558ede2892e7cbf42a6787a1cbb922b45318f66778,number,ff746f7b583490a80ba104361c0a82a1ebbf7ed9097cd03dc49d744cb5057761:1,ff746f7b583490a80ba104361c0a82a1ebbf7ed9097cd03dc49d744cb5057761:1|ff746f7b583490a80ba104361c0a82a1ebbf7ed9097cd03dc49d744cb5057761:3,ff746f7b583490a80ba104361c0a82a1ebbf7ed9097cd03dc49d744cb5057761:1|ff746f7b583490a80ba104361c0a82a1ebbf7ed9097cd03dc49d744cb5057761:3,ff746f7b583490a80ba104361c0a82a1ebbf7ed9097cd03dc49d744cb5057761:1,ff746f7b583490a80ba104361c0a82a1ebbf7ed9097cd03dc49d744cb5057761:1,ff746f7b583490a80ba104361c0a82a1ebbf7ed9097cd03dc49d744cb5057761:1,ff746f7b583490a80ba104361c0a82a1ebbf7ed9097cd03dc49d744cb5057761:1,,,,1.000000000000,1.000000000000,1.000000000000,1.000000000000,hit
submission_e2e_20260424_solver_narrowing_no_guard,f2ea23e9f861379a5c049830b57dcb499d4e6ce51013e64d49722b5845139e22,number,72ea171147bf30326fe6fd2e6798f607c7cef4bf9d43761dbccd2f1b6a356849:15,72ea171147bf30326fe6fd2e6798f607c7cef4bf9d43761dbccd2f1b6a356849:15|72ea171147bf30326fe6fd2e6798f607c7cef4bf9d43761dbccd2f1b6a356849:23,72ea171147bf30326fe6fd2e6798f607c7cef4bf9d43761dbccd2f1b6a356849:15|72ea171147bf30326fe6fd2e6798f607c7cef4bf9d43761dbccd2f1b6a356849:23,72ea171147bf30326fe6fd2e6798f607c7cef4bf9d43761dbccd2f1b6a356849:15,72ea171147bf30326fe6fd2e6798f607c7cef4bf9d43761dbccd2f1b6a356849:15,72ea171147bf30326fe6fd2e6798f607c7cef4bf9d43761dbccd2f1b6a356849:15,72ea171147bf30326fe6fd2e6798f607c7cef4bf9d43761dbccd2f1b6a356849:15,,,,1.000000000000,1.000000000000,1.000000000000,1.000000000000,hit
submission_e2e_20260424_solver_narrowing_no_guard,095cb50318776a3b8ef11769cd941775694c194924783ee31109c25e3306600e,free_text,33bc02044716acdfedb164b065bdaec098aaadcae863c591f9931c88e7307d16:6,33bc02044716acdfedb164b065bdaec098aaadcae863c591f9931c88e7307d16:4|33bc02044716acdfedb164b065bdaec098aaadcae863c591f9931c88e7307d16:5|33bc02044716acdfedb164b065bdaec098aaadcae863c591f9931c88e7307d16:6,33bc02044716acdfedb164b065bdaec098aaadcae863c591f9931c88e7307d16:4|33bc02044716acdfedb164b065bdaec098aaadcae863c591f9931c88e7307d16:5|33bc02044716acdfedb164b065bdaec098aaadcae863c591f9931c88e7307d16:6,33bc02044716acdfedb164b065bdaec098aaadcae863c591f9931c88e7307d16:4|33bc02044716acdfedb164b065bdaec098aaadcae863c591f9931c88e7307d16:5|33bc02044716acdfedb164b065bdaec098aaadcae863c591f9931c88e7307d16:6,33bc02044716acdfedb164b065bdaec098aaadcae863c591f9931c88e7307d16:6,33bc02044716acdfedb164b065bdaec098aaadcae863c591f9931c88e7307d16:6,33bc02044716acdfedb164b065bdaec098aaadcae863c591f9931c88e7307d16:6,,,,1.000000000000,1.000000000000,0.333333333333,0.783783783784,hit
submission_e2e_20260424_solver_narrowing_no_guard,c2cf8224f1166780b25c77feede37101c514517ed61485c9ae31f6b1eb8c744b,free_text,22442c5ee999e2519c68de908be511875a84f2b810ed540c2dcfcbcc65031434:4,22442c5ee999e2519c68de908be511875a84f2b810ed540c2dcfcbcc65031434:4|22442c5ee999e2519c68de908be511875a84f2b810ed540c2dcfcbcc65031434:5|22442c5ee999e2519c68de908be511875a84f2b810ed540c2dcfcbcc65031434:6,22442c5ee999e2519c68de908be511875a84f2b810ed540c2dcfcbcc65031434:4|22442c5ee999e2519c68de908be511875a84f2b810ed540c2dcfcbcc65031434:5|22442c5ee999e2519c68de908be511875a84f2b810ed540c2dcfcbcc65031434:6,22442c5ee999e2519c68de908be511875a84f2b810ed540c2dcfcbcc65031434:4|22442c5ee999e2519c68de908be511875a84f2b810ed540c2dcfcbcc65031434:5|22442c5ee999e2519c68de908be511875a84f2b810ed540c2dcfcbcc65031434:6,22442c5ee999e2519c68de908be511875a84f2b810ed540c2dcfcbcc65031434:4,22442c5ee999e2519c68de908be511875a84f2b810ed540c2dcfcbcc65031434:4,22442c5ee999e2519c68de908be511875a84f2b810ed540c2dcfcbcc65031434:4,,,,1.000000000000,1.000000000000,0.333333333333,0.783783783784,hit
submission_e2e_20260424_solver_narrowing_no_guard,cd69f5dfe06d2e7afac26c7b332ea925987864cc6730f90cce020d34d823abbe,free_text,22442c5ee999e2519c68de908be511875a84f2b810ed540c2dcfcbcc65031434:4,22442c5ee999e2519c68de908be511875a84f2b810ed540c2dcfcbcc65031434:4|22442c5ee999e2519c68de908be511875a84f2b810ed540c2dcfcbcc65031434:29,22442c5ee999e2519c68de908be511875a84f2b810ed540c2dcfcbcc65031434:4|22442c5ee999e2519c68de908be511875a84f2b810ed540c2dcfcbcc65031434:29,22442c5ee999e2519c68de908be511875a84f2b810ed540c2dcfcbcc65031434:4,22442c5ee999e2519c68de908be511875a84f2b810ed540c2dcfcbcc65031434:4,22442c5ee999e2519c68de908be511875a84f2b810ed540c2dcfcbcc65031434:4,22442c5ee999e2519c68de908be511875a84f2b810ed540c2dcfcbcc65031434:4,,,,1.000000000000,1.000000000000,1.000000000000,1.000000000000,hit
