condition,question_id,question,answer_type,answer,reference_answer,answer_score,precision,recall,pages,gold_pages,scan_affected,review_notes
mixed-R0,30ab0e56ee0c43b5bf94fd9657c7f7ac24f0e7be29ced2933437f7a234713cd7,"Under Article 8(1) of the Operating Law 2018, is a person permitted to operate or conduct business in or from the DIFC without being incorporated, registered, or continued under a Prescribed Law or other Legislation administered by the Registrar?",boolean,false,false,1.0,0.14285714285714285,1.0,"[[""72ea171147bf30326fe6fd2e6798f607c7cef4bf9d43761dbccd2f1b6a356849"", 1], [""72ea171147bf30326fe6fd2e6798f607c7cef4bf9d43761dbccd2f1b6a356849"", 2], [""72ea171147bf30326fe6fd2e6798f607c7cef4bf9d43761dbccd2f1b6a356849"", 4], [""72ea171147bf30326fe6fd2e6798f607c7cef4bf9d43761dbccd2f1b6a356849"", 8], [""72ea171147bf30326fe6fd2e6798f607c7cef4bf9d43761dbccd2f1b6a356849"", 40], [""b82ac8228e051d96bf8d706d3251893ebff1c9457b066fce3b7cb99af956f2a7"", 17], [""ff746f7b583490a80ba104361c0a82a1ebbf7ed9097cd03dc49d744cb5057761"", 3]]","[[""72ea171147bf30326fe6fd2e6798f607c7cef4bf9d43761dbccd2f1b6a356849"", 8]]",False,
mixed-R0,331b267822eaa013b4a79d92f2ac5118052a57150df9a29d7d11c531f02d23cf,What is the Date of Issue of the document in case CFI 057/2025?,date,"""2025-05-09""","""2026-02-02""",0.0,0.0,0.0,"[[""1a255edc261961ec64870466a27ac4e25b5ebc2abe298e1b69f8dd2fc27288f6"", 5], [""1a255edc261961ec64870466a27ac4e25b5ebc2abe298e1b69f8dd2fc27288f6"", 9], [""1a255edc261961ec64870466a27ac4e25b5ebc2abe298e1b69f8dd2fc27288f6"", 60], [""1a255edc261961ec64870466a27ac4e25b5ebc2abe298e1b69f8dd2fc27288f6"", 61], [""3f8a5ea0e051ba3af7a02da340c911fe0970ebece6c852c3e61a10c00cac6d6e"", 2], [""839de9798f377492eee68f82b202d7cd3544be83d799f6226a02f3678c9bb914"", 8], [""839de9798f377492eee68f82b202d7cd3544be83d799f6226a02f3678c9bb914"", 22]]","[[""1b446e196b4d1752241c8ff689a31ea705e98ad0c16b9d343c303664f72b64a1"", 2]]",True,
mixed-R0,5d271fced60d88e008a69adc2da21de427906206bfb49f5554a3bf1dd6f72772,"According to the title page of the Common Reporting Standard Law, what is its official DIFC Law number?",number,2,2,1.0,0.2,1.0,"[[""fbdd7f9dd299d83b1f398778da2e6765dfaaed62005667264734a1f76ec09071"", 1], [""fbdd7f9dd299d83b1f398778da2e6765dfaaed62005667264734a1f76ec09071"", 3], [""fbdd7f9dd299d83b1f398778da2e6765dfaaed62005667264734a1f76ec09071"", 5], [""fbdd7f9dd299d83b1f398778da2e6765dfaaed62005667264734a1f76ec09071"", 15], [""fbdd7f9dd299d83b1f398778da2e6765dfaaed62005667264734a1f76ec09071"", 16]]","[[""fbdd7f9dd299d83b1f398778da2e6765dfaaed62005667264734a1f76ec09071"", 1]]",False,
mixed-R0,358bf0caaa87ba7e11698c5e0bb230f5742c141f2da8a3e8969cee41ef0f7841,Do cases SCT 295/2025 and SCT 514/2025 involve any of the same legal entities or individuals as main parties?,boolean,null,false,0.0,0.14285714285714285,0.5,"[[""09660f78c26cd56c08c7253ed21ba01fb246092f482ccd8acd8e6f9b6fd2d917"", 1], [""1a255edc261961ec64870466a27ac4e25b5ebc2abe298e1b69f8dd2fc27288f6"", 1], [""1a255edc261961ec64870466a27ac4e25b5ebc2abe298e1b69f8dd2fc27288f6"", 7], [""839de9798f377492eee68f82b202d7cd3544be83d799f6226a02f3678c9bb914"", 1], [""839de9798f377492eee68f82b202d7cd3544be83d799f6226a02f3678c9bb914"", 6], [""839de9798f377492eee68f82b202d7cd3544be83d799f6226a02f3678c9bb914"", 7], [""d32e76d495ac7d855d805fb71682b98d254520e3799aa4529ebc983212648335"", 11]]","[[""09660f78c26cd56c08c7253ed21ba01fb246092f482ccd8acd8e6f9b6fd2d917"", 1], [""6306079a16b1dec85690f75c715cdbd78b0685a3e19ee30250d481bc32f2e29a"", 1]]",True,
mixed-R0,bce4c288236518dfd08f6bac5a75c75ea79b1250347c4b998252fa9d7265a7c3,What kind of liability do Partners have under Article 28(1) of the General Partnership Law 2004?,free_text,"""Under Article 28(1), each Partner is jointly and severally liable with the other Partners for all debts and obligations of the General Partnership incurred while they are a Partner, unless otherwise agreed by all the other Partners.""","""Partners are jointly and severally liable with the other Partners for all debts and obligations of the General Partnership incurred while they are Partners.""",1.0,0.16666666666666666,1.0,"[[""302a0bd8d67775e8dc5960ecec7879be566300d8b32c4b0153ba15ebdb279425"", 2], [""302a0bd8d67775e8dc5960ecec7879be566300d8b32c4b0153ba15ebdb279425"", 9], [""302a0bd8d67775e8dc5960ecec7879be566300d8b32c4b0153ba15ebdb279425"", 10], [""302a0bd8d67775e8dc5960ecec7879be566300d8b32c4b0153ba15ebdb279425"", 11], [""302a0bd8d67775e8dc5960ecec7879be566300d8b32c4b0153ba15ebdb279425"", 12], [""302a0bd8d67775e8dc5960ecec7879be566300d8b32c4b0153ba15ebdb279425"", 22]]","[[""302a0bd8d67775e8dc5960ecec7879be566300d8b32c4b0153ba15ebdb279425"", 10]]",False,The answer correctly states that partners are jointly and severally liable for partnership debts and obligations incurred while they are partners. The added exception ('unless otherwise agreed by all the other Partners') is also supported by the supplied evidence.
mixed-R0,6863a7f4a5e76694620518758411bc743142897fa8077f2a73701b89fa2d0b0f,"Under the Foundations Law DIFC Law No. 3 of 2018, what is the maximum fine for failing to provide a copy of an assignment of rights to the Registered Agent or Registrar within 30 days?",free_text,"""The maximum fine is USD 1,500.""","""The maximum fine is USD 1,500.""",1.0,0.25,1.0,"[[""22442c5ee999e2519c68de908be511875a84f2b810ed540c2dcfcbcc65031434"", 6], [""22442c5ee999e2519c68de908be511875a84f2b810ed540c2dcfcbcc65031434"", 16], [""22442c5ee999e2519c68de908be511875a84f2b810ed540c2dcfcbcc65031434"", 21], [""22442c5ee999e2519c68de908be511875a84f2b810ed540c2dcfcbcc65031434"", 22], [""22442c5ee999e2519c68de908be511875a84f2b810ed540c2dcfcbcc65031434"", 26], [""22442c5ee999e2519c68de908be511875a84f2b810ed540c2dcfcbcc65031434"", 46], [""72ea171147bf30326fe6fd2e6798f607c7cef4bf9d43761dbccd2f1b6a356849"", 10], [""72ea171147bf30326fe6fd2e6798f607c7cef4bf9d43761dbccd2f1b6a356849"", 12]]","[[""22442c5ee999e2519c68de908be511875a84f2b810ed540c2dcfcbcc65031434"", 6], [""22442c5ee999e2519c68de908be511875a84f2b810ed540c2dcfcbcc65031434"", 46]]",False,"The submission matches the reference and is directly supported by Schedule 3 in the evidence, which lists the maximum fine as USD 1,500 for failing to provide a copy of the assignment of rights."
mixed-R0,150d4428704ea7ce7452509bda9c25f4d242b2395114ed0ed59388b87660f218,"Under the Operating Law - DIFC Law No. 7 of 2018, who is responsible for appointing and dismissing the Registrar?",free_text,"""The Board of Directors of the DIFCA is responsible for appointing and dismissing the Registrar, and it must consult the President before doing either.""","""The Board of Directors of the DIFCA appoints and may dismiss the Registrar, after consulting the President.""",1.0,0.14285714285714285,1.0,"[[""72ea171147bf30326fe6fd2e6798f607c7cef4bf9d43761dbccd2f1b6a356849"", 2], [""72ea171147bf30326fe6fd2e6798f607c7cef4bf9d43761dbccd2f1b6a356849"", 3], [""72ea171147bf30326fe6fd2e6798f607c7cef4bf9d43761dbccd2f1b6a356849"", 4], [""72ea171147bf30326fe6fd2e6798f607c7cef4bf9d43761dbccd2f1b6a356849"", 5], [""72ea171147bf30326fe6fd2e6798f607c7cef4bf9d43761dbccd2f1b6a356849"", 6], [""72ea171147bf30326fe6fd2e6798f607c7cef4bf9d43761dbccd2f1b6a356849"", 40], [""b82ac8228e051d96bf8d706d3251893ebff1c9457b066fce3b7cb99af956f2a7"", 24]]","[[""72ea171147bf30326fe6fd2e6798f607c7cef4bf9d43761dbccd2f1b6a356849"", 5]]",False,"The answer matches the law: the Board of Directors of the DIFCA appoints and may dismiss the Registrar, after consulting the President."
mixed-R0,39890efe7db1258f568e838c284020a9fc79b8bf0deddab76fdf853c9b0171ed,Is there any main party common to both case CFI 057/2025 and case SCT 295/2025?,boolean,null,false,0.0,0.0,0.0,"[[""1a255edc261961ec64870466a27ac4e25b5ebc2abe298e1b69f8dd2fc27288f6"", 10], [""1a255edc261961ec64870466a27ac4e25b5ebc2abe298e1b69f8dd2fc27288f6"", 61], [""1a255edc261961ec64870466a27ac4e25b5ebc2abe298e1b69f8dd2fc27288f6"", 62], [""1a255edc261961ec64870466a27ac4e25b5ebc2abe298e1b69f8dd2fc27288f6"", 75], [""839de9798f377492eee68f82b202d7cd3544be83d799f6226a02f3678c9bb914"", 7], [""839de9798f377492eee68f82b202d7cd3544be83d799f6226a02f3678c9bb914"", 22], [""d32e76d495ac7d855d805fb71682b98d254520e3799aa4529ebc983212648335"", 11]]","[[""09660f78c26cd56c08c7253ed21ba01fb246092f482ccd8acd8e6f9b6fd2d917"", 1], [""1b446e196b4d1752241c8ff689a31ea705e98ad0c16b9d343c303664f72b64a1"", 1]]",True,
mixed-R0,acd0ddc6715f2bccf5076dc47e6874a8ecb782dd10c0b162071f890ad96bef47,"Between SCT 295/2025 and SCT 514/2025, which document has the earlier issue date?",name,null,"""SCT 295/2025""",0.0,0.0,0.0,"[[""09660f78c26cd56c08c7253ed21ba01fb246092f482ccd8acd8e6f9b6fd2d917"", 1], [""1a255edc261961ec64870466a27ac4e25b5ebc2abe298e1b69f8dd2fc27288f6"", 9], [""1a255edc261961ec64870466a27ac4e25b5ebc2abe298e1b69f8dd2fc27288f6"", 60], [""1a255edc261961ec64870466a27ac4e25b5ebc2abe298e1b69f8dd2fc27288f6"", 61], [""1a255edc261961ec64870466a27ac4e25b5ebc2abe298e1b69f8dd2fc27288f6"", 62], [""839de9798f377492eee68f82b202d7cd3544be83d799f6226a02f3678c9bb914"", 22]]","[[""09660f78c26cd56c08c7253ed21ba01fb246092f482ccd8acd8e6f9b6fd2d917"", 2], [""6306079a16b1dec85690f75c715cdbd78b0685a3e19ee30250d481bc32f2e29a"", 2]]",True,
mixed-R0,436c12cc4eb26087bd1540f5d47825712632e90b4d5b2bca6c52e3b26151f874,What was the result of the application heard in case CFI 057/2025?,free_text,"""There is no information on this question in the provided documents.""","""The Defendant's Permission to Appeal Application was refused, and the Defendant was ordered to pay the Claimant's costs of the application.""",0.2,0.0,0.0,"[[""1a255edc261961ec64870466a27ac4e25b5ebc2abe298e1b69f8dd2fc27288f6"", 8], [""3f8a5ea0e051ba3af7a02da340c911fe0970ebece6c852c3e61a10c00cac6d6e"", 2], [""3f8a5ea0e051ba3af7a02da340c911fe0970ebece6c852c3e61a10c00cac6d6e"", 4], [""437568a801115019fe8278385c0484bdf07ab86f9a499ecaba2b7969b37c764b"", 1], [""839de9798f377492eee68f82b202d7cd3544be83d799f6226a02f3678c9bb914"", 17], [""d32e76d495ac7d855d805fb71682b98d254520e3799aa4529ebc983212648335"", 1], [""f4c4d051d514270964adcf58e124569e396602340b7d9172671759de10a95897"", 1]]","[[""1b446e196b4d1752241c8ff689a31ea705e98ad0c16b9d343c303664f72b64a1"", 2]]",True,"The submission is a generic abstention, but the reference gives a specific outcome: the Defendant’s Permission to Appeal Application was refused and costs were awarded against the Defendant. So it is factually incorrect and does not answer the question. The claim that there is no information is also not supported by the supplied evidence, and the high confidence is not calibrated to the available evidence."
mixed-R0,4fa07316db9a19980de495d2190350cc4b494ae0ab741cda7784e895709719e1,"Between CFI 010/2024 and SCT 169/2025, which document has the earlier issue date?",name,null,"""SCT 169/2025""",0.0,0.0,0.0,"[[""1a255edc261961ec64870466a27ac4e25b5ebc2abe298e1b69f8dd2fc27288f6"", 9], [""1a255edc261961ec64870466a27ac4e25b5ebc2abe298e1b69f8dd2fc27288f6"", 60], [""1a255edc261961ec64870466a27ac4e25b5ebc2abe298e1b69f8dd2fc27288f6"", 61], [""1a255edc261961ec64870466a27ac4e25b5ebc2abe298e1b69f8dd2fc27288f6"", 62], [""22442c5ee999e2519c68de908be511875a84f2b810ed540c2dcfcbcc65031434"", 1], [""72ea171147bf30326fe6fd2e6798f607c7cef4bf9d43761dbccd2f1b6a356849"", 1], [""839de9798f377492eee68f82b202d7cd3544be83d799f6226a02f3678c9bb914"", 22]]","[[""3a574fc4f0baa5ec7ff0dcc822d7c55e4f9c493c24addc217c8df3d848c16fa5"", 1], [""443e04bc1a78940b3fcd5438d24b6c5f182a276d354a3108e738b193675de032"", 1]]",True,
mixed-R0,1a80e5dc69fb76a97c0ada049df2425c9f06de373bbb9ee5b39dbd1f12f85387,"From the title pages of all documents in case CA 005/2025 and case CFI 067/2025, identify whether any individual or company is named as a main party in both cases.",boolean,true,false,0.0,0.0,0.0,"[[""1a255edc261961ec64870466a27ac4e25b5ebc2abe298e1b69f8dd2fc27288f6"", 8], [""1a255edc261961ec64870466a27ac4e25b5ebc2abe298e1b69f8dd2fc27288f6"", 9], [""1a255edc261961ec64870466a27ac4e25b5ebc2abe298e1b69f8dd2fc27288f6"", 75], [""3f8a5ea0e051ba3af7a02da340c911fe0970ebece6c852c3e61a10c00cac6d6e"", 7], [""3f8a5ea0e051ba3af7a02da340c911fe0970ebece6c852c3e61a10c00cac6d6e"", 9], [""839de9798f377492eee68f82b202d7cd3544be83d799f6226a02f3678c9bb914"", 7], [""839de9798f377492eee68f82b202d7cd3544be83d799f6226a02f3678c9bb914"", 22], [""839de9798f377492eee68f82b202d7cd3544be83d799f6226a02f3678c9bb914"", 28]]","[[""03b621728fe29eb6113fcdb57f6458d793fd2d5c5b833ae26d40f04a29c85359"", 1], [""437568a801115019fe8278385c0484bdf07ab86f9a499ecaba2b7969b37c764b"", 1], [""897ab23ed5a70034d3d708d871ad1da8bc7b6608d94b1ca46b5d578d985d3c13"", 1]]",True,
mixed-R0,9f9fb4b911d75c22f2c9a42bb852848ac45594179a7d0d126c8ef0ac8941b18d,Do cases CA 004/2025 and SCT 295/2025 involve any of the same legal entities or individuals as parties?,boolean,null,false,0.0,0.0,0.0,"[[""03b621728fe29eb6113fcdb57f6458d793fd2d5c5b833ae26d40f04a29c85359"", 1], [""09660f78c26cd56c08c7253ed21ba01fb246092f482ccd8acd8e6f9b6fd2d917"", 7], [""1a255edc261961ec64870466a27ac4e25b5ebc2abe298e1b69f8dd2fc27288f6"", 7], [""1a255edc261961ec64870466a27ac4e25b5ebc2abe298e1b69f8dd2fc27288f6"", 61], [""1a255edc261961ec64870466a27ac4e25b5ebc2abe298e1b69f8dd2fc27288f6"", 75], [""437568a801115019fe8278385c0484bdf07ab86f9a499ecaba2b7969b37c764b"", 1], [""839de9798f377492eee68f82b202d7cd3544be83d799f6226a02f3678c9bb914"", 6], [""839de9798f377492eee68f82b202d7cd3544be83d799f6226a02f3678c9bb914"", 7]]","[[""09660f78c26cd56c08c7253ed21ba01fb246092f482ccd8acd8e6f9b6fd2d917"", 1], [""78ffe994cdc61ce6a2a6937c79fc52751bb5d2b4eaa4019f088fbccf70569c26"", 1]]",True,
mixed-R0,d374bee20e02f7f384e766dd792856c6457f99fc1491e5fee2e6cd50a4d856b7,Identify whether any person or company is a main party to both ENF 269/2023 and SCT 514/2025.,boolean,true,false,0.0,0.0,0.0,"[[""1a255edc261961ec64870466a27ac4e25b5ebc2abe298e1b69f8dd2fc27288f6"", 7], [""1a255edc261961ec64870466a27ac4e25b5ebc2abe298e1b69f8dd2fc27288f6"", 93], [""72ea171147bf30326fe6fd2e6798f607c7cef4bf9d43761dbccd2f1b6a356849"", 2], [""72ea171147bf30326fe6fd2e6798f607c7cef4bf9d43761dbccd2f1b6a356849"", 39], [""839de9798f377492eee68f82b202d7cd3544be83d799f6226a02f3678c9bb914"", 7], [""839de9798f377492eee68f82b202d7cd3544be83d799f6226a02f3678c9bb914"", 21], [""839de9798f377492eee68f82b202d7cd3544be83d799f6226a02f3678c9bb914"", 22]]","[[""5d3df6d69fac3ef91e13ac835b43a35e9e434fbc7e72ea5c01e288d69b66e6a2"", 1], [""6306079a16b1dec85690f75c715cdbd78b0685a3e19ee30250d481bc32f2e29a"", 1]]",True,
mixed-R0,8de44b7964cdde111c1a33ac4cc13948b7b4e14fd120351fcb5a5bfb2b2dfff0,Identify the case with the higher monetary claim: SCT 169/2025 or SCT 295/2025?,name,null,"""SCT 169/2025""",0.0,0.0,0.0,"[[""09660f78c26cd56c08c7253ed21ba01fb246092f482ccd8acd8e6f9b6fd2d917"", 1], [""3f8a5ea0e051ba3af7a02da340c911fe0970ebece6c852c3e61a10c00cac6d6e"", 25], [""437568a801115019fe8278385c0484bdf07ab86f9a499ecaba2b7969b37c764b"", 4], [""6248961b681ea0deb189f354be0c8286f35974dcdb211c13c921c3dd0e566a6e"", 3], [""6248961b681ea0deb189f354be0c8286f35974dcdb211c13c921c3dd0e566a6e"", 6], [""839de9798f377492eee68f82b202d7cd3544be83d799f6226a02f3678c9bb914"", 34], [""839de9798f377492eee68f82b202d7cd3544be83d799f6226a02f3678c9bb914"", 41], [""f4c4d051d514270964adcf58e124569e396602340b7d9172671759de10a95897"", 1]]","[[""09660f78c26cd56c08c7253ed21ba01fb246092f482ccd8acd8e6f9b6fd2d917"", 2], [""3a574fc4f0baa5ec7ff0dcc822d7c55e4f9c493c24addc217c8df3d848c16fa5"", 2]]",True,
mixed-R0,a8813f8f56099bd156b5fe797cc44b061d2a54fb69ca2e748ffb7cc462eaa85e,Which case has an earlier Date of Issue: CFI 010/2024 or CFI 016/2025?,name,null,"""CFI 010/2024""",0.0,0.0,0.0,"[[""1a255edc261961ec64870466a27ac4e25b5ebc2abe298e1b69f8dd2fc27288f6"", 9], [""1a255edc261961ec64870466a27ac4e25b5ebc2abe298e1b69f8dd2fc27288f6"", 61], [""22442c5ee999e2519c68de908be511875a84f2b810ed540c2dcfcbcc65031434"", 1], [""839de9798f377492eee68f82b202d7cd3544be83d799f6226a02f3678c9bb914"", 22], [""d32e76d495ac7d855d805fb71682b98d254520e3799aa4529ebc983212648335"", 1], [""fbdd7f9dd299d83b1f398778da2e6765dfaaed62005667264734a1f76ec09071"", 1]]","[[""443e04bc1a78940b3fcd5438d24b6c5f182a276d354a3108e738b193675de032"", 1], [""6248961b681ea0deb189f354be0c8286f35974dcdb211c13c921c3dd0e566a6e"", 1]]",True,
mixed-R0,fcabd6aa14e2df4b7ca00fa516a70eba6de58b74dfde30270e3fe3eec6d1da7a,Which specific DIFC Laws were amended by DIFC Law No. 2 of 2022?,free_text,"""DIFC Law No. 2 of 2022 amended the following DIFC Laws: the Common Reporting Standard Law (DIFC Law No. 2 of 2018), the Foundations Law (DIFC Law No. 3 of 2018), the Law on the Application of Civil and Commercial Laws in the DIFC (DIFC Law No. 3 of 2004), the Trust Law (DIFC Law,""","""Common Reporting Standard Law, Employment Law, Foundations Law, General Partnership Law, Limited Liability Partnership Law, Personal Property Law, Trust Law, and the Law on the Application of Civil and Commercial Laws in the DIFC.""",0.2,0.75,0.75,"[[""22442c5ee999e2519c68de908be511875a84f2b810ed540c2dcfcbcc65031434"", 1], [""302a0bd8d67775e8dc5960ecec7879be566300d8b32c4b0153ba15ebdb279425"", 1], [""4e387152960c1029b3711cacb05b287b13c977bc61f2558059a62b7b427a62eb"", 1], [""72ea171147bf30326fe6fd2e6798f607c7cef4bf9d43761dbccd2f1b6a356849"", 1], [""72ea171147bf30326fe6fd2e6798f607c7cef4bf9d43761dbccd2f1b6a356849"", 40], [""b82ac8228e051d96bf8d706d3251893ebff1c9457b066fce3b7cb99af956f2a7"", 1], [""fbdd7f9dd299d83b1f398778da2e6765dfaaed62005667264734a1f76ec09071"", 1], [""ff746f7b583490a80ba104361c0a82a1ebbf7ed9097cd03dc49d744cb5057761"", 1]]","[[""22442c5ee999e2519c68de908be511875a84f2b810ed540c2dcfcbcc65031434"", 1], [""302a0bd8d67775e8dc5960ecec7879be566300d8b32c4b0153ba15ebdb279425"", 1], [""33bc02044716acdfedb164b065bdaec098aaadcae863c591f9931c88e7307d16"", 1], [""4e387152960c1029b3711cacb05b287b13c977bc61f2558059a62b7b427a62eb"", 1], [""536bbce854b9406cc22697e04fcdabd645e030c0e55b918252643b00e0b2b25f"", 1], [""b82ac8228e051d96bf8d706d3251893ebff1c9457b066fce3b7cb99af956f2a7"", 1], [""fbdd7f9dd299d83b1f398778da2e6765dfaaed62005667264734a1f76ec09071"", 1], [""ff746f7b583490a80ba104361c0a82a1ebbf7ed9097cd03dc49d744cb5057761"", 1]]",True,"The submission names only a subset of the amended laws and omits Employment Law, General Partnership Law, Limited Liability Partnership Law, and Personal Property Law. Its high confidence is not justified given the incomplete answer, and the response is truncated mid-citation, which hurts clarity."
mixed-R0,e59a0dc49c291402ead91342b065bc4e9ded0043d126f73dd00ba6045aae46b7,"Under Article 14(1) of the Employment Law 2019, how many days does an Employer have to provide an Employee with a written Employment Contract after the commencement of employment?",number,null,7,0.0,0.0,0.0,"[[""09660f78c26cd56c08c7253ed21ba01fb246092f482ccd8acd8e6f9b6fd2d917"", 2], [""09660f78c26cd56c08c7253ed21ba01fb246092f482ccd8acd8e6f9b6fd2d917"", 3], [""09660f78c26cd56c08c7253ed21ba01fb246092f482ccd8acd8e6f9b6fd2d917"", 4], [""09660f78c26cd56c08c7253ed21ba01fb246092f482ccd8acd8e6f9b6fd2d917"", 7], [""f4c4d051d514270964adcf58e124569e396602340b7d9172671759de10a95897"", 4]]","[[""33bc02044716acdfedb164b065bdaec098aaadcae863c591f9931c88e7307d16"", 7]]",True,
mixed-R0,359f1c315f2ac48e6b34ecfa503c6b9c892365985b363dc9a4e3c85563550d05,Who is the defendant in case ARB 034/2025?,name,"""Aria Commodities DMCC, Mashreq Bank PSC, Emirates NBD Bank PJSC, and Abu Dhabi Islamic Bank PJSC.""","""Onora""",0.0,0.0,0.0,"[[""1a255edc261961ec64870466a27ac4e25b5ebc2abe298e1b69f8dd2fc27288f6"", 1], [""1a255edc261961ec64870466a27ac4e25b5ebc2abe298e1b69f8dd2fc27288f6"", 5], [""5d3df6d69fac3ef91e13ac835b43a35e9e434fbc7e72ea5c01e288d69b66e6a2"", 1], [""5d3df6d69fac3ef91e13ac835b43a35e9e434fbc7e72ea5c01e288d69b66e6a2"", 13], [""6248961b681ea0deb189f354be0c8286f35974dcdb211c13c921c3dd0e566a6e"", 6], [""839de9798f377492eee68f82b202d7cd3544be83d799f6226a02f3678c9bb914"", 2], [""839de9798f377492eee68f82b202d7cd3544be83d799f6226a02f3678c9bb914"", 6], [""d32e76d495ac7d855d805fb71682b98d254520e3799aa4529ebc983212648335"", 1]]","[[""58eae81bf668e7f6c58619f419a49b5e35e2e5c9c7475475ace28ec562580545"", 1]]",True,
mixed-R0,2fc105ec9d11e361b057e8ce21245fbc01f14cefe5ccddada9d7541c952106d2,"If a Muslim Employee works during the holy month of Ramadan, what is the maximum number of hours they can be required to work each day according to Article 23 of the Employment Law 2019?",number,null,6,0.0,0.0,0.0,"[[""09660f78c26cd56c08c7253ed21ba01fb246092f482ccd8acd8e6f9b6fd2d917"", 3], [""09660f78c26cd56c08c7253ed21ba01fb246092f482ccd8acd8e6f9b6fd2d917"", 4], [""09660f78c26cd56c08c7253ed21ba01fb246092f482ccd8acd8e6f9b6fd2d917"", 5], [""09660f78c26cd56c08c7253ed21ba01fb246092f482ccd8acd8e6f9b6fd2d917"", 7], [""72ea171147bf30326fe6fd2e6798f607c7cef4bf9d43761dbccd2f1b6a356849"", 39], [""fbdd7f9dd299d83b1f398778da2e6765dfaaed62005667264734a1f76ec09071"", 14]]","[[""33bc02044716acdfedb164b065bdaec098aaadcae863c591f9931c88e7307d16"", 14]]",True,
mixed-R0,b667804a5541a24d40f211b3febc69fa5e633d52a08baf9ce6735832ea4e5ec1,"Based on the full case files for DEC 001/2025 and CFI 057/2025, was there any judge involved in both cases?",boolean,null,false,0.0,0.0,0.0,"[[""09660f78c26cd56c08c7253ed21ba01fb246092f482ccd8acd8e6f9b6fd2d917"", 1], [""1a255edc261961ec64870466a27ac4e25b5ebc2abe298e1b69f8dd2fc27288f6"", 1], [""1a255edc261961ec64870466a27ac4e25b5ebc2abe298e1b69f8dd2fc27288f6"", 8], [""3f8a5ea0e051ba3af7a02da340c911fe0970ebece6c852c3e61a10c00cac6d6e"", 8], [""5d3df6d69fac3ef91e13ac835b43a35e9e434fbc7e72ea5c01e288d69b66e6a2"", 14], [""5d3df6d69fac3ef91e13ac835b43a35e9e434fbc7e72ea5c01e288d69b66e6a2"", 15], [""839de9798f377492eee68f82b202d7cd3544be83d799f6226a02f3678c9bb914"", 7]]","[[""1b446e196b4d1752241c8ff689a31ea705e98ad0c16b9d343c303664f72b64a1"", 1], [""3f8a5ea0e051ba3af7a02da340c911fe0970ebece6c852c3e61a10c00cac6d6e"", 1], [""839de9798f377492eee68f82b202d7cd3544be83d799f6226a02f3678c9bb914"", 1]]",True,
mixed-R0,b1d0245bb7c71b42f08a4cdbec612a56715295223472ac5a45af31811ada2f3b,"Under the Operating Law 2018, can the Registrar be held liable for acts or omissions in performing their functions if the act or omission is shown to have been in bad faith, according to Article 7(8)?",boolean,true,true,1.0,0.16666666666666666,1.0,"[[""72ea171147bf30326fe6fd2e6798f607c7cef4bf9d43761dbccd2f1b6a356849"", 5], [""72ea171147bf30326fe6fd2e6798f607c7cef4bf9d43761dbccd2f1b6a356849"", 7], [""72ea171147bf30326fe6fd2e6798f607c7cef4bf9d43761dbccd2f1b6a356849"", 19], [""72ea171147bf30326fe6fd2e6798f607c7cef4bf9d43761dbccd2f1b6a356849"", 20], [""72ea171147bf30326fe6fd2e6798f607c7cef4bf9d43761dbccd2f1b6a356849"", 24], [""72ea171147bf30326fe6fd2e6798f607c7cef4bf9d43761dbccd2f1b6a356849"", 33]]","[[""72ea171147bf30326fe6fd2e6798f607c7cef4bf9d43761dbccd2f1b6a356849"", 7]]",False,
mixed-R0,ad7357a7eb955085f6438dfcaf44324de7fcf88da86c846242e173eacdeebfda,What was the result of the application heard in case SCT 169/2025?,free_text,"""There is no information on this question in the provided documents.""","""The Permission to Appeal Application was refused, the adjournment request was refused, and there was no order as to costs.""",0.6,0.0,0.0,"[[""09660f78c26cd56c08c7253ed21ba01fb246092f482ccd8acd8e6f9b6fd2d917"", 1], [""3f8a5ea0e051ba3af7a02da340c911fe0970ebece6c852c3e61a10c00cac6d6e"", 4], [""3f8a5ea0e051ba3af7a02da340c911fe0970ebece6c852c3e61a10c00cac6d6e"", 5], [""839de9798f377492eee68f82b202d7cd3544be83d799f6226a02f3678c9bb914"", 17], [""d32e76d495ac7d855d805fb71682b98d254520e3799aa4529ebc983212648335"", 1], [""f4c4d051d514270964adcf58e124569e396602340b7d9172671759de10a95897"", 1], [""f4c4d051d514270964adcf58e124569e396602340b7d9172671759de10a95897"", 2]]","[[""3a574fc4f0baa5ec7ff0dcc822d7c55e4f9c493c24addc217c8df3d848c16fa5"", 2]]",True,"The response abstains instead of giving the actual outcome. The reference says the permission to appeal application was refused, the adjournment request was refused, and there was no order as to costs."
mixed-R0,0aba04f64851d1419be984476f91f278e6ada2d6c536fd119d7ab37a8ed06593,Do cases CFI 067/2025 and SCT 514/2025 involve any of the same legal entities or individuals as main parties?,boolean,true,false,0.0,0.0,0.0,"[[""09660f78c26cd56c08c7253ed21ba01fb246092f482ccd8acd8e6f9b6fd2d917"", 7], [""1a255edc261961ec64870466a27ac4e25b5ebc2abe298e1b69f8dd2fc27288f6"", 7], [""1a255edc261961ec64870466a27ac4e25b5ebc2abe298e1b69f8dd2fc27288f6"", 75], [""22442c5ee999e2519c68de908be511875a84f2b810ed540c2dcfcbcc65031434"", 33], [""3f8a5ea0e051ba3af7a02da340c911fe0970ebece6c852c3e61a10c00cac6d6e"", 8], [""839de9798f377492eee68f82b202d7cd3544be83d799f6226a02f3678c9bb914"", 7], [""b82ac8228e051d96bf8d706d3251893ebff1c9457b066fce3b7cb99af956f2a7"", 23]]","[[""6306079a16b1dec85690f75c715cdbd78b0685a3e19ee30250d481bc32f2e29a"", 1], [""897ab23ed5a70034d3d708d871ad1da8bc7b6608d94b1ca46b5d578d985d3c13"", 1]]",True,
mixed-R0,9596fb754439e6752034890c1272a2df7c0f9000db7d186db21aa232a253fca4,What is the effective date for due diligence requirements for Pre-existing Accounts and New Accounts under the Common Reporting Standard Law 2018?,free_text,"""The effective date for due diligence requirements is 2016-12-31 for Pre-existing Accounts and 2017-01-01 for New Accounts.""","""Pre-existing Accounts: 31 December 2016; New Accounts: 1 January 2017.""",1.0,0.14285714285714285,1.0,"[[""fbdd7f9dd299d83b1f398778da2e6765dfaaed62005667264734a1f76ec09071"", 1], [""fbdd7f9dd299d83b1f398778da2e6765dfaaed62005667264734a1f76ec09071"", 2], [""fbdd7f9dd299d83b1f398778da2e6765dfaaed62005667264734a1f76ec09071"", 3], [""fbdd7f9dd299d83b1f398778da2e6765dfaaed62005667264734a1f76ec09071"", 7], [""fbdd7f9dd299d83b1f398778da2e6765dfaaed62005667264734a1f76ec09071"", 15], [""fbdd7f9dd299d83b1f398778da2e6765dfaaed62005667264734a1f76ec09071"", 16], [""fbdd7f9dd299d83b1f398778da2e6765dfaaed62005667264734a1f76ec09071"", 17]]","[[""fbdd7f9dd299d83b1f398778da2e6765dfaaed62005667264734a1f76ec09071"", 3]]",False,The answer matches the reference: Pre-existing Accounts effective date is 31 December 2016 and New Accounts effective date is 1 January 2017. It is directly supported by the provided evidence and is clear and concise.
mixed-R0,9f48d8eca6d10cf26f60226078f0d9cb32d3aa2fd25c90c312549cb6265ebd84,"According to Article 2 of the DIFC Personal Property Law 2005, who made this Law?",free_text,"""There is no information on this question in the provided documents.""","""It was made by the Ruler of Dubai.""",0.4,0.0,0.0,"[[""302a0bd8d67775e8dc5960ecec7879be566300d8b32c4b0153ba15ebdb279425"", 1], [""72ea171147bf30326fe6fd2e6798f607c7cef4bf9d43761dbccd2f1b6a356849"", 41], [""b82ac8228e051d96bf8d706d3251893ebff1c9457b066fce3b7cb99af956f2a7"", 1], [""b82ac8228e051d96bf8d706d3251893ebff1c9457b066fce3b7cb99af956f2a7"", 23], [""ff746f7b583490a80ba104361c0a82a1ebbf7ed9097cd03dc49d744cb5057761"", 1], [""ff746f7b583490a80ba104361c0a82a1ebbf7ed9097cd03dc49d744cb5057761"", 3], [""ff746f7b583490a80ba104361c0a82a1ebbf7ed9097cd03dc49d744cb5057761"", 7]]","[[""536bbce854b9406cc22697e04fcdabd645e030c0e55b918252643b00e0b2b25f"", 3]]",True,"The submission correctly abstains from guessing, but it does not answer the question; the reference says the Law was made by the Ruler of Dubai. Its high confidence is not appropriate given that it does not provide the required answer."
mixed-R0,802d12a65530cd728da4c2f4430275488285ced247123431a905f8d525e80ede,"Based on the second page of the document, was the Claimant's application for continuation of the ASI Order granted by the court in case ARB 034/2025?",boolean,null,false,0.0,0.0,0.0,"[[""1a255edc261961ec64870466a27ac4e25b5ebc2abe298e1b69f8dd2fc27288f6"", 5], [""1a255edc261961ec64870466a27ac4e25b5ebc2abe298e1b69f8dd2fc27288f6"", 21], [""22442c5ee999e2519c68de908be511875a84f2b810ed540c2dcfcbcc65031434"", 45], [""3f8a5ea0e051ba3af7a02da340c911fe0970ebece6c852c3e61a10c00cac6d6e"", 21], [""5d3df6d69fac3ef91e13ac835b43a35e9e434fbc7e72ea5c01e288d69b66e6a2"", 1], [""839de9798f377492eee68f82b202d7cd3544be83d799f6226a02f3678c9bb914"", 38], [""c98c1475692bc22f4abab6a7a7d7969467c94e46a7e68919aaf127179ebf3f54"", 1]]","[[""58eae81bf668e7f6c58619f419a49b5e35e2e5c9c7475475ace28ec562580545"", 2]]",True,
mixed-R0,84ef7f354a41168e99812515cd775297b36c35a541c5b8eb1978be771554b546,"According to Article 14(2)(l) of the Employment Law 2019, what is the maximum probation period in months for an Employee, except in specific fixed-term contract circumstances?",number,null,6,0.0,0.0,0.0,"[[""09660f78c26cd56c08c7253ed21ba01fb246092f482ccd8acd8e6f9b6fd2d917"", 3], [""09660f78c26cd56c08c7253ed21ba01fb246092f482ccd8acd8e6f9b6fd2d917"", 4], [""09660f78c26cd56c08c7253ed21ba01fb246092f482ccd8acd8e6f9b6fd2d917"", 5], [""09660f78c26cd56c08c7253ed21ba01fb246092f482ccd8acd8e6f9b6fd2d917"", 7]]","[[""33bc02044716acdfedb164b065bdaec098aaadcae863c591f9931c88e7307d16"", 8]]",True,
mixed-R0,5046b4e3fa11a42090ae0cef08c4cd64a1c8761955eb711db396f7fb1634ea86,"According to page 2 of the judgment, from which specific claim number did the appeal in CA 009/2024 originate?",name,"""SCT 454/2024""","""Claim No. ENF-316-2023/2""",0.0,0.0,0.0,"[[""09660f78c26cd56c08c7253ed21ba01fb246092f482ccd8acd8e6f9b6fd2d917"", 1], [""09660f78c26cd56c08c7253ed21ba01fb246092f482ccd8acd8e6f9b6fd2d917"", 7], [""437568a801115019fe8278385c0484bdf07ab86f9a499ecaba2b7969b37c764b"", 14], [""5d3df6d69fac3ef91e13ac835b43a35e9e434fbc7e72ea5c01e288d69b66e6a2"", 5], [""5d3df6d69fac3ef91e13ac835b43a35e9e434fbc7e72ea5c01e288d69b66e6a2"", 16], [""c98c1475692bc22f4abab6a7a7d7969467c94e46a7e68919aaf127179ebf3f54"", 1], [""f4c4d051d514270964adcf58e124569e396602340b7d9172671759de10a95897"", 1], [""f4c4d051d514270964adcf58e124569e396602340b7d9172671759de10a95897"", 2]]","[[""bd2d222ee0a636a745434cfb457321cd658db5bb32b5f0a3f5643236cc1503d8"", 2]]",True,
mixed-R0,042ddf2ed161068fab8072f16e01a15e11da9d741d207bfc0185e5133a810193,Does the Law on the Application of Civil and Commercial Laws in the DIFC Law No. 3 of 2004 apply in the jurisdiction of the Dubai International Financial Centre?,boolean,true,true,1.0,0.16666666666666666,1.0,"[[""ff746f7b583490a80ba104361c0a82a1ebbf7ed9097cd03dc49d744cb5057761"", 1], [""ff746f7b583490a80ba104361c0a82a1ebbf7ed9097cd03dc49d744cb5057761"", 2], [""ff746f7b583490a80ba104361c0a82a1ebbf7ed9097cd03dc49d744cb5057761"", 3], [""ff746f7b583490a80ba104361c0a82a1ebbf7ed9097cd03dc49d744cb5057761"", 4], [""ff746f7b583490a80ba104361c0a82a1ebbf7ed9097cd03dc49d744cb5057761"", 5], [""ff746f7b583490a80ba104361c0a82a1ebbf7ed9097cd03dc49d744cb5057761"", 7]]","[[""ff746f7b583490a80ba104361c0a82a1ebbf7ed9097cd03dc49d744cb5057761"", 3]]",False,
mixed-R0,e14ad296801b3fb6855a3a9338f1e9b8e2d1bfb05c99682a3cf4f9140b49b17b,"Under Article 11(5) of the DIFC Trust Law 2018, is a term of the trust expressly declaring that the laws of the DIFC shall govern the trust valid, effective, and conclusive regardless of any other circumstance?",boolean,true,true,1.0,0.14285714285714285,1.0,"[[""4e387152960c1029b3711cacb05b287b13c977bc61f2558059a62b7b427a62eb"", 1], [""4e387152960c1029b3711cacb05b287b13c977bc61f2558059a62b7b427a62eb"", 4], [""4e387152960c1029b3711cacb05b287b13c977bc61f2558059a62b7b427a62eb"", 5], [""4e387152960c1029b3711cacb05b287b13c977bc61f2558059a62b7b427a62eb"", 6], [""4e387152960c1029b3711cacb05b287b13c977bc61f2558059a62b7b427a62eb"", 7], [""4e387152960c1029b3711cacb05b287b13c977bc61f2558059a62b7b427a62eb"", 48], [""4e387152960c1029b3711cacb05b287b13c977bc61f2558059a62b7b427a62eb"", 50]]","[[""4e387152960c1029b3711cacb05b287b13c977bc61f2558059a62b7b427a62eb"", 6]]",False,
mixed-R0,f33177fc2ed5b35033bfa1c7f9fc5d7a3776feb10b498c375cdcb40e0c53ffbf,Is there any main party that appeared in both cases CA 004/2025 and SCT 514/2025?,boolean,true,false,0.0,0.0,0.0,"[[""1a255edc261961ec64870466a27ac4e25b5ebc2abe298e1b69f8dd2fc27288f6"", 61], [""1a255edc261961ec64870466a27ac4e25b5ebc2abe298e1b69f8dd2fc27288f6"", 75], [""1a255edc261961ec64870466a27ac4e25b5ebc2abe298e1b69f8dd2fc27288f6"", 108], [""839de9798f377492eee68f82b202d7cd3544be83d799f6226a02f3678c9bb914"", 6], [""839de9798f377492eee68f82b202d7cd3544be83d799f6226a02f3678c9bb914"", 7], [""839de9798f377492eee68f82b202d7cd3544be83d799f6226a02f3678c9bb914"", 21], [""839de9798f377492eee68f82b202d7cd3544be83d799f6226a02f3678c9bb914"", 22]]","[[""6306079a16b1dec85690f75c715cdbd78b0685a3e19ee30250d481bc32f2e29a"", 1], [""78ffe994cdc61ce6a2a6937c79fc52751bb5d2b4eaa4019f088fbccf70569c26"", 1]]",True,
mixed-R0,f29159d38bf494e330b32f03507df593d5869a129796a3b7f6efe14fd1b1a0a5,What does Article 16(1)(c) of the Employment Law 2019 require an Employer to keep records of regarding an Employee's remuneration?,free_text,"""There is no information on this question in the provided documents.""","""The employee's remuneration, gross and net where applicable, and the applicable pay period.""",0.6,0.0,0.0,"[[""09660f78c26cd56c08c7253ed21ba01fb246092f482ccd8acd8e6f9b6fd2d917"", 3], [""09660f78c26cd56c08c7253ed21ba01fb246092f482ccd8acd8e6f9b6fd2d917"", 4], [""09660f78c26cd56c08c7253ed21ba01fb246092f482ccd8acd8e6f9b6fd2d917"", 5], [""72ea171147bf30326fe6fd2e6798f607c7cef4bf9d43761dbccd2f1b6a356849"", 11], [""72ea171147bf30326fe6fd2e6798f607c7cef4bf9d43761dbccd2f1b6a356849"", 41], [""f4c4d051d514270964adcf58e124569e396602340b7d9172671759de10a95897"", 3]]","[[""33bc02044716acdfedb164b065bdaec098aaadcae863c591f9931c88e7307d16"", 8]]",True,"The submission does not answer the question. Article 16(1)(c) requires keeping records of the employee’s remuneration, gross and net where applicable, and the applicable pay period, rather than saying no information is available."
mixed-R0,2e8b251fd560f4446bfc9c5fa4b83ecbce69d650a8fd00fc9815c1fb34a764ad,"Looking at the title/cover page of every document across both case TCD 001/2024 and case CFI 016/2025, is there any party (claimant or defendant) common to both cases?",boolean,null,false,0.0,0.0,0.0,"[[""1a255edc261961ec64870466a27ac4e25b5ebc2abe298e1b69f8dd2fc27288f6"", 29], [""1a255edc261961ec64870466a27ac4e25b5ebc2abe298e1b69f8dd2fc27288f6"", 75], [""3f8a5ea0e051ba3af7a02da340c911fe0970ebece6c852c3e61a10c00cac6d6e"", 2], [""3f8a5ea0e051ba3af7a02da340c911fe0970ebece6c852c3e61a10c00cac6d6e"", 4], [""3f8a5ea0e051ba3af7a02da340c911fe0970ebece6c852c3e61a10c00cac6d6e"", 8], [""d32e76d495ac7d855d805fb71682b98d254520e3799aa4529ebc983212648335"", 9], [""d32e76d495ac7d855d805fb71682b98d254520e3799aa4529ebc983212648335"", 11]]","[[""0471e83c1ea18086cfb6b3ff51da6f22b0efee337f10315b2593f782297ccb84"", 1], [""6248961b681ea0deb189f354be0c8286f35974dcdb211c13c921c3dd0e566a6e"", 1], [""62930da32fa3172edf2f2bbf3da268455bd99a7b5fab34d72358730d8cd5da30"", 1], [""c98c1475692bc22f4abab6a7a7d7969467c94e46a7e68919aaf127179ebf3f54"", 1]]",False,
mixed-R0,fa672c84261a575ba49aba560b6a00c5d944ab9373b764c743d79821658e0052,"What was the outcome of the specific order or application described in case CFI 016/2025, based on the last page of the document?",free_text,"""The outcome was that the court ordered the WFO to continue until further order, and directed the parties to agree and submit draft orders within 48 hours for amendments to the WFO, disclosure under a penal notice, and costs.""","""The No Costs Application was rejected, no costs were ordered on that application, and the Defendant was awarded AED 70,000 in costs for the claim.""",0.2,0.0,0.0,"[[""1a255edc261961ec64870466a27ac4e25b5ebc2abe298e1b69f8dd2fc27288f6"", 7], [""3f8a5ea0e051ba3af7a02da340c911fe0970ebece6c852c3e61a10c00cac6d6e"", 2], [""3f8a5ea0e051ba3af7a02da340c911fe0970ebece6c852c3e61a10c00cac6d6e"", 3], [""5d3df6d69fac3ef91e13ac835b43a35e9e434fbc7e72ea5c01e288d69b66e6a2"", 4], [""839de9798f377492eee68f82b202d7cd3544be83d799f6226a02f3678c9bb914"", 5], [""839de9798f377492eee68f82b202d7cd3544be83d799f6226a02f3678c9bb914"", 7], [""839de9798f377492eee68f82b202d7cd3544be83d799f6226a02f3678c9bb914"", 38]]","[[""6248961b681ea0deb189f354be0c8286f35974dcdb211c13c921c3dd0e566a6e"", 7]]",False,"The submission does not match the reference outcome. The reference says the No Costs Application was rejected, no costs were ordered on that application, and the Defendant was awarded AED 70,000 in costs for the claim. The answer instead describes continuation of the WFO and directions to submit draft orders. It is clear, but it does not directly answer the asked outcome and the high confidence is not justified by the mismatch."
mixed-R0,7aae865f328e2012c31b41b6e2cccac715c14df5b56ec548d3fa9cb6bc46dcd1,"Under Article 11 of the General Partnership Law 2004, is an unincorporated body of persons carrying on business for profit automatically deemed a partnership if there is an agreement specifying it as a body corporate?",boolean,false,false,1.0,0.125,1.0,"[[""302a0bd8d67775e8dc5960ecec7879be566300d8b32c4b0153ba15ebdb279425"", 1], [""302a0bd8d67775e8dc5960ecec7879be566300d8b32c4b0153ba15ebdb279425"", 2], [""302a0bd8d67775e8dc5960ecec7879be566300d8b32c4b0153ba15ebdb279425"", 4], [""302a0bd8d67775e8dc5960ecec7879be566300d8b32c4b0153ba15ebdb279425"", 5], [""302a0bd8d67775e8dc5960ecec7879be566300d8b32c4b0153ba15ebdb279425"", 10], [""302a0bd8d67775e8dc5960ecec7879be566300d8b32c4b0153ba15ebdb279425"", 12], [""302a0bd8d67775e8dc5960ecec7879be566300d8b32c4b0153ba15ebdb279425"", 13], [""302a0bd8d67775e8dc5960ecec7879be566300d8b32c4b0153ba15ebdb279425"", 22]]","[[""302a0bd8d67775e8dc5960ecec7879be566300d8b32c4b0153ba15ebdb279425"", 5]]",False,
mixed-R0,e0798bd394af022603f1ed7a09641de2bb414bd14a9d6a2c494980c86095ccff,"If the Relevant Authority confirms a fine or action after an appeal under Article 21(5) of the Common Reporting Standard Law 2018, how many business days does the Reporting Financial Institution have to pay the fine or perform the action?",number,15,15,1.0,0.25,1.0,"[[""fbdd7f9dd299d83b1f398778da2e6765dfaaed62005667264734a1f76ec09071"", 3], [""fbdd7f9dd299d83b1f398778da2e6765dfaaed62005667264734a1f76ec09071"", 11], [""fbdd7f9dd299d83b1f398778da2e6765dfaaed62005667264734a1f76ec09071"", 12], [""fbdd7f9dd299d83b1f398778da2e6765dfaaed62005667264734a1f76ec09071"", 13]]","[[""fbdd7f9dd299d83b1f398778da2e6765dfaaed62005667264734a1f76ec09071"", 13]]",False,
mixed-R0,32bb32856c65215eddb17d2b5b938f58b4bec525af96f8637686e33b0d696e89,"According to Article 28(4) of the DIFC Trust Law 2018, can an order made consequential to a declaration under Articles 24 to 27 prejudice a purchaser in good faith for value of trust property without notice of the voidable matters?",boolean,false,false,1.0,0.14285714285714285,1.0,"[[""4e387152960c1029b3711cacb05b287b13c977bc61f2558059a62b7b427a62eb"", 4], [""4e387152960c1029b3711cacb05b287b13c977bc61f2558059a62b7b427a62eb"", 5], [""4e387152960c1029b3711cacb05b287b13c977bc61f2558059a62b7b427a62eb"", 6], [""4e387152960c1029b3711cacb05b287b13c977bc61f2558059a62b7b427a62eb"", 7], [""4e387152960c1029b3711cacb05b287b13c977bc61f2558059a62b7b427a62eb"", 9], [""4e387152960c1029b3711cacb05b287b13c977bc61f2558059a62b7b427a62eb"", 15], [""4e387152960c1029b3711cacb05b287b13c977bc61f2558059a62b7b427a62eb"", 24]]","[[""4e387152960c1029b3711cacb05b287b13c977bc61f2558059a62b7b427a62eb"", 15]]",False,
mixed-R0,698e30385362eebe29a7fd618bb6d5fc2d213fca30eb008f0496d3887d6b4677,Is there any main party that appeared in both cases ARB 034/2025 and SCT 514/2025?,boolean,true,false,0.0,0.0,0.0,"[[""1a255edc261961ec64870466a27ac4e25b5ebc2abe298e1b69f8dd2fc27288f6"", 1], [""1a255edc261961ec64870466a27ac4e25b5ebc2abe298e1b69f8dd2fc27288f6"", 60], [""1a255edc261961ec64870466a27ac4e25b5ebc2abe298e1b69f8dd2fc27288f6"", 61], [""1a255edc261961ec64870466a27ac4e25b5ebc2abe298e1b69f8dd2fc27288f6"", 62], [""3f8a5ea0e051ba3af7a02da340c911fe0970ebece6c852c3e61a10c00cac6d6e"", 16], [""839de9798f377492eee68f82b202d7cd3544be83d799f6226a02f3678c9bb914"", 1], [""839de9798f377492eee68f82b202d7cd3544be83d799f6226a02f3678c9bb914"", 6], [""839de9798f377492eee68f82b202d7cd3544be83d799f6226a02f3678c9bb914"", 21]]","[[""58eae81bf668e7f6c58619f419a49b5e35e2e5c9c7475475ace28ec562580545"", 1], [""6306079a16b1dec85690f75c715cdbd78b0685a3e19ee30250d481bc32f2e29a"", 1]]",True,
mixed-R0,52a35cfabe76f2c538c6f72a841a08e0cc85bbe8f732874a4d2827383794c213,Did cases CA 004/2025 and ARB 034/2025 have any judges in common?,boolean,null,false,0.0,0.0,0.0,"[[""03b621728fe29eb6113fcdb57f6458d793fd2d5c5b833ae26d40f04a29c85359"", 1], [""09660f78c26cd56c08c7253ed21ba01fb246092f482ccd8acd8e6f9b6fd2d917"", 1], [""1a255edc261961ec64870466a27ac4e25b5ebc2abe298e1b69f8dd2fc27288f6"", 1], [""1a255edc261961ec64870466a27ac4e25b5ebc2abe298e1b69f8dd2fc27288f6"", 5], [""3f8a5ea0e051ba3af7a02da340c911fe0970ebece6c852c3e61a10c00cac6d6e"", 18], [""5d3df6d69fac3ef91e13ac835b43a35e9e434fbc7e72ea5c01e288d69b66e6a2"", 13], [""c98c1475692bc22f4abab6a7a7d7969467c94e46a7e68919aaf127179ebf3f54"", 1], [""f4c4d051d514270964adcf58e124569e396602340b7d9172671759de10a95897"", 1]]","[[""58eae81bf668e7f6c58619f419a49b5e35e2e5c9c7475475ace28ec562580545"", 1], [""78ffe994cdc61ce6a2a6937c79fc52751bb5d2b4eaa4019f088fbccf70569c26"", 1]]",True,
mixed-R0,a341025df493b0e6a962fa637e3df6fe053c3de28cb2f5c8eb0814067af32b95,"According to Article 12(4) of the Common Reporting Standard Law and Article 18(2)(b) of the General Partnership Law, what are the retention periods for records?",free_text,"""Under Article 12(4) of the Common Reporting Standard Law, records must be retained for six (6) years after the date of reporting the information. Under Article 18(2)(b) of the General Partnership Law, records must be preserved for at least six (6) years from the date they were,be""","""Under the CRS Law, records must be retained for 6 years after reporting. Under the General Partnership Law, accounting records must be preserved for at least 6 years from creation, or longer if prescribed by Regulations.""",0.6,0.2857142857142857,1.0,"[[""302a0bd8d67775e8dc5960ecec7879be566300d8b32c4b0153ba15ebdb279425"", 6], [""302a0bd8d67775e8dc5960ecec7879be566300d8b32c4b0153ba15ebdb279425"", 7], [""302a0bd8d67775e8dc5960ecec7879be566300d8b32c4b0153ba15ebdb279425"", 8], [""302a0bd8d67775e8dc5960ecec7879be566300d8b32c4b0153ba15ebdb279425"", 23], [""b82ac8228e051d96bf8d706d3251893ebff1c9457b066fce3b7cb99af956f2a7"", 13], [""b82ac8228e051d96bf8d706d3251893ebff1c9457b066fce3b7cb99af956f2a7"", 18], [""fbdd7f9dd299d83b1f398778da2e6765dfaaed62005667264734a1f76ec09071"", 7]]","[[""302a0bd8d67775e8dc5960ecec7879be566300d8b32c4b0153ba15ebdb279425"", 7], [""fbdd7f9dd299d83b1f398778da2e6765dfaaed62005667264734a1f76ec09071"", 7]]",False,"The main retention periods are correct, but the answer omits the General Partnership Law qualifier that records may need to be kept longer if prescribed by Regulations. The stated confidence is too high given the truncated/incomplete ending."
mixed-R0,acd7d2aea67ff920768aae75300837412f603e0e29f048ea33171ba52c1c0cd8,Which case has an earlier Date of Issue: ENF 269/2023 or SCT 514/2025?,name,"""ENF 269/2023""","""ENF 269/2023""",1.0,0.0,0.0,"[[""1a255edc261961ec64870466a27ac4e25b5ebc2abe298e1b69f8dd2fc27288f6"", 5], [""1a255edc261961ec64870466a27ac4e25b5ebc2abe298e1b69f8dd2fc27288f6"", 8], [""839de9798f377492eee68f82b202d7cd3544be83d799f6226a02f3678c9bb914"", 17], [""839de9798f377492eee68f82b202d7cd3544be83d799f6226a02f3678c9bb914"", 22], [""c98c1475692bc22f4abab6a7a7d7969467c94e46a7e68919aaf127179ebf3f54"", 6], [""c98c1475692bc22f4abab6a7a7d7969467c94e46a7e68919aaf127179ebf3f54"", 8], [""c98c1475692bc22f4abab6a7a7d7969467c94e46a7e68919aaf127179ebf3f54"", 9]]","[[""5d3df6d69fac3ef91e13ac835b43a35e9e434fbc7e72ea5c01e288d69b66e6a2"", 3], [""6306079a16b1dec85690f75c715cdbd78b0685a3e19ee30250d481bc32f2e29a"", 2]]",True,
mixed-R0,f2a28b01dbdda99ec2b09a7001ea72e35b94a42c14c4bc5e5206c59857770306,Is there a judge who presided over both case CFI 057/2025 and case ENF 269/2023?,boolean,null,false,0.0,0.14285714285714285,0.5,"[[""09660f78c26cd56c08c7253ed21ba01fb246092f482ccd8acd8e6f9b6fd2d917"", 1], [""1a255edc261961ec64870466a27ac4e25b5ebc2abe298e1b69f8dd2fc27288f6"", 17], [""3f8a5ea0e051ba3af7a02da340c911fe0970ebece6c852c3e61a10c00cac6d6e"", 3], [""3f8a5ea0e051ba3af7a02da340c911fe0970ebece6c852c3e61a10c00cac6d6e"", 18], [""5d3df6d69fac3ef91e13ac835b43a35e9e434fbc7e72ea5c01e288d69b66e6a2"", 1], [""5d3df6d69fac3ef91e13ac835b43a35e9e434fbc7e72ea5c01e288d69b66e6a2"", 12], [""5d3df6d69fac3ef91e13ac835b43a35e9e434fbc7e72ea5c01e288d69b66e6a2"", 15]]","[[""1b446e196b4d1752241c8ff689a31ea705e98ad0c16b9d343c303664f72b64a1"", 1], [""5d3df6d69fac3ef91e13ac835b43a35e9e434fbc7e72ea5c01e288d69b66e6a2"", 1]]",True,
mixed-R0,3c33f9a4de9bac177c65e3c3bd986ef05e527095e4c96aabbbed76599b727eb0,Who are listed as the claimants in the case documents for SCT 295/2025?,names,"[""Olexa""]","[""Olexa""]",1.0,0.14285714285714285,1.0,"[[""09660f78c26cd56c08c7253ed21ba01fb246092f482ccd8acd8e6f9b6fd2d917"", 1], [""1a255edc261961ec64870466a27ac4e25b5ebc2abe298e1b69f8dd2fc27288f6"", 1], [""1a255edc261961ec64870466a27ac4e25b5ebc2abe298e1b69f8dd2fc27288f6"", 7], [""1a255edc261961ec64870466a27ac4e25b5ebc2abe298e1b69f8dd2fc27288f6"", 8], [""839de9798f377492eee68f82b202d7cd3544be83d799f6226a02f3678c9bb914"", 6], [""839de9798f377492eee68f82b202d7cd3544be83d799f6226a02f3678c9bb914"", 7], [""d32e76d495ac7d855d805fb71682b98d254520e3799aa4529ebc983212648335"", 1]]","[[""09660f78c26cd56c08c7253ed21ba01fb246092f482ccd8acd8e6f9b6fd2d917"", 1]]",False,
mixed-R0,b982f3b308042c0eb23dfe264a56ab53866fbea5d3981c4bfcf3ffb6de22054e,What was the result of the application heard in case CFI 067/2025?,free_text,"""The appeal was allowed, the application for security for costs was remitted to the CFI for reconsideration, and permission to cross-appeal was refused.""","""The Defendant's application for immediate judgment and/or strike out was dismissed, and the Applicant was ordered to pay 80% of the Respondent's costs, assessed at USD 155,879.50.""",0.4,0.0,0.0,"[[""3f8a5ea0e051ba3af7a02da340c911fe0970ebece6c852c3e61a10c00cac6d6e"", 2], [""3f8a5ea0e051ba3af7a02da340c911fe0970ebece6c852c3e61a10c00cac6d6e"", 4], [""3f8a5ea0e051ba3af7a02da340c911fe0970ebece6c852c3e61a10c00cac6d6e"", 5], [""3f8a5ea0e051ba3af7a02da340c911fe0970ebece6c852c3e61a10c00cac6d6e"", 18], [""437568a801115019fe8278385c0484bdf07ab86f9a499ecaba2b7969b37c764b"", 1], [""839de9798f377492eee68f82b202d7cd3544be83d799f6226a02f3678c9bb914"", 17], [""d32e76d495ac7d855d805fb71682b98d254520e3799aa4529ebc983212648335"", 1]]","[[""897ab23ed5a70034d3d708d871ad1da8bc7b6608d94b1ca46b5d578d985d3c13"", 1]]",True,"The submission is clear and supported by the evidence, but it does not match the reference answer. The reference says the defendant’s application for immediate judgment and/or strike out was dismissed and costs were ordered, not that the appeal was allowed and remitted."
mixed-R0,cdddeb6a063f29cbea5f10b3dccbd83aa16849e1f3124e223d141d1578efeb0a,Who were the claimants in case CFI 010/2024?,names,null,"[""Fursa Consulting""]",0.0,0.0,0.0,"[[""09660f78c26cd56c08c7253ed21ba01fb246092f482ccd8acd8e6f9b6fd2d917"", 1], [""1a255edc261961ec64870466a27ac4e25b5ebc2abe298e1b69f8dd2fc27288f6"", 75], [""3f8a5ea0e051ba3af7a02da340c911fe0970ebece6c852c3e61a10c00cac6d6e"", 8], [""5d3df6d69fac3ef91e13ac835b43a35e9e434fbc7e72ea5c01e288d69b66e6a2"", 1], [""62930da32fa3172edf2f2bbf3da268455bd99a7b5fab34d72358730d8cd5da30"", 1], [""d32e76d495ac7d855d805fb71682b98d254520e3799aa4529ebc983212648335"", 1], [""d32e76d495ac7d855d805fb71682b98d254520e3799aa4529ebc983212648335"", 9], [""f4c4d051d514270964adcf58e124569e396602340b7d9172671759de10a95897"", 1]]","[[""443e04bc1a78940b3fcd5438d24b6c5f182a276d354a3108e738b193675de032"", 1]]",True,
mixed-R0,f5c27c961e218728abde9ff9031d1701cb36db4a2e590d2dbd8914dd28a27b20,"According to Article 19(2)(c) of the Common Reporting Standard Law 2018, how many days does a Reporting Financial Institution have to pay a fine for opening a New Account without a valid self-certification after receiving notification?",number,30,30,1.0,0.2,1.0,"[[""fbdd7f9dd299d83b1f398778da2e6765dfaaed62005667264734a1f76ec09071"", 3], [""fbdd7f9dd299d83b1f398778da2e6765dfaaed62005667264734a1f76ec09071"", 11], [""fbdd7f9dd299d83b1f398778da2e6765dfaaed62005667264734a1f76ec09071"", 12], [""fbdd7f9dd299d83b1f398778da2e6765dfaaed62005667264734a1f76ec09071"", 13], [""fbdd7f9dd299d83b1f398778da2e6765dfaaed62005667264734a1f76ec09071"", 17]]","[[""fbdd7f9dd299d83b1f398778da2e6765dfaaed62005667264734a1f76ec09071"", 11]]",False,
mixed-R0,7b31467fd9f391a836ecd316b258a6d5e849cb62a9a0c95573b084c1d1338ba0,"According to Article 9(9)(a) of the Operating Law 2018, how many months does a Licence typically have effect from its issue date by the Registrar?",number,12,12,1.0,0.14285714285714285,1.0,"[[""302a0bd8d67775e8dc5960ecec7879be566300d8b32c4b0153ba15ebdb279425"", 18], [""72ea171147bf30326fe6fd2e6798f607c7cef4bf9d43761dbccd2f1b6a356849"", 4], [""72ea171147bf30326fe6fd2e6798f607c7cef4bf9d43761dbccd2f1b6a356849"", 8], [""72ea171147bf30326fe6fd2e6798f607c7cef4bf9d43761dbccd2f1b6a356849"", 9], [""72ea171147bf30326fe6fd2e6798f607c7cef4bf9d43761dbccd2f1b6a356849"", 19], [""72ea171147bf30326fe6fd2e6798f607c7cef4bf9d43761dbccd2f1b6a356849"", 41], [""d32e76d495ac7d855d805fb71682b98d254520e3799aa4529ebc983212648335"", 8]]","[[""72ea171147bf30326fe6fd2e6798f607c7cef4bf9d43761dbccd2f1b6a356849"", 9]]",False,
mixed-R0,6b20dd63f6b2072c51f7063e32f5accf7218fd36fdfcc3fb627867139b41359e,Which case has an earlier Date of Issue: SCT 169/2025 or SCT 295/2025?,name,null,"""SCT 295/2025""",0.0,0.0,0.0,"[[""09660f78c26cd56c08c7253ed21ba01fb246092f482ccd8acd8e6f9b6fd2d917"", 1], [""1a255edc261961ec64870466a27ac4e25b5ebc2abe298e1b69f8dd2fc27288f6"", 5], [""1a255edc261961ec64870466a27ac4e25b5ebc2abe298e1b69f8dd2fc27288f6"", 8], [""1a255edc261961ec64870466a27ac4e25b5ebc2abe298e1b69f8dd2fc27288f6"", 61], [""3f8a5ea0e051ba3af7a02da340c911fe0970ebece6c852c3e61a10c00cac6d6e"", 4], [""839de9798f377492eee68f82b202d7cd3544be83d799f6226a02f3678c9bb914"", 17], [""d32e76d495ac7d855d805fb71682b98d254520e3799aa4529ebc983212648335"", 9]]","[[""09660f78c26cd56c08c7253ed21ba01fb246092f482ccd8acd8e6f9b6fd2d917"", 2], [""3a574fc4f0baa5ec7ff0dcc822d7c55e4f9c493c24addc217c8df3d848c16fa5"", 2]]",True,
mixed-R0,a499c8553e73100d9ecc8ccd1164beea4b82fa6b32c519de1a37c861925076a1,"If a Reporting Financial Institution fails to provide specified information during an investigation, does this constitute obstruction of Inspectors under Article 17(b) of the Common Reporting Standard Law 2018?",boolean,true,true,1.0,0.16666666666666666,1.0,"[[""72ea171147bf30326fe6fd2e6798f607c7cef4bf9d43761dbccd2f1b6a356849"", 18], [""fbdd7f9dd299d83b1f398778da2e6765dfaaed62005667264734a1f76ec09071"", 2], [""fbdd7f9dd299d83b1f398778da2e6765dfaaed62005667264734a1f76ec09071"", 3], [""fbdd7f9dd299d83b1f398778da2e6765dfaaed62005667264734a1f76ec09071"", 8], [""fbdd7f9dd299d83b1f398778da2e6765dfaaed62005667264734a1f76ec09071"", 9], [""fbdd7f9dd299d83b1f398778da2e6765dfaaed62005667264734a1f76ec09071"", 10]]","[[""fbdd7f9dd299d83b1f398778da2e6765dfaaed62005667264734a1f76ec09071"", 10]]",False,
mixed-R0,de67a8574c9e4352ba32d662761e8b2e59ce1d2ae36c33cf5c563dfc5d879920,"Considering all documents across case CA 005/2025 and case TCD 001/2024, was there any judge who participated in both cases?",boolean,false,true,0.0,0.0,0.0,"[[""09660f78c26cd56c08c7253ed21ba01fb246092f482ccd8acd8e6f9b6fd2d917"", 1], [""1a255edc261961ec64870466a27ac4e25b5ebc2abe298e1b69f8dd2fc27288f6"", 75], [""5d3df6d69fac3ef91e13ac835b43a35e9e434fbc7e72ea5c01e288d69b66e6a2"", 13], [""5d3df6d69fac3ef91e13ac835b43a35e9e434fbc7e72ea5c01e288d69b66e6a2"", 14], [""5d3df6d69fac3ef91e13ac835b43a35e9e434fbc7e72ea5c01e288d69b66e6a2"", 15], [""839de9798f377492eee68f82b202d7cd3544be83d799f6226a02f3678c9bb914"", 8], [""c98c1475692bc22f4abab6a7a7d7969467c94e46a7e68919aaf127179ebf3f54"", 1], [""d32e76d495ac7d855d805fb71682b98d254520e3799aa4529ebc983212648335"", 1]]","[[""0471e83c1ea18086cfb6b3ff51da6f22b0efee337f10315b2593f782297ccb84"", 1], [""437568a801115019fe8278385c0484bdf07ab86f9a499ecaba2b7969b37c764b"", 1]]",False,
mixed-R0,e153746c20cc385a520728ac381151f424c9eee10e4c582904fee70afe9af243,"According to Article 10 of the Employment Law 2019, how many months after the Termination Date must a claim under this Law be presented to the Court, unless otherwise specified?",number,6,6,1.0,0.0,0.0,"[[""09660f78c26cd56c08c7253ed21ba01fb246092f482ccd8acd8e6f9b6fd2d917"", 2], [""09660f78c26cd56c08c7253ed21ba01fb246092f482ccd8acd8e6f9b6fd2d917"", 3], [""09660f78c26cd56c08c7253ed21ba01fb246092f482ccd8acd8e6f9b6fd2d917"", 4], [""09660f78c26cd56c08c7253ed21ba01fb246092f482ccd8acd8e6f9b6fd2d917"", 5], [""09660f78c26cd56c08c7253ed21ba01fb246092f482ccd8acd8e6f9b6fd2d917"", 7], [""f4c4d051d514270964adcf58e124569e396602340b7d9172671759de10a95897"", 4]]","[[""33bc02044716acdfedb164b065bdaec098aaadcae863c591f9931c88e7307d16"", 6]]",True,
mixed-R0,922dcd5ae0d2420ec5577ed8094f593124f7b69f7e61b12c24ad46410114e8ae,What official law number is stated on the cover page of the DIFC Trust Law?,number,4,4,1.0,0.125,1.0,"[[""22442c5ee999e2519c68de908be511875a84f2b810ed540c2dcfcbcc65031434"", 1], [""22442c5ee999e2519c68de908be511875a84f2b810ed540c2dcfcbcc65031434"", 41], [""4e387152960c1029b3711cacb05b287b13c977bc61f2558059a62b7b427a62eb"", 1], [""4e387152960c1029b3711cacb05b287b13c977bc61f2558059a62b7b427a62eb"", 4], [""4e387152960c1029b3711cacb05b287b13c977bc61f2558059a62b7b427a62eb"", 50], [""72ea171147bf30326fe6fd2e6798f607c7cef4bf9d43761dbccd2f1b6a356849"", 1], [""fbdd7f9dd299d83b1f398778da2e6765dfaaed62005667264734a1f76ec09071"", 15], [""ff746f7b583490a80ba104361c0a82a1ebbf7ed9097cd03dc49d744cb5057761"", 7]]","[[""4e387152960c1029b3711cacb05b287b13c977bc61f2558059a62b7b427a62eb"", 1]]",False,
mixed-R0,f950917f9b85f687161b1022a11c3ce31e4f6ab459af69dfea311c20893fc8a7,Who are listed as the claimants in the case documents for CFI 067/2025?,names,"[""Techteryx""]","[""COINMENA B.S.C. (C)""]",0.0,0.0,0.0,"[[""09660f78c26cd56c08c7253ed21ba01fb246092f482ccd8acd8e6f9b6fd2d917"", 1], [""1a255edc261961ec64870466a27ac4e25b5ebc2abe298e1b69f8dd2fc27288f6"", 75], [""1a255edc261961ec64870466a27ac4e25b5ebc2abe298e1b69f8dd2fc27288f6"", 85], [""3f8a5ea0e051ba3af7a02da340c911fe0970ebece6c852c3e61a10c00cac6d6e"", 8], [""5d3df6d69fac3ef91e13ac835b43a35e9e434fbc7e72ea5c01e288d69b66e6a2"", 1], [""839de9798f377492eee68f82b202d7cd3544be83d799f6226a02f3678c9bb914"", 7], [""d32e76d495ac7d855d805fb71682b98d254520e3799aa4529ebc983212648335"", 1]]","[[""897ab23ed5a70034d3d708d871ad1da8bc7b6608d94b1ca46b5d578d985d3c13"", 1]]",True,
mixed-R0,254c8499b22ba05b0b1536c111b23e8afb031d0ed14af5970f665d6b1e821e65,"Under Article 26(2) of the Employment Law 2019, for how many months after the actual date of childbirth is a female Employee returning from Maternity Leave entitled to nursing breaks if her working time exceeds six hours?",number,null,6,0.0,0.0,0.0,"[[""09660f78c26cd56c08c7253ed21ba01fb246092f482ccd8acd8e6f9b6fd2d917"", 3], [""09660f78c26cd56c08c7253ed21ba01fb246092f482ccd8acd8e6f9b6fd2d917"", 4], [""09660f78c26cd56c08c7253ed21ba01fb246092f482ccd8acd8e6f9b6fd2d917"", 5], [""09660f78c26cd56c08c7253ed21ba01fb246092f482ccd8acd8e6f9b6fd2d917"", 7], [""09660f78c26cd56c08c7253ed21ba01fb246092f482ccd8acd8e6f9b6fd2d917"", 9]]","[[""33bc02044716acdfedb164b065bdaec098aaadcae863c591f9931c88e7307d16"", 14]]",True,
mixed-R0,322674cd65809bde505d9f50edb1bf7e1674f7e118a8179617732a3942b52d74,"According to Article 19(4) of the General Partnership Law 2004, how many months after the end of the financial year must the accounts for that year be prepared and approved by the Partners?",number,6,6,1.0,0.16666666666666666,1.0,"[[""302a0bd8d67775e8dc5960ecec7879be566300d8b32c4b0153ba15ebdb279425"", 6], [""302a0bd8d67775e8dc5960ecec7879be566300d8b32c4b0153ba15ebdb279425"", 7], [""302a0bd8d67775e8dc5960ecec7879be566300d8b32c4b0153ba15ebdb279425"", 8], [""b82ac8228e051d96bf8d706d3251893ebff1c9457b066fce3b7cb99af956f2a7"", 13], [""b82ac8228e051d96bf8d706d3251893ebff1c9457b066fce3b7cb99af956f2a7"", 14], [""b82ac8228e051d96bf8d706d3251893ebff1c9457b066fce3b7cb99af956f2a7"", 18]]","[[""302a0bd8d67775e8dc5960ecec7879be566300d8b32c4b0153ba15ebdb279425"", 8]]",False,
mixed-R0,87a1294f4e8414adaf49579d914252f4c7a9e90c54a452b5a420bed4934ce335,"If a Reporting Financial Institution obtains or creates records in a language other than English under the Common Reporting Standard Law 2018, what must it provide upon request to the Relevant Authority?",free_text,"""It must provide an English translation to the Relevant Authority.""","""It must provide an English translation to the Relevant Authority upon request.""",1.0,0.2,1.0,"[[""fbdd7f9dd299d83b1f398778da2e6765dfaaed62005667264734a1f76ec09071"", 3], [""fbdd7f9dd299d83b1f398778da2e6765dfaaed62005667264734a1f76ec09071"", 7], [""fbdd7f9dd299d83b1f398778da2e6765dfaaed62005667264734a1f76ec09071"", 10], [""fbdd7f9dd299d83b1f398778da2e6765dfaaed62005667264734a1f76ec09071"", 15], [""fbdd7f9dd299d83b1f398778da2e6765dfaaed62005667264734a1f76ec09071"", 16]]","[[""fbdd7f9dd299d83b1f398778da2e6765dfaaed62005667264734a1f76ec09071"", 7]]",False,
mixed-R0,b2fcc22c0bfc27e799fec5df74c911114a91f83d0aa2995729390d6c8cb80c1a,On what date was the DIFC Personal Property Law 2005 enacted?,free_text,"""There is no information on this question in the provided documents.""","""There is no information on this question in the provided documents.""",1.0,,,"[[""22442c5ee999e2519c68de908be511875a84f2b810ed540c2dcfcbcc65031434"", 1], [""302a0bd8d67775e8dc5960ecec7879be566300d8b32c4b0153ba15ebdb279425"", 1], [""72ea171147bf30326fe6fd2e6798f607c7cef4bf9d43761dbccd2f1b6a356849"", 1], [""b82ac8228e051d96bf8d706d3251893ebff1c9457b066fce3b7cb99af956f2a7"", 1], [""fbdd7f9dd299d83b1f398778da2e6765dfaaed62005667264734a1f76ec09071"", 1], [""ff746f7b583490a80ba104361c0a82a1ebbf7ed9097cd03dc49d744cb5057761"", 1], [""ff746f7b583490a80ba104361c0a82a1ebbf7ed9097cd03dc49d744cb5057761"", 3], [""ff746f7b583490a80ba104361c0a82a1ebbf7ed9097cd03dc49d744cb5057761"", 7]]",[],False,"The submission appropriately abstains, matches the reference, and is directly responsive to the question."
mixed-R0,8167b0cfeb476ce373ca991b28b3b35f78a8c3c9a5e3d1b682fdbb0ed5604ef4,"Looking only at the last page of the document in case SCT 514/2025, what was the outcome of the specific order or application described?",free_text,"""The court ordered that all outstanding applications be heard on 12 May 2025, and the hearing listed for 6 May 2025 was vacated.""","""The Defendant's Application for Permission to Appeal was refused.""",0.2,0.0,0.0,"[[""3f8a5ea0e051ba3af7a02da340c911fe0970ebece6c852c3e61a10c00cac6d6e"", 2], [""3f8a5ea0e051ba3af7a02da340c911fe0970ebece6c852c3e61a10c00cac6d6e"", 8], [""5d3df6d69fac3ef91e13ac835b43a35e9e434fbc7e72ea5c01e288d69b66e6a2"", 4], [""839de9798f377492eee68f82b202d7cd3544be83d799f6226a02f3678c9bb914"", 7], [""839de9798f377492eee68f82b202d7cd3544be83d799f6226a02f3678c9bb914"", 17], [""f4c4d051d514270964adcf58e124569e396602340b7d9172671759de10a95897"", 1]]","[[""6306079a16b1dec85690f75c715cdbd78b0685a3e19ee30250d481bc32f2e29a"", 6]]",True,"The submission is grounded in the provided evidence, but it answers a different order/application than the one asked about. The reference outcome was that the Defendant's Application for Permission to Appeal was refused, so the submission is incorrect, incomplete, and overconfident."
mixed-R0,2e211d0cdb29134de759b277c8b8ed5b8fe43f033dcec1e4bd15feafb1dbb8ab,"Across all documents in case DEC 001/2025 and case SCT 514/2025, is there any legal entity or individual that appears as a main party in both cases?",boolean,null,false,0.0,0.16666666666666666,0.3333333333333333,"[[""1a255edc261961ec64870466a27ac4e25b5ebc2abe298e1b69f8dd2fc27288f6"", 1], [""1a255edc261961ec64870466a27ac4e25b5ebc2abe298e1b69f8dd2fc27288f6"", 8], [""1a255edc261961ec64870466a27ac4e25b5ebc2abe298e1b69f8dd2fc27288f6"", 75], [""3f8a5ea0e051ba3af7a02da340c911fe0970ebece6c852c3e61a10c00cac6d6e"", 8], [""839de9798f377492eee68f82b202d7cd3544be83d799f6226a02f3678c9bb914"", 1], [""839de9798f377492eee68f82b202d7cd3544be83d799f6226a02f3678c9bb914"", 7]]","[[""3f8a5ea0e051ba3af7a02da340c911fe0970ebece6c852c3e61a10c00cac6d6e"", 1], [""6306079a16b1dec85690f75c715cdbd78b0685a3e19ee30250d481bc32f2e29a"", 1], [""839de9798f377492eee68f82b202d7cd3544be83d799f6226a02f3678c9bb914"", 1]]",True,
mixed-R0,89f4b2e86cf7e48e185b9d5775d67e7c8a51beccbb20abce8dac2a1b0e80b723,Were the Miranda rights properly administered in case ENF 269/2023?,free_text,"""There is no information on this question in the provided documents.""","""There is no information on this question in the provided documents.""",1.0,,,"[[""3f8a5ea0e051ba3af7a02da340c911fe0970ebece6c852c3e61a10c00cac6d6e"", 5], [""3f8a5ea0e051ba3af7a02da340c911fe0970ebece6c852c3e61a10c00cac6d6e"", 18], [""5d3df6d69fac3ef91e13ac835b43a35e9e434fbc7e72ea5c01e288d69b66e6a2"", 12], [""5d3df6d69fac3ef91e13ac835b43a35e9e434fbc7e72ea5c01e288d69b66e6a2"", 18], [""72ea171147bf30326fe6fd2e6798f607c7cef4bf9d43761dbccd2f1b6a356849"", 2], [""72ea171147bf30326fe6fd2e6798f607c7cef4bf9d43761dbccd2f1b6a356849"", 7], [""72ea171147bf30326fe6fd2e6798f607c7cef4bf9d43761dbccd2f1b6a356849"", 20], [""c98c1475692bc22f4abab6a7a7d7969467c94e46a7e68919aaf127179ebf3f54"", 11]]",[],False,The submission matches the reference by appropriately abstaining: the provided documents do not contain information about Miranda rights in ENF 269/2023. The response is clear and directly relevant.
mixed-R0,98d473221f50a845466544b43d6bb52b0497893aade63a8659db228459c271b4,When was the consolidated version of the Law on the Application of Civil and Commercial Laws in the DIFC published?,free_text,"""The consolidated version was published in November 2024.""","""The consolidated version was published in November 2024.""",1.0,0.14285714285714285,1.0,"[[""22442c5ee999e2519c68de908be511875a84f2b810ed540c2dcfcbcc65031434"", 1], [""72ea171147bf30326fe6fd2e6798f607c7cef4bf9d43761dbccd2f1b6a356849"", 1], [""fbdd7f9dd299d83b1f398778da2e6765dfaaed62005667264734a1f76ec09071"", 1], [""ff746f7b583490a80ba104361c0a82a1ebbf7ed9097cd03dc49d744cb5057761"", 1], [""ff746f7b583490a80ba104361c0a82a1ebbf7ed9097cd03dc49d744cb5057761"", 2], [""ff746f7b583490a80ba104361c0a82a1ebbf7ed9097cd03dc49d744cb5057761"", 3], [""ff746f7b583490a80ba104361c0a82a1ebbf7ed9097cd03dc49d744cb5057761"", 7]]","[[""ff746f7b583490a80ba104361c0a82a1ebbf7ed9097cd03dc49d744cb5057761"", 1]]",False,All criteria satisfied; the answer matches the reference and is directly supported by the evidence.
mixed-R0,5cb2e9e631929fec4306d0bf7cbf145bcfe5f29d86eade85178d359852626cbf,Does the DIFC law numbered DIFC Law No. 7 of 2018 deal with insolvency and preferential debts?,boolean,null,false,0.0,0.125,1.0,"[[""22442c5ee999e2519c68de908be511875a84f2b810ed540c2dcfcbcc65031434"", 1], [""22442c5ee999e2519c68de908be511875a84f2b810ed540c2dcfcbcc65031434"", 41], [""4e387152960c1029b3711cacb05b287b13c977bc61f2558059a62b7b427a62eb"", 1], [""4e387152960c1029b3711cacb05b287b13c977bc61f2558059a62b7b427a62eb"", 50], [""72ea171147bf30326fe6fd2e6798f607c7cef4bf9d43761dbccd2f1b6a356849"", 1], [""b82ac8228e051d96bf8d706d3251893ebff1c9457b066fce3b7cb99af956f2a7"", 1], [""ff746f7b583490a80ba104361c0a82a1ebbf7ed9097cd03dc49d744cb5057761"", 1], [""ff746f7b583490a80ba104361c0a82a1ebbf7ed9097cd03dc49d744cb5057761"", 3]]","[[""72ea171147bf30326fe6fd2e6798f607c7cef4bf9d43761dbccd2f1b6a356849"", 1]]",False,
mixed-R0,30167c4bda50157907608b180c50e4e49902b0cb6bd09b6461b6c7cb75961a1b,"Summarize the court's final ruling in case CFI 010/2024, as stated on the first page of the document.",free_text,"""There is no information on this question in the provided documents.""","""The court dismissed the Claimant's application for a Default Costs Certificate and ordered the Claimant to bear its own costs of the application.""",0.4,0.0,0.0,"[[""1a255edc261961ec64870466a27ac4e25b5ebc2abe298e1b69f8dd2fc27288f6"", 2], [""3f8a5ea0e051ba3af7a02da340c911fe0970ebece6c852c3e61a10c00cac6d6e"", 2], [""3f8a5ea0e051ba3af7a02da340c911fe0970ebece6c852c3e61a10c00cac6d6e"", 18], [""3f8a5ea0e051ba3af7a02da340c911fe0970ebece6c852c3e61a10c00cac6d6e"", 25], [""d32e76d495ac7d855d805fb71682b98d254520e3799aa4529ebc983212648335"", 1], [""d32e76d495ac7d855d805fb71682b98d254520e3799aa4529ebc983212648335"", 9], [""f4c4d051d514270964adcf58e124569e396602340b7d9172671759de10a95897"", 1]]","[[""443e04bc1a78940b3fcd5438d24b6c5f182a276d354a3108e738b193675de032"", 1]]",True,"The reference says the court dismissed the Claimant's application for a Default Costs Certificate and ordered the Claimant to bear its own costs. The submission incorrectly abstains instead of summarizing that ruling, and its high confidence is not appropriate for the mismatch."
mixed-R0,30040cc854022341de6bb9ee7dc3e932d540666a1addda4750bf974ce9d9292f,Which case has an earlier Date of Issue: CFI 016/2025 or ENF 269/2023?,name,null,"""ENF 269/2023""",0.0,0.0,0.0,"[[""1a255edc261961ec64870466a27ac4e25b5ebc2abe298e1b69f8dd2fc27288f6"", 9], [""1a255edc261961ec64870466a27ac4e25b5ebc2abe298e1b69f8dd2fc27288f6"", 61], [""3f8a5ea0e051ba3af7a02da340c911fe0970ebece6c852c3e61a10c00cac6d6e"", 18], [""5d3df6d69fac3ef91e13ac835b43a35e9e434fbc7e72ea5c01e288d69b66e6a2"", 1], [""839de9798f377492eee68f82b202d7cd3544be83d799f6226a02f3678c9bb914"", 22], [""d32e76d495ac7d855d805fb71682b98d254520e3799aa4529ebc983212648335"", 4]]","[[""5d3df6d69fac3ef91e13ac835b43a35e9e434fbc7e72ea5c01e288d69b66e6a2"", 3], [""6248961b681ea0deb189f354be0c8286f35974dcdb211c13c921c3dd0e566a6e"", 2]]",False,
mixed-R0,33060f268efcac79c65cd3e0a39bc0f7d91d9bb1802bc2e08bfa43ec5a5cd355,"According to Article 16(1) of the Operating Law 2018, what document must every Registered Person file with the Registrar at the same time as applying for Licence renewal?",name,null,"""Confirmation Statement""",0.0,0.14285714285714285,1.0,"[[""302a0bd8d67775e8dc5960ecec7879be566300d8b32c4b0153ba15ebdb279425"", 18], [""72ea171147bf30326fe6fd2e6798f607c7cef4bf9d43761dbccd2f1b6a356849"", 4], [""72ea171147bf30326fe6fd2e6798f607c7cef4bf9d43761dbccd2f1b6a356849"", 9], [""72ea171147bf30326fe6fd2e6798f607c7cef4bf9d43761dbccd2f1b6a356849"", 11], [""72ea171147bf30326fe6fd2e6798f607c7cef4bf9d43761dbccd2f1b6a356849"", 19], [""72ea171147bf30326fe6fd2e6798f607c7cef4bf9d43761dbccd2f1b6a356849"", 20], [""72ea171147bf30326fe6fd2e6798f607c7cef4bf9d43761dbccd2f1b6a356849"", 41]]","[[""72ea171147bf30326fe6fd2e6798f607c7cef4bf9d43761dbccd2f1b6a356849"", 11]]",False,
mixed-R0,0149374f1699ab209f6169cffcdd94f45072fca07fbf7a580720760f5c32f658,"Under Article 11(2)(b) of the Employment Law 2019, can an Employee waive any right under this Law by entering into a written agreement with their Employer to terminate employment, provided they were given an opportunity to receive independent legal advice or took part in mediation?",boolean,null,true,0.0,0.0,0.0,"[[""09660f78c26cd56c08c7253ed21ba01fb246092f482ccd8acd8e6f9b6fd2d917"", 2], [""09660f78c26cd56c08c7253ed21ba01fb246092f482ccd8acd8e6f9b6fd2d917"", 3], [""09660f78c26cd56c08c7253ed21ba01fb246092f482ccd8acd8e6f9b6fd2d917"", 4], [""09660f78c26cd56c08c7253ed21ba01fb246092f482ccd8acd8e6f9b6fd2d917"", 9], [""09660f78c26cd56c08c7253ed21ba01fb246092f482ccd8acd8e6f9b6fd2d917"", 10]]","[[""33bc02044716acdfedb164b065bdaec098aaadcae863c591f9931c88e7307d16"", 7]]",True,
mixed-R0,5c3ca60614572a117bb7436e202cb32249c186ad8c5526b35a3556b54ff425b7,Which case has an earlier Date of Issue: CA 004/2025 or SCT 295/2025?,name,null,"""CA 004/2025""",0.0,0.0,0.0,"[[""09660f78c26cd56c08c7253ed21ba01fb246092f482ccd8acd8e6f9b6fd2d917"", 1], [""1a255edc261961ec64870466a27ac4e25b5ebc2abe298e1b69f8dd2fc27288f6"", 5], [""1a255edc261961ec64870466a27ac4e25b5ebc2abe298e1b69f8dd2fc27288f6"", 8], [""1a255edc261961ec64870466a27ac4e25b5ebc2abe298e1b69f8dd2fc27288f6"", 61], [""3f8a5ea0e051ba3af7a02da340c911fe0970ebece6c852c3e61a10c00cac6d6e"", 2], [""839de9798f377492eee68f82b202d7cd3544be83d799f6226a02f3678c9bb914"", 22], [""c98c1475692bc22f4abab6a7a7d7969467c94e46a7e68919aaf127179ebf3f54"", 1], [""f4c4d051d514270964adcf58e124569e396602340b7d9172671759de10a95897"", 1]]","[[""09660f78c26cd56c08c7253ed21ba01fb246092f482ccd8acd8e6f9b6fd2d917"", 2], [""78ffe994cdc61ce6a2a6937c79fc52751bb5d2b4eaa4019f088fbccf70569c26"", 2]]",True,
mixed-R0,52e9e31a6d7a80a597147115b3d38065da495a41e7c11e797d0a190c9a580bcf,What was the outcome of the specific order or application described in case SCT 295/2025?,free_text,"""There is no information on this question in the provided documents.""","""The permission to appeal application was refused, and there was no order as to costs.""",0.0,0.0,0.0,"[[""09660f78c26cd56c08c7253ed21ba01fb246092f482ccd8acd8e6f9b6fd2d917"", 1], [""1a255edc261961ec64870466a27ac4e25b5ebc2abe298e1b69f8dd2fc27288f6"", 7], [""5d3df6d69fac3ef91e13ac835b43a35e9e434fbc7e72ea5c01e288d69b66e6a2"", 4], [""839de9798f377492eee68f82b202d7cd3544be83d799f6226a02f3678c9bb914"", 5], [""839de9798f377492eee68f82b202d7cd3544be83d799f6226a02f3678c9bb914"", 7], [""839de9798f377492eee68f82b202d7cd3544be83d799f6226a02f3678c9bb914"", 17], [""c98c1475692bc22f4abab6a7a7d7969467c94e46a7e68919aaf127179ebf3f54"", 1]]","[[""09660f78c26cd56c08c7253ed21ba01fb246092f482ccd8acd8e6f9b6fd2d917"", 2]]",False,"The submission incorrectly says there is no information, but the documents state the permission to appeal application was refused and there was no order as to costs. It is therefore incorrect, incomplete, ungrounded, and overconfident."
mixed-R0,fdeb03aecacff6f7d78a86ff22a13e95abe014855c18282b142d6ad1f46daa0a,Review the full case files for DEC 001/2025 and TCD 001/2024 — did any judge preside over proceedings in both cases?,boolean,false,false,1.0,0.14285714285714285,0.16666666666666666,"[[""1a255edc261961ec64870466a27ac4e25b5ebc2abe298e1b69f8dd2fc27288f6"", 8], [""3f8a5ea0e051ba3af7a02da340c911fe0970ebece6c852c3e61a10c00cac6d6e"", 2], [""3f8a5ea0e051ba3af7a02da340c911fe0970ebece6c852c3e61a10c00cac6d6e"", 4], [""3f8a5ea0e051ba3af7a02da340c911fe0970ebece6c852c3e61a10c00cac6d6e"", 8], [""839de9798f377492eee68f82b202d7cd3544be83d799f6226a02f3678c9bb914"", 7], [""c98c1475692bc22f4abab6a7a7d7969467c94e46a7e68919aaf127179ebf3f54"", 1], [""d32e76d495ac7d855d805fb71682b98d254520e3799aa4529ebc983212648335"", 9]]","[[""0471e83c1ea18086cfb6b3ff51da6f22b0efee337f10315b2593f782297ccb84"", 1], [""1a255edc261961ec64870466a27ac4e25b5ebc2abe298e1b69f8dd2fc27288f6"", 2], [""3f8a5ea0e051ba3af7a02da340c911fe0970ebece6c852c3e61a10c00cac6d6e"", 1], [""62930da32fa3172edf2f2bbf3da268455bd99a7b5fab34d72358730d8cd5da30"", 1], [""839de9798f377492eee68f82b202d7cd3544be83d799f6226a02f3678c9bb914"", 1], [""c98c1475692bc22f4abab6a7a7d7969467c94e46a7e68919aaf127179ebf3f54"", 1]]",False,
mixed-R0,eeffebf44c689e60729c466dd3fda5e7c2731c84220464c1808ef661452d1de0,"According to the Conclusion section of case CA 009/2024, how did the Court of Appeal rule, and what costs were awarded?",free_text,"""The Court of Appeal held that the Defendant had achieved substantial success and set aside the no-costs order. It ordered that the costs of the application for security up to and including the first-instance determination be costs in the case, and that the Claimant pay the Defi \u0003""","""The Court of Appeal allowed the appeal to the extent shown in its order, restored the amended Second Part 50 order against Ms Onita, dismissed the appeal as to Mr Oron, and awarded the appellant USD 60,541.25 in costs.""",0.2,0.0,0.0,"[[""3f8a5ea0e051ba3af7a02da340c911fe0970ebece6c852c3e61a10c00cac6d6e"", 18], [""3f8a5ea0e051ba3af7a02da340c911fe0970ebece6c852c3e61a10c00cac6d6e"", 19], [""437568a801115019fe8278385c0484bdf07ab86f9a499ecaba2b7969b37c764b"", 5], [""437568a801115019fe8278385c0484bdf07ab86f9a499ecaba2b7969b37c764b"", 14], [""6248961b681ea0deb189f354be0c8286f35974dcdb211c13c921c3dd0e566a6e"", 3], [""6248961b681ea0deb189f354be0c8286f35974dcdb211c13c921c3dd0e566a6e"", 6], [""c98c1475692bc22f4abab6a7a7d7969467c94e46a7e68919aaf127179ebf3f54"", 13]]","[[""bd2d222ee0a636a745434cfb457321cd658db5bb32b5f0a3f5643236cc1503d8"", 14]]",True,"Incorrect/incomplete relative to the reference: it does not state the Court of Appeal’s actual disposition (allowed only to the extent shown, restored the amended Second Part 50 order against Ms Onita, dismissed the appeal as to Mr Oron) or the exact costs awarded (USD 60,541.25). Confidence is far too high for a mismatched, truncated answer. The response is also cut off at the end, which hurts clarity."
mixed-R0,6c32a091c7108047fabbea4f78137837d79c46a5a864963872cb7035ea9cce0f,What was the claim value in AED referenced in the appeal judgment CA 005/2025?,number,390910.77,405351504,0.0,0.0,0.0,"[[""03b621728fe29eb6113fcdb57f6458d793fd2d5c5b833ae26d40f04a29c85359"", 3], [""09660f78c26cd56c08c7253ed21ba01fb246092f482ccd8acd8e6f9b6fd2d917"", 1], [""437568a801115019fe8278385c0484bdf07ab86f9a499ecaba2b7969b37c764b"", 4], [""6248961b681ea0deb189f354be0c8286f35974dcdb211c13c921c3dd0e566a6e"", 3], [""6248961b681ea0deb189f354be0c8286f35974dcdb211c13c921c3dd0e566a6e"", 6], [""6248961b681ea0deb189f354be0c8286f35974dcdb211c13c921c3dd0e566a6e"", 7], [""62930da32fa3172edf2f2bbf3da268455bd99a7b5fab34d72358730d8cd5da30"", 4], [""839de9798f377492eee68f82b202d7cd3544be83d799f6226a02f3678c9bb914"", 34]]","[[""437568a801115019fe8278385c0484bdf07ab86f9a499ecaba2b7969b37c764b"", 3]]",False,
mixed-R0,f564b1fd7332944fa826e3af69330b53e8fed018c370dde5b57a8e338d4ecd62,"Between CFI 016/2025 and CFI 057/2025, which document has the earlier issue date?",name,null,"""CFI 057/2025""",0.0,0.0,0.0,"[[""1a255edc261961ec64870466a27ac4e25b5ebc2abe298e1b69f8dd2fc27288f6"", 9], [""1a255edc261961ec64870466a27ac4e25b5ebc2abe298e1b69f8dd2fc27288f6"", 60], [""1a255edc261961ec64870466a27ac4e25b5ebc2abe298e1b69f8dd2fc27288f6"", 61], [""839de9798f377492eee68f82b202d7cd3544be83d799f6226a02f3678c9bb914"", 8], [""839de9798f377492eee68f82b202d7cd3544be83d799f6226a02f3678c9bb914"", 22], [""fbdd7f9dd299d83b1f398778da2e6765dfaaed62005667264734a1f76ec09071"", 1]]","[[""1b446e196b4d1752241c8ff689a31ea705e98ad0c16b9d343c303664f72b64a1"", 1], [""6248961b681ea0deb189f354be0c8286f35974dcdb211c13c921c3dd0e566a6e"", 1]]",True,
mixed-R0,b31a702f36e2c43e845e13f160ebc35d3d6ea27eb66a351561a94f0ce56b8667,"According to Article 13 of the Employment Law 2019, can an Employer employ a child who is under sixteen years of age?",boolean,null,false,0.0,0.0,0.0,"[[""09660f78c26cd56c08c7253ed21ba01fb246092f482ccd8acd8e6f9b6fd2d917"", 3], [""09660f78c26cd56c08c7253ed21ba01fb246092f482ccd8acd8e6f9b6fd2d917"", 4], [""09660f78c26cd56c08c7253ed21ba01fb246092f482ccd8acd8e6f9b6fd2d917"", 5], [""09660f78c26cd56c08c7253ed21ba01fb246092f482ccd8acd8e6f9b6fd2d917"", 7], [""72ea171147bf30326fe6fd2e6798f607c7cef4bf9d43761dbccd2f1b6a356849"", 4], [""72ea171147bf30326fe6fd2e6798f607c7cef4bf9d43761dbccd2f1b6a356849"", 36], [""72ea171147bf30326fe6fd2e6798f607c7cef4bf9d43761dbccd2f1b6a356849"", 41]]","[[""33bc02044716acdfedb164b065bdaec098aaadcae863c591f9931c88e7307d16"", 7]]",True,
mixed-R0,b13500141f04c86f328b49c56ba01c7bc13bce5afee9646860912718291a5c1a,"According to Article 7(3)(j) of the Operating Law 2018, can the Registrar delegate its functions and powers to officers or employees of the DIFCA without the approval of the Board of Directors of the DIFCA?",boolean,true,true,1.0,0.16666666666666666,1.0,"[[""72ea171147bf30326fe6fd2e6798f607c7cef4bf9d43761dbccd2f1b6a356849"", 3], [""72ea171147bf30326fe6fd2e6798f607c7cef4bf9d43761dbccd2f1b6a356849"", 5], [""72ea171147bf30326fe6fd2e6798f607c7cef4bf9d43761dbccd2f1b6a356849"", 6], [""72ea171147bf30326fe6fd2e6798f607c7cef4bf9d43761dbccd2f1b6a356849"", 29], [""72ea171147bf30326fe6fd2e6798f607c7cef4bf9d43761dbccd2f1b6a356849"", 40], [""b82ac8228e051d96bf8d706d3251893ebff1c9457b066fce3b7cb99af956f2a7"", 20]]","[[""72ea171147bf30326fe6fd2e6798f607c7cef4bf9d43761dbccd2f1b6a356849"", 6]]",False,
mixed-R0,43f77ed8a37c7af9b3e52b0532c593c768f8f1159db9b9ca717a700d6b0a47f9,"From the header/caption section of each document in case TCD 001/2024, identify all parties listed as Claimant.",names,"[""ARCHITERIORS INTERIOR DESIGN (L.L.C)""]","[""ARCHITERIORS INTERIOR DESIGN (L.L.C)""]",1.0,0.125,0.3333333333333333,"[[""1a255edc261961ec64870466a27ac4e25b5ebc2abe298e1b69f8dd2fc27288f6"", 9], [""1a255edc261961ec64870466a27ac4e25b5ebc2abe298e1b69f8dd2fc27288f6"", 29], [""3f8a5ea0e051ba3af7a02da340c911fe0970ebece6c852c3e61a10c00cac6d6e"", 8], [""62930da32fa3172edf2f2bbf3da268455bd99a7b5fab34d72358730d8cd5da30"", 1], [""839de9798f377492eee68f82b202d7cd3544be83d799f6226a02f3678c9bb914"", 7], [""839de9798f377492eee68f82b202d7cd3544be83d799f6226a02f3678c9bb914"", 20], [""d32e76d495ac7d855d805fb71682b98d254520e3799aa4529ebc983212648335"", 7], [""d32e76d495ac7d855d805fb71682b98d254520e3799aa4529ebc983212648335"", 9]]","[[""0471e83c1ea18086cfb6b3ff51da6f22b0efee337f10315b2593f782297ccb84"", 1], [""62930da32fa3172edf2f2bbf3da268455bd99a7b5fab34d72358730d8cd5da30"", 1], [""c98c1475692bc22f4abab6a7a7d7969467c94e46a7e68919aaf127179ebf3f54"", 1]]",False,
mixed-R0,12eaaba41338f13b21be7ab9fa1d754390b7aab512e9f33ea7184cc2b2f54d86,Is there a judge who presided over both case CA 004/2025 and case CFI 010/2024?,boolean,null,false,0.0,0.0,0.0,"[[""03b621728fe29eb6113fcdb57f6458d793fd2d5c5b833ae26d40f04a29c85359"", 1], [""09660f78c26cd56c08c7253ed21ba01fb246092f482ccd8acd8e6f9b6fd2d917"", 1], [""09660f78c26cd56c08c7253ed21ba01fb246092f482ccd8acd8e6f9b6fd2d917"", 7], [""1a255edc261961ec64870466a27ac4e25b5ebc2abe298e1b69f8dd2fc27288f6"", 75], [""3f8a5ea0e051ba3af7a02da340c911fe0970ebece6c852c3e61a10c00cac6d6e"", 3], [""3f8a5ea0e051ba3af7a02da340c911fe0970ebece6c852c3e61a10c00cac6d6e"", 18], [""d32e76d495ac7d855d805fb71682b98d254520e3799aa4529ebc983212648335"", 1], [""f4c4d051d514270964adcf58e124569e396602340b7d9172671759de10a95897"", 1]]","[[""443e04bc1a78940b3fcd5438d24b6c5f182a276d354a3108e738b193675de032"", 1], [""78ffe994cdc61ce6a2a6937c79fc52751bb5d2b4eaa4019f088fbccf70569c26"", 1]]",True,
mixed-R0,1097af38db84c4d507357bfbdcbbcc1de60a0ccb10752bad8091a75b8f53eb5c,What is the minimum period for which a DIFC-incorporated General Partnership and a DIFC-incorporated Limited Liability Partnership must preserve their accounting records?,free_text,"""Both a DIFC-incorporated General Partnership and a DIFC-incorporated Limited Liability Partnership must preserve their accounting records for at least six (6) years from the date they were created.""","""Both must preserve their accounting records for at least six years from the date they were created.""",1.0,0.3333333333333333,1.0,"[[""302a0bd8d67775e8dc5960ecec7879be566300d8b32c4b0153ba15ebdb279425"", 2], [""302a0bd8d67775e8dc5960ecec7879be566300d8b32c4b0153ba15ebdb279425"", 6], [""302a0bd8d67775e8dc5960ecec7879be566300d8b32c4b0153ba15ebdb279425"", 7], [""302a0bd8d67775e8dc5960ecec7879be566300d8b32c4b0153ba15ebdb279425"", 21], [""b82ac8228e051d96bf8d706d3251893ebff1c9457b066fce3b7cb99af956f2a7"", 13], [""b82ac8228e051d96bf8d706d3251893ebff1c9457b066fce3b7cb99af956f2a7"", 17]]","[[""302a0bd8d67775e8dc5960ecec7879be566300d8b32c4b0153ba15ebdb279425"", 7], [""b82ac8228e051d96bf8d706d3251893ebff1c9457b066fce3b7cb99af956f2a7"", 13]]",False,All criteria satisfied; the answer matches the reference and is directly supported by the supplied evidence.
mixed-R0,0a414e1d999bcde13b5dac055194ed52527555ac577946acef75372eaad360fa,What did the jury decide in case ENF 269/2023?,free_text,"""The Court dismissed the Renewed Application in ENF 269/2023, finding that none of the proposed Grounds of Appeal had any real prospect of success.""","""There is no information on this question in the provided documents.""",0.4,,,"[[""3f8a5ea0e051ba3af7a02da340c911fe0970ebece6c852c3e61a10c00cac6d6e"", 18], [""5d3df6d69fac3ef91e13ac835b43a35e9e434fbc7e72ea5c01e288d69b66e6a2"", 1], [""c98c1475692bc22f4abab6a7a7d7969467c94e46a7e68919aaf127179ebf3f54"", 6], [""c98c1475692bc22f4abab6a7a7d7969467c94e46a7e68919aaf127179ebf3f54"", 8], [""c98c1475692bc22f4abab6a7a7d7969467c94e46a7e68919aaf127179ebf3f54"", 11], [""c98c1475692bc22f4abab6a7a7d7969467c94e46a7e68919aaf127179ebf3f54"", 13]]",[],False,"The submission states a substantive outcome, but the reference indicates there is no information available in the provided documents, so it should have abstained. Its confidence is too high for the available evidence/reference. The factual claim about dismissal is supported by the supplied evidence, but that does not make it correct against the reference."
mixed-R0,146567e3d096312584103b24983e3ff8e904e4ec5dea993d9774d24fef15fce7,"According to Article 14(2)(b) of the General Partnership Law 2004, how many years must a Recognised Partnership's Accounting Records be preserved?",number,6,6,1.0,0.16666666666666666,1.0,"[[""302a0bd8d67775e8dc5960ecec7879be566300d8b32c4b0153ba15ebdb279425"", 6], [""302a0bd8d67775e8dc5960ecec7879be566300d8b32c4b0153ba15ebdb279425"", 7], [""302a0bd8d67775e8dc5960ecec7879be566300d8b32c4b0153ba15ebdb279425"", 8], [""302a0bd8d67775e8dc5960ecec7879be566300d8b32c4b0153ba15ebdb279425"", 23], [""b82ac8228e051d96bf8d706d3251893ebff1c9457b066fce3b7cb99af956f2a7"", 13], [""b82ac8228e051d96bf8d706d3251893ebff1c9457b066fce3b7cb99af956f2a7"", 18]]","[[""302a0bd8d67775e8dc5960ecec7879be566300d8b32c4b0153ba15ebdb279425"", 6]]",False,
mixed-R0,81d5652bd7e7518381629876f05fdded589e1acc60c8e93aae54488d23493214,Is there a judge who presided over both case ARB 034/2025 and case CFI 067/2025?,boolean,null,true,0.0,0.0,0.0,"[[""1a255edc261961ec64870466a27ac4e25b5ebc2abe298e1b69f8dd2fc27288f6"", 1], [""1a255edc261961ec64870466a27ac4e25b5ebc2abe298e1b69f8dd2fc27288f6"", 5], [""3f8a5ea0e051ba3af7a02da340c911fe0970ebece6c852c3e61a10c00cac6d6e"", 7], [""3f8a5ea0e051ba3af7a02da340c911fe0970ebece6c852c3e61a10c00cac6d6e"", 18], [""5d3df6d69fac3ef91e13ac835b43a35e9e434fbc7e72ea5c01e288d69b66e6a2"", 1], [""5d3df6d69fac3ef91e13ac835b43a35e9e434fbc7e72ea5c01e288d69b66e6a2"", 13], [""f4c4d051d514270964adcf58e124569e396602340b7d9172671759de10a95897"", 1]]","[[""58eae81bf668e7f6c58619f419a49b5e35e2e5c9c7475475ace28ec562580545"", 1], [""897ab23ed5a70034d3d708d871ad1da8bc7b6608d94b1ca46b5d578d985d3c13"", 1]]",True,
mixed-R0,ca8aebcc86f2b1ea064a28736c67b04357474bcf1128890991c73a237091638a,"Under Article 10(3) of the Operating Law 2018, how many days does a Registered Person have to change its name if it becomes misleading, deceptive, or conflicting?",number,30,30,1.0,0.2,1.0,"[[""72ea171147bf30326fe6fd2e6798f607c7cef4bf9d43761dbccd2f1b6a356849"", 9], [""72ea171147bf30326fe6fd2e6798f607c7cef4bf9d43761dbccd2f1b6a356849"", 10], [""72ea171147bf30326fe6fd2e6798f607c7cef4bf9d43761dbccd2f1b6a356849"", 11], [""72ea171147bf30326fe6fd2e6798f607c7cef4bf9d43761dbccd2f1b6a356849"", 12], [""72ea171147bf30326fe6fd2e6798f607c7cef4bf9d43761dbccd2f1b6a356849"", 21]]","[[""72ea171147bf30326fe6fd2e6798f607c7cef4bf9d43761dbccd2f1b6a356849"", 9]]",False,
mixed-R0,d9d27c9cace6eafd11dbb349244e0443e16c8cc0efdf516514cc945135e1a597,"Between ARB 034/2025 and SCT 295/2025, which was issued first?",name,null,"""SCT 295/2025""",0.0,0.0,0.0,"[[""1a255edc261961ec64870466a27ac4e25b5ebc2abe298e1b69f8dd2fc27288f6"", 1], [""1a255edc261961ec64870466a27ac4e25b5ebc2abe298e1b69f8dd2fc27288f6"", 5], [""1a255edc261961ec64870466a27ac4e25b5ebc2abe298e1b69f8dd2fc27288f6"", 44], [""1a255edc261961ec64870466a27ac4e25b5ebc2abe298e1b69f8dd2fc27288f6"", 61], [""1a255edc261961ec64870466a27ac4e25b5ebc2abe298e1b69f8dd2fc27288f6"", 62], [""839de9798f377492eee68f82b202d7cd3544be83d799f6226a02f3678c9bb914"", 21]]","[[""09660f78c26cd56c08c7253ed21ba01fb246092f482ccd8acd8e6f9b6fd2d917"", 2], [""58eae81bf668e7f6c58619f419a49b5e35e2e5c9c7475475ace28ec562580545"", 2]]",True,
mixed-R0,be35b591e2e2383879988055e11ebf31df0e145903e04b4e0c6fca1786ff634d,"According to the 'IT IS HEREBY ORDERED THAT' section of arbitration case ARB 034/2025, what did the court decide?",free_text,"""There is no information on this question in the provided documents.""","""The ASI Order was discharged, the Defendant's Set Aside Application was granted, and the Claimant was ordered to pay the Defendant's costs, with a costs statement due within 5 days.""",0.6,0.0,0.0,"[[""1a255edc261961ec64870466a27ac4e25b5ebc2abe298e1b69f8dd2fc27288f6"", 5], [""22442c5ee999e2519c68de908be511875a84f2b810ed540c2dcfcbcc65031434"", 30], [""22442c5ee999e2519c68de908be511875a84f2b810ed540c2dcfcbcc65031434"", 45], [""5d3df6d69fac3ef91e13ac835b43a35e9e434fbc7e72ea5c01e288d69b66e6a2"", 1], [""62930da32fa3172edf2f2bbf3da268455bd99a7b5fab34d72358730d8cd5da30"", 1], [""c98c1475692bc22f4abab6a7a7d7969467c94e46a7e68919aaf127179ebf3f54"", 1], [""f4c4d051d514270964adcf58e124569e396602340b7d9172671759de10a95897"", 1]]","[[""58eae81bf668e7f6c58619f419a49b5e35e2e5c9c7475475ace28ec562580545"", 2]]",True,"The submission appropriately abstains given the provided evidence, but it does not answer the actual order described in the reference. It therefore misses the key decision: discharge of the ASI Order, grant of the Defendant's Set Aside Application, and costs against the Claimant."
mixed-R0,8bf189fe861d79f2e2dfb2e9126fe590c41f6034afc0ee1ef5aefa61202b9d01,"Based on all documents in case CFI 010/2024 and case DEC 001/2025, did any judge appear in both cases?",boolean,null,false,0.0,0.0,0.0,"[[""1a255edc261961ec64870466a27ac4e25b5ebc2abe298e1b69f8dd2fc27288f6"", 75], [""3f8a5ea0e051ba3af7a02da340c911fe0970ebece6c852c3e61a10c00cac6d6e"", 3], [""3f8a5ea0e051ba3af7a02da340c911fe0970ebece6c852c3e61a10c00cac6d6e"", 11], [""3f8a5ea0e051ba3af7a02da340c911fe0970ebece6c852c3e61a10c00cac6d6e"", 18], [""d32e76d495ac7d855d805fb71682b98d254520e3799aa4529ebc983212648335"", 1], [""d32e76d495ac7d855d805fb71682b98d254520e3799aa4529ebc983212648335"", 9], [""d32e76d495ac7d855d805fb71682b98d254520e3799aa4529ebc983212648335"", 11], [""f4c4d051d514270964adcf58e124569e396602340b7d9172671759de10a95897"", 1]]","[[""1a255edc261961ec64870466a27ac4e25b5ebc2abe298e1b69f8dd2fc27288f6"", 2], [""3f8a5ea0e051ba3af7a02da340c911fe0970ebece6c852c3e61a10c00cac6d6e"", 1], [""443e04bc1a78940b3fcd5438d24b6c5f182a276d354a3108e738b193675de032"", 1], [""839de9798f377492eee68f82b202d7cd3544be83d799f6226a02f3678c9bb914"", 1]]",True,
mixed-R0,c9f0dd67c60a88de9c2c38956f2ffd7b394eb4d7568c73d1869b4182480faf64,"According to the 'IT IS HEREBY ORDERED THAT' section of case SCT 454/2024, what was the outcome of the application for permission to appeal?",free_text,"""The application for permission to appeal was refused, and the request for an oral hearing was also refused.""","""The application for permission to appeal was refused.""",1.0,0.14285714285714285,1.0,"[[""1a255edc261961ec64870466a27ac4e25b5ebc2abe298e1b69f8dd2fc27288f6"", 3], [""437568a801115019fe8278385c0484bdf07ab86f9a499ecaba2b7969b37c764b"", 5], [""5d3df6d69fac3ef91e13ac835b43a35e9e434fbc7e72ea5c01e288d69b66e6a2"", 5], [""c98c1475692bc22f4abab6a7a7d7969467c94e46a7e68919aaf127179ebf3f54"", 1], [""f4c4d051d514270964adcf58e124569e396602340b7d9172671759de10a95897"", 1], [""f4c4d051d514270964adcf58e124569e396602340b7d9172671759de10a95897"", 2], [""f4c4d051d514270964adcf58e124569e396602340b7d9172671759de10a95897"", 4]]","[[""f4c4d051d514270964adcf58e124569e396602340b7d9172671759de10a95897"", 1]]",False,The submission matches the reference answer and is supported by the cited order. The added oral-hearing detail is also grounded and does not introduce error.
mixed-R0,84a7c3564026e528c0a5e6a86a72447b4be016d6aa26ce5ce87843c58a975629,What was the plea bargain in case ARB 034/2025?,free_text,"""There is no information on this question in the provided documents.""","""There is no information on this question in the provided documents.""",1.0,,,"[[""09660f78c26cd56c08c7253ed21ba01fb246092f482ccd8acd8e6f9b6fd2d917"", 11], [""1a255edc261961ec64870466a27ac4e25b5ebc2abe298e1b69f8dd2fc27288f6"", 5], [""3f8a5ea0e051ba3af7a02da340c911fe0970ebece6c852c3e61a10c00cac6d6e"", 5], [""5d3df6d69fac3ef91e13ac835b43a35e9e434fbc7e72ea5c01e288d69b66e6a2"", 1], [""5d3df6d69fac3ef91e13ac835b43a35e9e434fbc7e72ea5c01e288d69b66e6a2"", 4], [""6248961b681ea0deb189f354be0c8286f35974dcdb211c13c921c3dd0e566a6e"", 6], [""f4c4d051d514270964adcf58e124569e396602340b7d9172671759de10a95897"", 1]]",[],False,The submission correctly abstains because the provided materials do not contain information about any plea bargain in ARB 034/2025.
mixed-R0,b9e824da7bc69fa5b2f4e989a4d591d9c5196362cc985f70a9c29e6f710ea817,"According to the 'IT IS HEREBY ORDERED THAT' section of case CFI 092/2024, what was the outcome of the Defendants' application?",free_text,"""There is no information on this question in the provided documents.""","""The Defendants' immediate judgment application was dismissed, and the claim will proceed to trial alongside the main issues.""",0.2,0.0,0.0,"[[""1a255edc261961ec64870466a27ac4e25b5ebc2abe298e1b69f8dd2fc27288f6"", 2], [""3f8a5ea0e051ba3af7a02da340c911fe0970ebece6c852c3e61a10c00cac6d6e"", 2], [""437568a801115019fe8278385c0484bdf07ab86f9a499ecaba2b7969b37c764b"", 5], [""437568a801115019fe8278385c0484bdf07ab86f9a499ecaba2b7969b37c764b"", 7], [""437568a801115019fe8278385c0484bdf07ab86f9a499ecaba2b7969b37c764b"", 14], [""839de9798f377492eee68f82b202d7cd3544be83d799f6226a02f3678c9bb914"", 7], [""d32e76d495ac7d855d805fb71682b98d254520e3799aa4529ebc983212648335"", 1], [""f4c4d051d514270964adcf58e124569e396602340b7d9172671759de10a95897"", 1]]","[[""d32e76d495ac7d855d805fb71682b98d254520e3799aa4529ebc983212648335"", 2]]",False,"The submission incorrectly abstains. The supplied case text indicates the Defendants' application was dismissed and the claim would proceed to trial, so the answer is not correct, complete, or grounded in the evidence. The confidence/abstention is also inappropriate because the answer was available."
mixed-R0,3ab3489605bc64891f36d9f3c7cf9c8608d08163b8673db41aa359097786b4bc,"According to Article 12(4) of the Common Reporting Standard Law 2018, for how many years must records be retained by Reporting Financial Institutions after the date of reporting the information?",number,6,6,1.0,0.14285714285714285,1.0,"[[""72ea171147bf30326fe6fd2e6798f607c7cef4bf9d43761dbccd2f1b6a356849"", 31], [""fbdd7f9dd299d83b1f398778da2e6765dfaaed62005667264734a1f76ec09071"", 3], [""fbdd7f9dd299d83b1f398778da2e6765dfaaed62005667264734a1f76ec09071"", 7], [""fbdd7f9dd299d83b1f398778da2e6765dfaaed62005667264734a1f76ec09071"", 10], [""fbdd7f9dd299d83b1f398778da2e6765dfaaed62005667264734a1f76ec09071"", 12], [""fbdd7f9dd299d83b1f398778da2e6765dfaaed62005667264734a1f76ec09071"", 16], [""fbdd7f9dd299d83b1f398778da2e6765dfaaed62005667264734a1f76ec09071"", 17]]","[[""fbdd7f9dd299d83b1f398778da2e6765dfaaed62005667264734a1f76ec09071"", 7]]",False,
mixed-R0,ec0aa6992207b818c06e57dd28b08dad22ba2de3bd9e81a9a222e2fba9814406,Who are listed as the claimants in the case documents for SCT 454/2024?,names,"[""Oleta""]","[""Oleta""]",1.0,0.14285714285714285,1.0,"[[""09660f78c26cd56c08c7253ed21ba01fb246092f482ccd8acd8e6f9b6fd2d917"", 1], [""3f8a5ea0e051ba3af7a02da340c911fe0970ebece6c852c3e61a10c00cac6d6e"", 4], [""3f8a5ea0e051ba3af7a02da340c911fe0970ebece6c852c3e61a10c00cac6d6e"", 8], [""839de9798f377492eee68f82b202d7cd3544be83d799f6226a02f3678c9bb914"", 3], [""839de9798f377492eee68f82b202d7cd3544be83d799f6226a02f3678c9bb914"", 7], [""d32e76d495ac7d855d805fb71682b98d254520e3799aa4529ebc983212648335"", 9], [""f4c4d051d514270964adcf58e124569e396602340b7d9172671759de10a95897"", 1]]","[[""f4c4d051d514270964adcf58e124569e396602340b7d9172671759de10a95897"", 1]]",False,
mixed-R0,e9b7a25f2bca575390d55244471366612a7698321f47c4f1eb28724c8448ef7d,Was the same judge involved in both case CFI 010/2024 and case CFI 016/2025?,boolean,null,false,0.0,0.0,0.0,"[[""1a255edc261961ec64870466a27ac4e25b5ebc2abe298e1b69f8dd2fc27288f6"", 75], [""3f8a5ea0e051ba3af7a02da340c911fe0970ebece6c852c3e61a10c00cac6d6e"", 3], [""3f8a5ea0e051ba3af7a02da340c911fe0970ebece6c852c3e61a10c00cac6d6e"", 18], [""5d3df6d69fac3ef91e13ac835b43a35e9e434fbc7e72ea5c01e288d69b66e6a2"", 15], [""d32e76d495ac7d855d805fb71682b98d254520e3799aa4529ebc983212648335"", 1], [""d32e76d495ac7d855d805fb71682b98d254520e3799aa4529ebc983212648335"", 9], [""d32e76d495ac7d855d805fb71682b98d254520e3799aa4529ebc983212648335"", 11], [""f4c4d051d514270964adcf58e124569e396602340b7d9172671759de10a95897"", 1]]","[[""443e04bc1a78940b3fcd5438d24b6c5f182a276d354a3108e738b193675de032"", 1], [""6248961b681ea0deb189f354be0c8286f35974dcdb211c13c921c3dd0e566a6e"", 1]]",True,
mixed-R0,d6eb4a640e0ad690e92c1463e15f5394d36d8f5bb407f0fa4d7413c456c7a5bd,"Under Article 11(1) of the Employment Law 2019, is a provision in an agreement to waive minimum employment requirements void in all circumstances, except where expressly permitted by the Law?",boolean,true,true,1.0,0.0,0.0,"[[""09660f78c26cd56c08c7253ed21ba01fb246092f482ccd8acd8e6f9b6fd2d917"", 3], [""09660f78c26cd56c08c7253ed21ba01fb246092f482ccd8acd8e6f9b6fd2d917"", 4], [""09660f78c26cd56c08c7253ed21ba01fb246092f482ccd8acd8e6f9b6fd2d917"", 6], [""09660f78c26cd56c08c7253ed21ba01fb246092f482ccd8acd8e6f9b6fd2d917"", 9], [""09660f78c26cd56c08c7253ed21ba01fb246092f482ccd8acd8e6f9b6fd2d917"", 10], [""72ea171147bf30326fe6fd2e6798f607c7cef4bf9d43761dbccd2f1b6a356849"", 34], [""b82ac8228e051d96bf8d706d3251893ebff1c9457b066fce3b7cb99af956f2a7"", 20]]","[[""33bc02044716acdfedb164b065bdaec098aaadcae863c591f9931c88e7307d16"", 7]]",True,
mixed-R0,88f62d095220495f4a36b31f9f976e726aea7b53f6aead57084c6d8b36dc9814,Which case was issued earlier by the Court of First Instance: CFI 057/2025 or CFI 067/2025?,name,null,"""CFI 057/2025""",0.0,0.0,0.0,"[[""09660f78c26cd56c08c7253ed21ba01fb246092f482ccd8acd8e6f9b6fd2d917"", 7], [""1a255edc261961ec64870466a27ac4e25b5ebc2abe298e1b69f8dd2fc27288f6"", 8], [""3f8a5ea0e051ba3af7a02da340c911fe0970ebece6c852c3e61a10c00cac6d6e"", 2], [""3f8a5ea0e051ba3af7a02da340c911fe0970ebece6c852c3e61a10c00cac6d6e"", 18], [""6248961b681ea0deb189f354be0c8286f35974dcdb211c13c921c3dd0e566a6e"", 1], [""d32e76d495ac7d855d805fb71682b98d254520e3799aa4529ebc983212648335"", 1], [""f4c4d051d514270964adcf58e124569e396602340b7d9172671759de10a95897"", 1]]","[[""1b446e196b4d1752241c8ff689a31ea705e98ad0c16b9d343c303664f72b64a1"", 2], [""897ab23ed5a70034d3d708d871ad1da8bc7b6608d94b1ca46b5d578d985d3c13"", 2]]",True,
mixed-R0,dd736c7955429054fc55ea9eb55b96d3feb13e410f27a25651eefe5ecb536575,Which case has an earlier Date of Issue: ENF 269/2023 or SCT 169/2025?,name,"""ENF 269/2023""","""ENF 269/2023""",1.0,0.0,0.0,"[[""3f8a5ea0e051ba3af7a02da340c911fe0970ebece6c852c3e61a10c00cac6d6e"", 18], [""5d3df6d69fac3ef91e13ac835b43a35e9e434fbc7e72ea5c01e288d69b66e6a2"", 1], [""839de9798f377492eee68f82b202d7cd3544be83d799f6226a02f3678c9bb914"", 5], [""839de9798f377492eee68f82b202d7cd3544be83d799f6226a02f3678c9bb914"", 22], [""c98c1475692bc22f4abab6a7a7d7969467c94e46a7e68919aaf127179ebf3f54"", 8], [""c98c1475692bc22f4abab6a7a7d7969467c94e46a7e68919aaf127179ebf3f54"", 9], [""d32e76d495ac7d855d805fb71682b98d254520e3799aa4529ebc983212648335"", 9]]","[[""3a574fc4f0baa5ec7ff0dcc822d7c55e4f9c493c24addc217c8df3d848c16fa5"", 2], [""5d3df6d69fac3ef91e13ac835b43a35e9e434fbc7e72ea5c01e288d69b66e6a2"", 3]]",True,
mixed-R0,84941458c4ade946dae84cf5ebc4abf362a6f6e6fec835ba5c43ad2d3b4b14d7,Is there any information about parole hearings in case CFI 057/2025?,free_text,"""There is no information on this question in the provided documents.""","""There is no information on this question in the provided documents.""",1.0,,,"[[""1a255edc261961ec64870466a27ac4e25b5ebc2abe298e1b69f8dd2fc27288f6"", 2], [""1a255edc261961ec64870466a27ac4e25b5ebc2abe298e1b69f8dd2fc27288f6"", 9], [""3f8a5ea0e051ba3af7a02da340c911fe0970ebece6c852c3e61a10c00cac6d6e"", 2], [""3f8a5ea0e051ba3af7a02da340c911fe0970ebece6c852c3e61a10c00cac6d6e"", 3], [""839de9798f377492eee68f82b202d7cd3544be83d799f6226a02f3678c9bb914"", 8], [""839de9798f377492eee68f82b202d7cd3544be83d799f6226a02f3678c9bb914"", 17], [""839de9798f377492eee68f82b202d7cd3544be83d799f6226a02f3678c9bb914"", 19]]",[],False,
mixed-R0,ff1b357588e9b5881ec9b1558ede2892e7cbf42a6787a1cbb922b45318f66778,"According to the title page of the DIFC Law on the Application of Civil and Commercial Laws, what is its official law number?",number,3,3,1.0,0.14285714285714285,1.0,"[[""22442c5ee999e2519c68de908be511875a84f2b810ed540c2dcfcbcc65031434"", 1], [""4e387152960c1029b3711cacb05b287b13c977bc61f2558059a62b7b427a62eb"", 1], [""72ea171147bf30326fe6fd2e6798f607c7cef4bf9d43761dbccd2f1b6a356849"", 1], [""ff746f7b583490a80ba104361c0a82a1ebbf7ed9097cd03dc49d744cb5057761"", 1], [""ff746f7b583490a80ba104361c0a82a1ebbf7ed9097cd03dc49d744cb5057761"", 2], [""ff746f7b583490a80ba104361c0a82a1ebbf7ed9097cd03dc49d744cb5057761"", 3], [""ff746f7b583490a80ba104361c0a82a1ebbf7ed9097cd03dc49d744cb5057761"", 7]]","[[""ff746f7b583490a80ba104361c0a82a1ebbf7ed9097cd03dc49d744cb5057761"", 1]]",False,
mixed-R0,f2ea23e9f861379a5c049830b57dcb499d4e6ce51013e64d49722b5845139e22,"Under Article 22 of the Operating Law 2018, for how many years from the date the Registrar becomes aware of an act or omission can the Registrar exercise powers in respect of a former Registered Person removed from the Public Register?",number,3,3,1.0,0.16666666666666666,1.0,"[[""72ea171147bf30326fe6fd2e6798f607c7cef4bf9d43761dbccd2f1b6a356849"", 15], [""72ea171147bf30326fe6fd2e6798f607c7cef4bf9d43761dbccd2f1b6a356849"", 20], [""72ea171147bf30326fe6fd2e6798f607c7cef4bf9d43761dbccd2f1b6a356849"", 21], [""72ea171147bf30326fe6fd2e6798f607c7cef4bf9d43761dbccd2f1b6a356849"", 22], [""72ea171147bf30326fe6fd2e6798f607c7cef4bf9d43761dbccd2f1b6a356849"", 23], [""72ea171147bf30326fe6fd2e6798f607c7cef4bf9d43761dbccd2f1b6a356849"", 24]]","[[""72ea171147bf30326fe6fd2e6798f607c7cef4bf9d43761dbccd2f1b6a356849"", 15]]",False,
mixed-R0,095cb50318776a3b8ef11769cd941775694c194924783ee31109c25e3306600e,Who is responsible for administering the Employment Law and any Regulations made under it?,free_text,"""There is no information on this question in the provided documents.""","""The DIFCA administers the Employment Law and any Regulations made under it.""",0.6,0.0,0.0,"[[""22442c5ee999e2519c68de908be511875a84f2b810ed540c2dcfcbcc65031434"", 4], [""22442c5ee999e2519c68de908be511875a84f2b810ed540c2dcfcbcc65031434"", 5], [""302a0bd8d67775e8dc5960ecec7879be566300d8b32c4b0153ba15ebdb279425"", 18], [""72ea171147bf30326fe6fd2e6798f607c7cef4bf9d43761dbccd2f1b6a356849"", 5], [""72ea171147bf30326fe6fd2e6798f607c7cef4bf9d43761dbccd2f1b6a356849"", 20], [""72ea171147bf30326fe6fd2e6798f607c7cef4bf9d43761dbccd2f1b6a356849"", 41], [""b82ac8228e051d96bf8d706d3251893ebff1c9457b066fce3b7cb99af956f2a7"", 24], [""fbdd7f9dd299d83b1f398778da2e6765dfaaed62005667264734a1f76ec09071"", 4]]","[[""33bc02044716acdfedb164b065bdaec098aaadcae863c591f9931c88e7307d16"", 6]]",True,"The response is clear and appropriately cautious given the supplied evidence, but it does not answer the question. The reference says the DIFCA is responsible for administering the Employment Law and any Regulations made under it."
mixed-R0,c2cf8224f1166780b25c77feede37101c514517ed61485c9ae31f6b1eb8c744b,Who administers the Foundations Law?,free_text,"""The Foundations Law is administered by the Registrar.""","""The Registrar administers the Foundations Law.""",1.0,0.14285714285714285,1.0,"[[""22442c5ee999e2519c68de908be511875a84f2b810ed540c2dcfcbcc65031434"", 2], [""22442c5ee999e2519c68de908be511875a84f2b810ed540c2dcfcbcc65031434"", 4], [""22442c5ee999e2519c68de908be511875a84f2b810ed540c2dcfcbcc65031434"", 8], [""22442c5ee999e2519c68de908be511875a84f2b810ed540c2dcfcbcc65031434"", 9], [""22442c5ee999e2519c68de908be511875a84f2b810ed540c2dcfcbcc65031434"", 18], [""22442c5ee999e2519c68de908be511875a84f2b810ed540c2dcfcbcc65031434"", 25], [""22442c5ee999e2519c68de908be511875a84f2b810ed540c2dcfcbcc65031434"", 42]]","[[""22442c5ee999e2519c68de908be511875a84f2b810ed540c2dcfcbcc65031434"", 4]]",False,"The answer matches the reference exactly, is fully responsive, and is directly supported by the supplied evidence. The high confidence is appropriate."
mixed-R0,cd69f5dfe06d2e7afac26c7b332ea925987864cc6730f90cce020d34d823abbe,What is the purpose of Article 9(1) of the Foundations Law?,free_text,"""There is no information on this question in the provided documents.""","""It empowers the DIFCA Board to make regulations to facilitate the administration of, or further the objects of, the Foundations Law.""",0.4,0.125,1.0,"[[""22442c5ee999e2519c68de908be511875a84f2b810ed540c2dcfcbcc65031434"", 2], [""22442c5ee999e2519c68de908be511875a84f2b810ed540c2dcfcbcc65031434"", 4], [""22442c5ee999e2519c68de908be511875a84f2b810ed540c2dcfcbcc65031434"", 6], [""22442c5ee999e2519c68de908be511875a84f2b810ed540c2dcfcbcc65031434"", 7], [""22442c5ee999e2519c68de908be511875a84f2b810ed540c2dcfcbcc65031434"", 9], [""22442c5ee999e2519c68de908be511875a84f2b810ed540c2dcfcbcc65031434"", 18], [""22442c5ee999e2519c68de908be511875a84f2b810ed540c2dcfcbcc65031434"", 30], [""22442c5ee999e2519c68de908be511875a84f2b810ed540c2dcfcbcc65031434"", 42]]","[[""22442c5ee999e2519c68de908be511875a84f2b810ed540c2dcfcbcc65031434"", 4]]",False,"The submission does not answer the question; Article 9(1) is about the DIFCA Board’s power to make regulations to facilitate administration of, or further the objects of, the Law. The abstention is clear, but it is incomplete and incorrect relative to the reference. The high confidence is not well calibrated for an unsupported/incorrect answer."
mixed-R1,30ab0e56ee0c43b5bf94fd9657c7f7ac24f0e7be29ced2933437f7a234713cd7,"Under Article 8(1) of the Operating Law 2018, is a person permitted to operate or conduct business in or from the DIFC without being incorporated, registered, or continued under a Prescribed Law or other Legislation administered by the Registrar?",boolean,false,false,1.0,0.14285714285714285,1.0,"[[""72ea171147bf30326fe6fd2e6798f607c7cef4bf9d43761dbccd2f1b6a356849"", 1], [""72ea171147bf30326fe6fd2e6798f607c7cef4bf9d43761dbccd2f1b6a356849"", 2], [""72ea171147bf30326fe6fd2e6798f607c7cef4bf9d43761dbccd2f1b6a356849"", 4], [""72ea171147bf30326fe6fd2e6798f607c7cef4bf9d43761dbccd2f1b6a356849"", 8], [""72ea171147bf30326fe6fd2e6798f607c7cef4bf9d43761dbccd2f1b6a356849"", 40], [""b82ac8228e051d96bf8d706d3251893ebff1c9457b066fce3b7cb99af956f2a7"", 17], [""ff746f7b583490a80ba104361c0a82a1ebbf7ed9097cd03dc49d744cb5057761"", 3]]","[[""72ea171147bf30326fe6fd2e6798f607c7cef4bf9d43761dbccd2f1b6a356849"", 8]]",False,
mixed-R1,331b267822eaa013b4a79d92f2ac5118052a57150df9a29d7d11c531f02d23cf,What is the Date of Issue of the document in case CFI 057/2025?,date,null,"""2026-02-02""",0.0,0.0,0.0,"[[""1a255edc261961ec64870466a27ac4e25b5ebc2abe298e1b69f8dd2fc27288f6"", 5], [""1a255edc261961ec64870466a27ac4e25b5ebc2abe298e1b69f8dd2fc27288f6"", 9], [""1a255edc261961ec64870466a27ac4e25b5ebc2abe298e1b69f8dd2fc27288f6"", 60], [""1a255edc261961ec64870466a27ac4e25b5ebc2abe298e1b69f8dd2fc27288f6"", 61], [""3f8a5ea0e051ba3af7a02da340c911fe0970ebece6c852c3e61a10c00cac6d6e"", 2], [""839de9798f377492eee68f82b202d7cd3544be83d799f6226a02f3678c9bb914"", 8], [""897ab23ed5a70034d3d708d871ad1da8bc7b6608d94b1ca46b5d578d985d3c13"", 1]]","[[""1b446e196b4d1752241c8ff689a31ea705e98ad0c16b9d343c303664f72b64a1"", 2]]",True,
mixed-R1,5d271fced60d88e008a69adc2da21de427906206bfb49f5554a3bf1dd6f72772,"According to the title page of the Common Reporting Standard Law, what is its official DIFC Law number?",number,2,2,1.0,0.2,1.0,"[[""fbdd7f9dd299d83b1f398778da2e6765dfaaed62005667264734a1f76ec09071"", 1], [""fbdd7f9dd299d83b1f398778da2e6765dfaaed62005667264734a1f76ec09071"", 3], [""fbdd7f9dd299d83b1f398778da2e6765dfaaed62005667264734a1f76ec09071"", 5], [""fbdd7f9dd299d83b1f398778da2e6765dfaaed62005667264734a1f76ec09071"", 15], [""fbdd7f9dd299d83b1f398778da2e6765dfaaed62005667264734a1f76ec09071"", 16]]","[[""fbdd7f9dd299d83b1f398778da2e6765dfaaed62005667264734a1f76ec09071"", 1]]",False,
mixed-R1,358bf0caaa87ba7e11698c5e0bb230f5742c141f2da8a3e8969cee41ef0f7841,Do cases SCT 295/2025 and SCT 514/2025 involve any of the same legal entities or individuals as main parties?,boolean,null,false,0.0,0.0,0.0,"[[""1a255edc261961ec64870466a27ac4e25b5ebc2abe298e1b69f8dd2fc27288f6"", 1], [""1a255edc261961ec64870466a27ac4e25b5ebc2abe298e1b69f8dd2fc27288f6"", 7], [""3a574fc4f0baa5ec7ff0dcc822d7c55e4f9c493c24addc217c8df3d848c16fa5"", 4], [""839de9798f377492eee68f82b202d7cd3544be83d799f6226a02f3678c9bb914"", 7], [""bd2d222ee0a636a745434cfb457321cd658db5bb32b5f0a3f5643236cc1503d8"", 6], [""bd2d222ee0a636a745434cfb457321cd658db5bb32b5f0a3f5643236cc1503d8"", 8], [""bd2d222ee0a636a745434cfb457321cd658db5bb32b5f0a3f5643236cc1503d8"", 10], [""d32e76d495ac7d855d805fb71682b98d254520e3799aa4529ebc983212648335"", 11]]","[[""09660f78c26cd56c08c7253ed21ba01fb246092f482ccd8acd8e6f9b6fd2d917"", 1], [""6306079a16b1dec85690f75c715cdbd78b0685a3e19ee30250d481bc32f2e29a"", 1]]",True,
mixed-R1,bce4c288236518dfd08f6bac5a75c75ea79b1250347c4b998252fa9d7265a7c3,What kind of liability do Partners have under Article 28(1) of the General Partnership Law 2004?,free_text,"""Under Article 28(1), each Partner is jointly and severally liable with the other Partners for all debts and obligations of the General Partnership incurred while they are a Partner, unless otherwise agreed by all the other Partners.""","""Partners are jointly and severally liable with the other Partners for all debts and obligations of the General Partnership incurred while they are Partners.""",1.0,0.16666666666666666,1.0,"[[""302a0bd8d67775e8dc5960ecec7879be566300d8b32c4b0153ba15ebdb279425"", 2], [""302a0bd8d67775e8dc5960ecec7879be566300d8b32c4b0153ba15ebdb279425"", 9], [""302a0bd8d67775e8dc5960ecec7879be566300d8b32c4b0153ba15ebdb279425"", 10], [""302a0bd8d67775e8dc5960ecec7879be566300d8b32c4b0153ba15ebdb279425"", 11], [""302a0bd8d67775e8dc5960ecec7879be566300d8b32c4b0153ba15ebdb279425"", 12], [""302a0bd8d67775e8dc5960ecec7879be566300d8b32c4b0153ba15ebdb279425"", 22]]","[[""302a0bd8d67775e8dc5960ecec7879be566300d8b32c4b0153ba15ebdb279425"", 10]]",False,The answer correctly states that partners are jointly and severally liable for partnership debts and obligations incurred while they are partners. The added exception ('unless otherwise agreed by all the other Partners') is also supported by the supplied evidence.
mixed-R1,6863a7f4a5e76694620518758411bc743142897fa8077f2a73701b89fa2d0b0f,"Under the Foundations Law DIFC Law No. 3 of 2018, what is the maximum fine for failing to provide a copy of an assignment of rights to the Registered Agent or Registrar within 30 days?",free_text,"""The maximum fine is USD 1,500.""","""The maximum fine is USD 1,500.""",1.0,0.25,1.0,"[[""22442c5ee999e2519c68de908be511875a84f2b810ed540c2dcfcbcc65031434"", 6], [""22442c5ee999e2519c68de908be511875a84f2b810ed540c2dcfcbcc65031434"", 16], [""22442c5ee999e2519c68de908be511875a84f2b810ed540c2dcfcbcc65031434"", 21], [""22442c5ee999e2519c68de908be511875a84f2b810ed540c2dcfcbcc65031434"", 22], [""22442c5ee999e2519c68de908be511875a84f2b810ed540c2dcfcbcc65031434"", 26], [""22442c5ee999e2519c68de908be511875a84f2b810ed540c2dcfcbcc65031434"", 46], [""72ea171147bf30326fe6fd2e6798f607c7cef4bf9d43761dbccd2f1b6a356849"", 10], [""72ea171147bf30326fe6fd2e6798f607c7cef4bf9d43761dbccd2f1b6a356849"", 12]]","[[""22442c5ee999e2519c68de908be511875a84f2b810ed540c2dcfcbcc65031434"", 6], [""22442c5ee999e2519c68de908be511875a84f2b810ed540c2dcfcbcc65031434"", 46]]",False,"The submission matches the reference and is directly supported by Schedule 3 in the evidence, which lists the maximum fine as USD 1,500 for failing to provide a copy of the assignment of rights."
mixed-R1,150d4428704ea7ce7452509bda9c25f4d242b2395114ed0ed59388b87660f218,"Under the Operating Law - DIFC Law No. 7 of 2018, who is responsible for appointing and dismissing the Registrar?",free_text,"""The Board of Directors of the DIFCA is responsible for appointing and dismissing the Registrar, and it must consult the President before doing either.""","""The Board of Directors of the DIFCA appoints and may dismiss the Registrar, after consulting the President.""",1.0,0.14285714285714285,1.0,"[[""72ea171147bf30326fe6fd2e6798f607c7cef4bf9d43761dbccd2f1b6a356849"", 2], [""72ea171147bf30326fe6fd2e6798f607c7cef4bf9d43761dbccd2f1b6a356849"", 3], [""72ea171147bf30326fe6fd2e6798f607c7cef4bf9d43761dbccd2f1b6a356849"", 4], [""72ea171147bf30326fe6fd2e6798f607c7cef4bf9d43761dbccd2f1b6a356849"", 5], [""72ea171147bf30326fe6fd2e6798f607c7cef4bf9d43761dbccd2f1b6a356849"", 6], [""72ea171147bf30326fe6fd2e6798f607c7cef4bf9d43761dbccd2f1b6a356849"", 40], [""b82ac8228e051d96bf8d706d3251893ebff1c9457b066fce3b7cb99af956f2a7"", 24]]","[[""72ea171147bf30326fe6fd2e6798f607c7cef4bf9d43761dbccd2f1b6a356849"", 5]]",False,"The answer matches the law: the Board of Directors of the DIFCA appoints and may dismiss the Registrar, after consulting the President."
mixed-R1,39890efe7db1258f568e838c284020a9fc79b8bf0deddab76fdf853c9b0171ed,Is there any main party common to both case CFI 057/2025 and case SCT 295/2025?,boolean,null,false,0.0,0.0,0.0,"[[""1a255edc261961ec64870466a27ac4e25b5ebc2abe298e1b69f8dd2fc27288f6"", 10], [""1a255edc261961ec64870466a27ac4e25b5ebc2abe298e1b69f8dd2fc27288f6"", 61], [""1a255edc261961ec64870466a27ac4e25b5ebc2abe298e1b69f8dd2fc27288f6"", 62], [""1a255edc261961ec64870466a27ac4e25b5ebc2abe298e1b69f8dd2fc27288f6"", 75], [""839de9798f377492eee68f82b202d7cd3544be83d799f6226a02f3678c9bb914"", 7], [""839de9798f377492eee68f82b202d7cd3544be83d799f6226a02f3678c9bb914"", 22], [""897ab23ed5a70034d3d708d871ad1da8bc7b6608d94b1ca46b5d578d985d3c13"", 1]]","[[""09660f78c26cd56c08c7253ed21ba01fb246092f482ccd8acd8e6f9b6fd2d917"", 1], [""1b446e196b4d1752241c8ff689a31ea705e98ad0c16b9d343c303664f72b64a1"", 1]]",True,
mixed-R1,acd0ddc6715f2bccf5076dc47e6874a8ecb782dd10c0b162071f890ad96bef47,"Between SCT 295/2025 and SCT 514/2025, which document has the earlier issue date?",name,null,"""SCT 295/2025""",0.0,0.0,0.0,"[[""09660f78c26cd56c08c7253ed21ba01fb246092f482ccd8acd8e6f9b6fd2d917"", 1], [""1a255edc261961ec64870466a27ac4e25b5ebc2abe298e1b69f8dd2fc27288f6"", 9], [""1a255edc261961ec64870466a27ac4e25b5ebc2abe298e1b69f8dd2fc27288f6"", 60], [""1a255edc261961ec64870466a27ac4e25b5ebc2abe298e1b69f8dd2fc27288f6"", 61], [""1a255edc261961ec64870466a27ac4e25b5ebc2abe298e1b69f8dd2fc27288f6"", 62], [""839de9798f377492eee68f82b202d7cd3544be83d799f6226a02f3678c9bb914"", 22]]","[[""09660f78c26cd56c08c7253ed21ba01fb246092f482ccd8acd8e6f9b6fd2d917"", 2], [""6306079a16b1dec85690f75c715cdbd78b0685a3e19ee30250d481bc32f2e29a"", 2]]",True,
mixed-R1,436c12cc4eb26087bd1540f5d47825712632e90b4d5b2bca6c52e3b26151f874,What was the result of the application heard in case CFI 057/2025?,free_text,"""There is no information on this question in the provided documents.""","""The Defendant's Permission to Appeal Application was refused, and the Defendant was ordered to pay the Claimant's costs of the application.""",0.2,0.0,0.0,"[[""1b446e196b4d1752241c8ff689a31ea705e98ad0c16b9d343c303664f72b64a1"", 1], [""3f8a5ea0e051ba3af7a02da340c911fe0970ebece6c852c3e61a10c00cac6d6e"", 2], [""3f8a5ea0e051ba3af7a02da340c911fe0970ebece6c852c3e61a10c00cac6d6e"", 4], [""437568a801115019fe8278385c0484bdf07ab86f9a499ecaba2b7969b37c764b"", 1], [""58eae81bf668e7f6c58619f419a49b5e35e2e5c9c7475475ace28ec562580545"", 1], [""839de9798f377492eee68f82b202d7cd3544be83d799f6226a02f3678c9bb914"", 17], [""897ab23ed5a70034d3d708d871ad1da8bc7b6608d94b1ca46b5d578d985d3c13"", 1], [""d32e76d495ac7d855d805fb71682b98d254520e3799aa4529ebc983212648335"", 1]]","[[""1b446e196b4d1752241c8ff689a31ea705e98ad0c16b9d343c303664f72b64a1"", 2]]",True,"The submission incorrectly abstains: the reference says the Defendant's Permission to Appeal Application was refused and the Defendant was ordered to pay the Claimant's costs. The answer is also incomplete because it omits that result. Its claim that there is no information is not supported by the evidence provided, which identifies the case and the application, and the confidence is too high for an unsupported abstention."
mixed-R1,4fa07316db9a19980de495d2190350cc4b494ae0ab741cda7784e895709719e1,"Between CFI 010/2024 and SCT 169/2025, which document has the earlier issue date?",name,null,"""SCT 169/2025""",0.0,0.0,0.0,"[[""1a255edc261961ec64870466a27ac4e25b5ebc2abe298e1b69f8dd2fc27288f6"", 9], [""1a255edc261961ec64870466a27ac4e25b5ebc2abe298e1b69f8dd2fc27288f6"", 60], [""1a255edc261961ec64870466a27ac4e25b5ebc2abe298e1b69f8dd2fc27288f6"", 61], [""22442c5ee999e2519c68de908be511875a84f2b810ed540c2dcfcbcc65031434"", 1], [""72ea171147bf30326fe6fd2e6798f607c7cef4bf9d43761dbccd2f1b6a356849"", 1], [""839de9798f377492eee68f82b202d7cd3544be83d799f6226a02f3678c9bb914"", 22], [""897ab23ed5a70034d3d708d871ad1da8bc7b6608d94b1ca46b5d578d985d3c13"", 1]]","[[""3a574fc4f0baa5ec7ff0dcc822d7c55e4f9c493c24addc217c8df3d848c16fa5"", 1], [""443e04bc1a78940b3fcd5438d24b6c5f182a276d354a3108e738b193675de032"", 1]]",True,
mixed-R1,1a80e5dc69fb76a97c0ada049df2425c9f06de373bbb9ee5b39dbd1f12f85387,"From the title pages of all documents in case CA 005/2025 and case CFI 067/2025, identify whether any individual or company is named as a main party in both cases.",boolean,true,false,0.0,0.0,0.0,"[[""1a255edc261961ec64870466a27ac4e25b5ebc2abe298e1b69f8dd2fc27288f6"", 8], [""1a255edc261961ec64870466a27ac4e25b5ebc2abe298e1b69f8dd2fc27288f6"", 9], [""1a255edc261961ec64870466a27ac4e25b5ebc2abe298e1b69f8dd2fc27288f6"", 75], [""3f8a5ea0e051ba3af7a02da340c911fe0970ebece6c852c3e61a10c00cac6d6e"", 7], [""58eae81bf668e7f6c58619f419a49b5e35e2e5c9c7475475ace28ec562580545"", 1], [""839de9798f377492eee68f82b202d7cd3544be83d799f6226a02f3678c9bb914"", 7], [""839de9798f377492eee68f82b202d7cd3544be83d799f6226a02f3678c9bb914"", 28], [""bd2d222ee0a636a745434cfb457321cd658db5bb32b5f0a3f5643236cc1503d8"", 1]]","[[""03b621728fe29eb6113fcdb57f6458d793fd2d5c5b833ae26d40f04a29c85359"", 1], [""437568a801115019fe8278385c0484bdf07ab86f9a499ecaba2b7969b37c764b"", 1], [""897ab23ed5a70034d3d708d871ad1da8bc7b6608d94b1ca46b5d578d985d3c13"", 1]]",True,
mixed-R1,9f9fb4b911d75c22f2c9a42bb852848ac45594179a7d0d126c8ef0ac8941b18d,Do cases CA 004/2025 and SCT 295/2025 involve any of the same legal entities or individuals as parties?,boolean,null,false,0.0,0.0,0.0,"[[""03b621728fe29eb6113fcdb57f6458d793fd2d5c5b833ae26d40f04a29c85359"", 1], [""1a255edc261961ec64870466a27ac4e25b5ebc2abe298e1b69f8dd2fc27288f6"", 7], [""1a255edc261961ec64870466a27ac4e25b5ebc2abe298e1b69f8dd2fc27288f6"", 61], [""1a255edc261961ec64870466a27ac4e25b5ebc2abe298e1b69f8dd2fc27288f6"", 75], [""3a574fc4f0baa5ec7ff0dcc822d7c55e4f9c493c24addc217c8df3d848c16fa5"", 4], [""839de9798f377492eee68f82b202d7cd3544be83d799f6226a02f3678c9bb914"", 6], [""839de9798f377492eee68f82b202d7cd3544be83d799f6226a02f3678c9bb914"", 7], [""bd2d222ee0a636a745434cfb457321cd658db5bb32b5f0a3f5643236cc1503d8"", 6]]","[[""09660f78c26cd56c08c7253ed21ba01fb246092f482ccd8acd8e6f9b6fd2d917"", 1], [""78ffe994cdc61ce6a2a6937c79fc52751bb5d2b4eaa4019f088fbccf70569c26"", 1]]",True,
mixed-R1,d374bee20e02f7f384e766dd792856c6457f99fc1491e5fee2e6cd50a4d856b7,Identify whether any person or company is a main party to both ENF 269/2023 and SCT 514/2025.,boolean,true,false,0.0,0.0,0.0,"[[""1a255edc261961ec64870466a27ac4e25b5ebc2abe298e1b69f8dd2fc27288f6"", 7], [""1a255edc261961ec64870466a27ac4e25b5ebc2abe298e1b69f8dd2fc27288f6"", 93], [""72ea171147bf30326fe6fd2e6798f607c7cef4bf9d43761dbccd2f1b6a356849"", 2], [""72ea171147bf30326fe6fd2e6798f607c7cef4bf9d43761dbccd2f1b6a356849"", 39], [""839de9798f377492eee68f82b202d7cd3544be83d799f6226a02f3678c9bb914"", 7], [""839de9798f377492eee68f82b202d7cd3544be83d799f6226a02f3678c9bb914"", 21], [""839de9798f377492eee68f82b202d7cd3544be83d799f6226a02f3678c9bb914"", 22]]","[[""5d3df6d69fac3ef91e13ac835b43a35e9e434fbc7e72ea5c01e288d69b66e6a2"", 1], [""6306079a16b1dec85690f75c715cdbd78b0685a3e19ee30250d481bc32f2e29a"", 1]]",True,
mixed-R1,8de44b7964cdde111c1a33ac4cc13948b7b4e14fd120351fcb5a5bfb2b2dfff0,Identify the case with the higher monetary claim: SCT 169/2025 or SCT 295/2025?,name,null,"""SCT 169/2025""",0.0,0.0,0.0,"[[""09660f78c26cd56c08c7253ed21ba01fb246092f482ccd8acd8e6f9b6fd2d917"", 1], [""3a574fc4f0baa5ec7ff0dcc822d7c55e4f9c493c24addc217c8df3d848c16fa5"", 1], [""3f8a5ea0e051ba3af7a02da340c911fe0970ebece6c852c3e61a10c00cac6d6e"", 25], [""437568a801115019fe8278385c0484bdf07ab86f9a499ecaba2b7969b37c764b"", 4], [""6248961b681ea0deb189f354be0c8286f35974dcdb211c13c921c3dd0e566a6e"", 3], [""6306079a16b1dec85690f75c715cdbd78b0685a3e19ee30250d481bc32f2e29a"", 1], [""839de9798f377492eee68f82b202d7cd3544be83d799f6226a02f3678c9bb914"", 34], [""f4c4d051d514270964adcf58e124569e396602340b7d9172671759de10a95897"", 1]]","[[""09660f78c26cd56c08c7253ed21ba01fb246092f482ccd8acd8e6f9b6fd2d917"", 2], [""3a574fc4f0baa5ec7ff0dcc822d7c55e4f9c493c24addc217c8df3d848c16fa5"", 2]]",True,
mixed-R1,a8813f8f56099bd156b5fe797cc44b061d2a54fb69ca2e748ffb7cc462eaa85e,Which case has an earlier Date of Issue: CFI 010/2024 or CFI 016/2025?,name,null,"""CFI 010/2024""",0.0,0.0,0.0,"[[""1a255edc261961ec64870466a27ac4e25b5ebc2abe298e1b69f8dd2fc27288f6"", 9], [""1a255edc261961ec64870466a27ac4e25b5ebc2abe298e1b69f8dd2fc27288f6"", 61], [""22442c5ee999e2519c68de908be511875a84f2b810ed540c2dcfcbcc65031434"", 1], [""839de9798f377492eee68f82b202d7cd3544be83d799f6226a02f3678c9bb914"", 22], [""897ab23ed5a70034d3d708d871ad1da8bc7b6608d94b1ca46b5d578d985d3c13"", 1], [""d32e76d495ac7d855d805fb71682b98d254520e3799aa4529ebc983212648335"", 1]]","[[""443e04bc1a78940b3fcd5438d24b6c5f182a276d354a3108e738b193675de032"", 1], [""6248961b681ea0deb189f354be0c8286f35974dcdb211c13c921c3dd0e566a6e"", 1]]",True,
mixed-R1,fcabd6aa14e2df4b7ca00fa516a70eba6de58b74dfde30270e3fe3eec6d1da7a,Which specific DIFC Laws were amended by DIFC Law No. 2 of 2022?,free_text,"""DIFC Law No. 2 of 2022 amended the following DIFC Laws: the Common Reporting Standard Law (DIFC Law No. 2 of 2018), the DIFC Employment Law (DIFC Law No. 2 of 2019), the DIFC Personal Property Law (DIFC Law No. 9 of 2005), the Foundations Law (DIFC Law No. 3 of 2018), the Law on,""","""Common Reporting Standard Law, Employment Law, Foundations Law, General Partnership Law, Limited Liability Partnership Law, Personal Property Law, Trust Law, and the Law on the Application of Civil and Commercial Laws in the DIFC.""",0.2,0.875,0.875,"[[""22442c5ee999e2519c68de908be511875a84f2b810ed540c2dcfcbcc65031434"", 1], [""33bc02044716acdfedb164b065bdaec098aaadcae863c591f9931c88e7307d16"", 1], [""4e387152960c1029b3711cacb05b287b13c977bc61f2558059a62b7b427a62eb"", 1], [""536bbce854b9406cc22697e04fcdabd645e030c0e55b918252643b00e0b2b25f"", 1], [""72ea171147bf30326fe6fd2e6798f607c7cef4bf9d43761dbccd2f1b6a356849"", 1], [""b82ac8228e051d96bf8d706d3251893ebff1c9457b066fce3b7cb99af956f2a7"", 1], [""fbdd7f9dd299d83b1f398778da2e6765dfaaed62005667264734a1f76ec09071"", 1], [""ff746f7b583490a80ba104361c0a82a1ebbf7ed9097cd03dc49d744cb5057761"", 1]]","[[""22442c5ee999e2519c68de908be511875a84f2b810ed540c2dcfcbcc65031434"", 1], [""302a0bd8d67775e8dc5960ecec7879be566300d8b32c4b0153ba15ebdb279425"", 1], [""33bc02044716acdfedb164b065bdaec098aaadcae863c591f9931c88e7307d16"", 1], [""4e387152960c1029b3711cacb05b287b13c977bc61f2558059a62b7b427a62eb"", 1], [""536bbce854b9406cc22697e04fcdabd645e030c0e55b918252643b00e0b2b25f"", 1], [""b82ac8228e051d96bf8d706d3251893ebff1c9457b066fce3b7cb99af956f2a7"", 1], [""fbdd7f9dd299d83b1f398778da2e6765dfaaed62005667264734a1f76ec09071"", 1], [""ff746f7b583490a80ba104361c0a82a1ebbf7ed9097cd03dc49d744cb5057761"", 1]]",True,"The answer is only a partial list and misses several laws from the reference (including General Partnership Law, Limited Liability Partnership Law, Trust Law, and the Law on the Application of Civil and Commercial Laws in the DIFC). The confidence is far too high for an incomplete, truncated response, and the final phrase is cut off mid-sentence."
mixed-R1,e59a0dc49c291402ead91342b065bc4e9ded0043d126f73dd00ba6045aae46b7,"Under Article 14(1) of the Employment Law 2019, how many days does an Employer have to provide an Employee with a written Employment Contract after the commencement of employment?",number,7,7,1.0,0.125,1.0,"[[""33bc02044716acdfedb164b065bdaec098aaadcae863c591f9931c88e7307d16"", 2], [""33bc02044716acdfedb164b065bdaec098aaadcae863c591f9931c88e7307d16"", 3], [""33bc02044716acdfedb164b065bdaec098aaadcae863c591f9931c88e7307d16"", 5], [""33bc02044716acdfedb164b065bdaec098aaadcae863c591f9931c88e7307d16"", 7], [""33bc02044716acdfedb164b065bdaec098aaadcae863c591f9931c88e7307d16"", 8], [""33bc02044716acdfedb164b065bdaec098aaadcae863c591f9931c88e7307d16"", 28], [""33bc02044716acdfedb164b065bdaec098aaadcae863c591f9931c88e7307d16"", 38], [""33bc02044716acdfedb164b065bdaec098aaadcae863c591f9931c88e7307d16"", 42]]","[[""33bc02044716acdfedb164b065bdaec098aaadcae863c591f9931c88e7307d16"", 7]]",True,
mixed-R1,359f1c315f2ac48e6b34ecfa503c6b9c892365985b363dc9a4e3c85563550d05,Who is the defendant in case ARB 034/2025?,name,"""Onora""","""Onora""",1.0,0.14285714285714285,1.0,"[[""1a255edc261961ec64870466a27ac4e25b5ebc2abe298e1b69f8dd2fc27288f6"", 5], [""3a574fc4f0baa5ec7ff0dcc822d7c55e4f9c493c24addc217c8df3d848c16fa5"", 1], [""58eae81bf668e7f6c58619f419a49b5e35e2e5c9c7475475ace28ec562580545"", 1], [""5d3df6d69fac3ef91e13ac835b43a35e9e434fbc7e72ea5c01e288d69b66e6a2"", 1], [""839de9798f377492eee68f82b202d7cd3544be83d799f6226a02f3678c9bb914"", 6], [""bd2d222ee0a636a745434cfb457321cd658db5bb32b5f0a3f5643236cc1503d8"", 1], [""bd2d222ee0a636a745434cfb457321cd658db5bb32b5f0a3f5643236cc1503d8"", 4]]","[[""58eae81bf668e7f6c58619f419a49b5e35e2e5c9c7475475ace28ec562580545"", 1]]",True,
mixed-R1,2fc105ec9d11e361b057e8ce21245fbc01f14cefe5ccddada9d7541c952106d2,"If a Muslim Employee works during the holy month of Ramadan, what is the maximum number of hours they can be required to work each day according to Article 23 of the Employment Law 2019?",number,6,6,1.0,0.16666666666666666,1.0,"[[""33bc02044716acdfedb164b065bdaec098aaadcae863c591f9931c88e7307d16"", 2], [""33bc02044716acdfedb164b065bdaec098aaadcae863c591f9931c88e7307d16"", 10], [""33bc02044716acdfedb164b065bdaec098aaadcae863c591f9931c88e7307d16"", 14], [""33bc02044716acdfedb164b065bdaec098aaadcae863c591f9931c88e7307d16"", 16], [""33bc02044716acdfedb164b065bdaec098aaadcae863c591f9931c88e7307d16"", 41], [""33bc02044716acdfedb164b065bdaec098aaadcae863c591f9931c88e7307d16"", 42]]","[[""33bc02044716acdfedb164b065bdaec098aaadcae863c591f9931c88e7307d16"", 14]]",True,
mixed-R1,b667804a5541a24d40f211b3febc69fa5e633d52a08baf9ce6735832ea4e5ec1,"Based on the full case files for DEC 001/2025 and CFI 057/2025, was there any judge involved in both cases?",boolean,null,false,0.0,0.0,0.0,"[[""1a255edc261961ec64870466a27ac4e25b5ebc2abe298e1b69f8dd2fc27288f6"", 8], [""3f8a5ea0e051ba3af7a02da340c911fe0970ebece6c852c3e61a10c00cac6d6e"", 8], [""5d3df6d69fac3ef91e13ac835b43a35e9e434fbc7e72ea5c01e288d69b66e6a2"", 14], [""5d3df6d69fac3ef91e13ac835b43a35e9e434fbc7e72ea5c01e288d69b66e6a2"", 15], [""839de9798f377492eee68f82b202d7cd3544be83d799f6226a02f3678c9bb914"", 7], [""897ab23ed5a70034d3d708d871ad1da8bc7b6608d94b1ca46b5d578d985d3c13"", 1], [""bd2d222ee0a636a745434cfb457321cd658db5bb32b5f0a3f5643236cc1503d8"", 1]]","[[""1b446e196b4d1752241c8ff689a31ea705e98ad0c16b9d343c303664f72b64a1"", 1], [""3f8a5ea0e051ba3af7a02da340c911fe0970ebece6c852c3e61a10c00cac6d6e"", 1], [""839de9798f377492eee68f82b202d7cd3544be83d799f6226a02f3678c9bb914"", 1]]",True,
mixed-R1,b1d0245bb7c71b42f08a4cdbec612a56715295223472ac5a45af31811ada2f3b,"Under the Operating Law 2018, can the Registrar be held liable for acts or omissions in performing their functions if the act or omission is shown to have been in bad faith, according to Article 7(8)?",boolean,true,true,1.0,0.16666666666666666,1.0,"[[""72ea171147bf30326fe6fd2e6798f607c7cef4bf9d43761dbccd2f1b6a356849"", 5], [""72ea171147bf30326fe6fd2e6798f607c7cef4bf9d43761dbccd2f1b6a356849"", 7], [""72ea171147bf30326fe6fd2e6798f607c7cef4bf9d43761dbccd2f1b6a356849"", 19], [""72ea171147bf30326fe6fd2e6798f607c7cef4bf9d43761dbccd2f1b6a356849"", 20], [""72ea171147bf30326fe6fd2e6798f607c7cef4bf9d43761dbccd2f1b6a356849"", 24], [""72ea171147bf30326fe6fd2e6798f607c7cef4bf9d43761dbccd2f1b6a356849"", 33]]","[[""72ea171147bf30326fe6fd2e6798f607c7cef4bf9d43761dbccd2f1b6a356849"", 7]]",False,
mixed-R1,ad7357a7eb955085f6438dfcaf44324de7fcf88da86c846242e173eacdeebfda,What was the result of the application heard in case SCT 169/2025?,free_text,"""The application was unsuccessful: the Applicant may not request that the decision be reconsidered at a hearing and must bear its own costs of the application.""","""The Permission to Appeal Application was refused, the adjournment request was refused, and there was no order as to costs.""",0.8,0.14285714285714285,1.0,"[[""3a574fc4f0baa5ec7ff0dcc822d7c55e4f9c493c24addc217c8df3d848c16fa5"", 2], [""3f8a5ea0e051ba3af7a02da340c911fe0970ebece6c852c3e61a10c00cac6d6e"", 4], [""3f8a5ea0e051ba3af7a02da340c911fe0970ebece6c852c3e61a10c00cac6d6e"", 5], [""58eae81bf668e7f6c58619f419a49b5e35e2e5c9c7475475ace28ec562580545"", 1], [""839de9798f377492eee68f82b202d7cd3544be83d799f6226a02f3678c9bb914"", 17], [""d32e76d495ac7d855d805fb71682b98d254520e3799aa4529ebc983212648335"", 1], [""f4c4d051d514270964adcf58e124569e396602340b7d9172671759de10a95897"", 2]]","[[""3a574fc4f0baa5ec7ff0dcc822d7c55e4f9c493c24addc217c8df3d848c16fa5"", 2]]",True,Incomplete because it omits the separate refusal of the adjournment request.
mixed-R1,0aba04f64851d1419be984476f91f278e6ada2d6c536fd119d7ab37a8ed06593,Do cases CFI 067/2025 and SCT 514/2025 involve any of the same legal entities or individuals as main parties?,boolean,null,false,0.0,0.14285714285714285,0.5,"[[""1a255edc261961ec64870466a27ac4e25b5ebc2abe298e1b69f8dd2fc27288f6"", 7], [""1a255edc261961ec64870466a27ac4e25b5ebc2abe298e1b69f8dd2fc27288f6"", 75], [""3a574fc4f0baa5ec7ff0dcc822d7c55e4f9c493c24addc217c8df3d848c16fa5"", 4], [""3f8a5ea0e051ba3af7a02da340c911fe0970ebece6c852c3e61a10c00cac6d6e"", 8], [""839de9798f377492eee68f82b202d7cd3544be83d799f6226a02f3678c9bb914"", 7], [""897ab23ed5a70034d3d708d871ad1da8bc7b6608d94b1ca46b5d578d985d3c13"", 1], [""bd2d222ee0a636a745434cfb457321cd658db5bb32b5f0a3f5643236cc1503d8"", 6]]","[[""6306079a16b1dec85690f75c715cdbd78b0685a3e19ee30250d481bc32f2e29a"", 1], [""897ab23ed5a70034d3d708d871ad1da8bc7b6608d94b1ca46b5d578d985d3c13"", 1]]",True,
mixed-R1,9596fb754439e6752034890c1272a2df7c0f9000db7d186db21aa232a253fca4,What is the effective date for due diligence requirements for Pre-existing Accounts and New Accounts under the Common Reporting Standard Law 2018?,free_text,"""The effective date for due diligence requirements is 2016-12-31 for Pre-existing Accounts and 2017-01-01 for New Accounts.""","""Pre-existing Accounts: 31 December 2016; New Accounts: 1 January 2017.""",1.0,0.14285714285714285,1.0,"[[""fbdd7f9dd299d83b1f398778da2e6765dfaaed62005667264734a1f76ec09071"", 1], [""fbdd7f9dd299d83b1f398778da2e6765dfaaed62005667264734a1f76ec09071"", 2], [""fbdd7f9dd299d83b1f398778da2e6765dfaaed62005667264734a1f76ec09071"", 3], [""fbdd7f9dd299d83b1f398778da2e6765dfaaed62005667264734a1f76ec09071"", 7], [""fbdd7f9dd299d83b1f398778da2e6765dfaaed62005667264734a1f76ec09071"", 15], [""fbdd7f9dd299d83b1f398778da2e6765dfaaed62005667264734a1f76ec09071"", 16], [""fbdd7f9dd299d83b1f398778da2e6765dfaaed62005667264734a1f76ec09071"", 17]]","[[""fbdd7f9dd299d83b1f398778da2e6765dfaaed62005667264734a1f76ec09071"", 3]]",False,The answer matches the reference: Pre-existing Accounts effective date is 31 December 2016 and New Accounts effective date is 1 January 2017. It is directly supported by the provided evidence and is clear and concise.
mixed-R1,9f48d8eca6d10cf26f60226078f0d9cb32d3aa2fd25c90c312549cb6265ebd84,"According to Article 2 of the DIFC Personal Property Law 2005, who made this Law?",free_text,"""The Law was made by the Ruler of Dubai.""","""It was made by the Ruler of Dubai.""",1.0,0.14285714285714285,1.0,"[[""302a0bd8d67775e8dc5960ecec7879be566300d8b32c4b0153ba15ebdb279425"", 1], [""536bbce854b9406cc22697e04fcdabd645e030c0e55b918252643b00e0b2b25f"", 1], [""536bbce854b9406cc22697e04fcdabd645e030c0e55b918252643b00e0b2b25f"", 3], [""536bbce854b9406cc22697e04fcdabd645e030c0e55b918252643b00e0b2b25f"", 18], [""b82ac8228e051d96bf8d706d3251893ebff1c9457b066fce3b7cb99af956f2a7"", 1], [""ff746f7b583490a80ba104361c0a82a1ebbf7ed9097cd03dc49d744cb5057761"", 3], [""ff746f7b583490a80ba104361c0a82a1ebbf7ed9097cd03dc49d744cb5057761"", 7]]","[[""536bbce854b9406cc22697e04fcdabd645e030c0e55b918252643b00e0b2b25f"", 3]]",True,"All criteria are satisfied. The answer matches the reference, is directly supported by Article 2 in the evidence, and is clear and relevant."
mixed-R1,802d12a65530cd728da4c2f4430275488285ced247123431a905f8d525e80ede,"Based on the second page of the document, was the Claimant's application for continuation of the ASI Order granted by the court in case ARB 034/2025?",boolean,false,false,1.0,0.14285714285714285,1.0,"[[""22442c5ee999e2519c68de908be511875a84f2b810ed540c2dcfcbcc65031434"", 45], [""58eae81bf668e7f6c58619f419a49b5e35e2e5c9c7475475ace28ec562580545"", 1], [""58eae81bf668e7f6c58619f419a49b5e35e2e5c9c7475475ace28ec562580545"", 2], [""58eae81bf668e7f6c58619f419a49b5e35e2e5c9c7475475ace28ec562580545"", 3], [""58eae81bf668e7f6c58619f419a49b5e35e2e5c9c7475475ace28ec562580545"", 4], [""5d3df6d69fac3ef91e13ac835b43a35e9e434fbc7e72ea5c01e288d69b66e6a2"", 1], [""c98c1475692bc22f4abab6a7a7d7969467c94e46a7e68919aaf127179ebf3f54"", 1]]","[[""58eae81bf668e7f6c58619f419a49b5e35e2e5c9c7475475ace28ec562580545"", 2]]",True,
mixed-R1,84ef7f354a41168e99812515cd775297b36c35a541c5b8eb1978be771554b546,"According to Article 14(2)(l) of the Employment Law 2019, what is the maximum probation period in months for an Employee, except in specific fixed-term contract circumstances?",number,6,6,1.0,0.16666666666666666,1.0,"[[""09660f78c26cd56c08c7253ed21ba01fb246092f482ccd8acd8e6f9b6fd2d917"", 4], [""33bc02044716acdfedb164b065bdaec098aaadcae863c591f9931c88e7307d16"", 5], [""33bc02044716acdfedb164b065bdaec098aaadcae863c591f9931c88e7307d16"", 7], [""33bc02044716acdfedb164b065bdaec098aaadcae863c591f9931c88e7307d16"", 8], [""33bc02044716acdfedb164b065bdaec098aaadcae863c591f9931c88e7307d16"", 28], [""33bc02044716acdfedb164b065bdaec098aaadcae863c591f9931c88e7307d16"", 42]]","[[""33bc02044716acdfedb164b065bdaec098aaadcae863c591f9931c88e7307d16"", 8]]",True,
mixed-R1,5046b4e3fa11a42090ae0cef08c4cd64a1c8761955eb711db396f7fb1634ea86,"According to page 2 of the judgment, from which specific claim number did the appeal in CA 009/2024 originate?",name,"""ENF-316-2023/2""","""Claim No. ENF-316-2023/2""",0.0,0.125,1.0,"[[""3a574fc4f0baa5ec7ff0dcc822d7c55e4f9c493c24addc217c8df3d848c16fa5"", 2], [""437568a801115019fe8278385c0484bdf07ab86f9a499ecaba2b7969b37c764b"", 14], [""5d3df6d69fac3ef91e13ac835b43a35e9e434fbc7e72ea5c01e288d69b66e6a2"", 5], [""6306079a16b1dec85690f75c715cdbd78b0685a3e19ee30250d481bc32f2e29a"", 1], [""bd2d222ee0a636a745434cfb457321cd658db5bb32b5f0a3f5643236cc1503d8"", 1], [""bd2d222ee0a636a745434cfb457321cd658db5bb32b5f0a3f5643236cc1503d8"", 2], [""c98c1475692bc22f4abab6a7a7d7969467c94e46a7e68919aaf127179ebf3f54"", 1], [""f4c4d051d514270964adcf58e124569e396602340b7d9172671759de10a95897"", 1]]","[[""bd2d222ee0a636a745434cfb457321cd658db5bb32b5f0a3f5643236cc1503d8"", 2]]",True,
mixed-R1,042ddf2ed161068fab8072f16e01a15e11da9d741d207bfc0185e5133a810193,Does the Law on the Application of Civil and Commercial Laws in the DIFC Law No. 3 of 2004 apply in the jurisdiction of the Dubai International Financial Centre?,boolean,true,true,1.0,0.16666666666666666,1.0,"[[""ff746f7b583490a80ba104361c0a82a1ebbf7ed9097cd03dc49d744cb5057761"", 1], [""ff746f7b583490a80ba104361c0a82a1ebbf7ed9097cd03dc49d744cb5057761"", 2], [""ff746f7b583490a80ba104361c0a82a1ebbf7ed9097cd03dc49d744cb5057761"", 3], [""ff746f7b583490a80ba104361c0a82a1ebbf7ed9097cd03dc49d744cb5057761"", 4], [""ff746f7b583490a80ba104361c0a82a1ebbf7ed9097cd03dc49d744cb5057761"", 5], [""ff746f7b583490a80ba104361c0a82a1ebbf7ed9097cd03dc49d744cb5057761"", 7]]","[[""ff746f7b583490a80ba104361c0a82a1ebbf7ed9097cd03dc49d744cb5057761"", 3]]",False,
mixed-R1,e14ad296801b3fb6855a3a9338f1e9b8e2d1bfb05c99682a3cf4f9140b49b17b,"Under Article 11(5) of the DIFC Trust Law 2018, is a term of the trust expressly declaring that the laws of the DIFC shall govern the trust valid, effective, and conclusive regardless of any other circumstance?",boolean,true,true,1.0,0.14285714285714285,1.0,"[[""4e387152960c1029b3711cacb05b287b13c977bc61f2558059a62b7b427a62eb"", 1], [""4e387152960c1029b3711cacb05b287b13c977bc61f2558059a62b7b427a62eb"", 4], [""4e387152960c1029b3711cacb05b287b13c977bc61f2558059a62b7b427a62eb"", 5], [""4e387152960c1029b3711cacb05b287b13c977bc61f2558059a62b7b427a62eb"", 6], [""4e387152960c1029b3711cacb05b287b13c977bc61f2558059a62b7b427a62eb"", 7], [""4e387152960c1029b3711cacb05b287b13c977bc61f2558059a62b7b427a62eb"", 48], [""4e387152960c1029b3711cacb05b287b13c977bc61f2558059a62b7b427a62eb"", 50]]","[[""4e387152960c1029b3711cacb05b287b13c977bc61f2558059a62b7b427a62eb"", 6]]",False,
mixed-R1,f33177fc2ed5b35033bfa1c7f9fc5d7a3776feb10b498c375cdcb40e0c53ffbf,Is there any main party that appeared in both cases CA 004/2025 and SCT 514/2025?,boolean,false,false,1.0,0.0,0.0,"[[""1a255edc261961ec64870466a27ac4e25b5ebc2abe298e1b69f8dd2fc27288f6"", 61], [""1a255edc261961ec64870466a27ac4e25b5ebc2abe298e1b69f8dd2fc27288f6"", 75], [""1a255edc261961ec64870466a27ac4e25b5ebc2abe298e1b69f8dd2fc27288f6"", 108], [""839de9798f377492eee68f82b202d7cd3544be83d799f6226a02f3678c9bb914"", 6], [""839de9798f377492eee68f82b202d7cd3544be83d799f6226a02f3678c9bb914"", 7], [""839de9798f377492eee68f82b202d7cd3544be83d799f6226a02f3678c9bb914"", 21], [""839de9798f377492eee68f82b202d7cd3544be83d799f6226a02f3678c9bb914"", 22], [""bd2d222ee0a636a745434cfb457321cd658db5bb32b5f0a3f5643236cc1503d8"", 8]]","[[""6306079a16b1dec85690f75c715cdbd78b0685a3e19ee30250d481bc32f2e29a"", 1], [""78ffe994cdc61ce6a2a6937c79fc52751bb5d2b4eaa4019f088fbccf70569c26"", 1]]",True,
mixed-R1,f29159d38bf494e330b32f03507df593d5869a129796a3b7f6efe14fd1b1a0a5,What does Article 16(1)(c) of the Employment Law 2019 require an Employer to keep records of regarding an Employee's remuneration?,free_text,"""Article 16(1)(c) requires an Employer to keep records of the Employee’s remuneration, including gross and net remuneration where applicable, and the applicable Pay Period.""","""The employee's remuneration, gross and net where applicable, and the applicable pay period.""",1.0,0.14285714285714285,1.0,"[[""33bc02044716acdfedb164b065bdaec098aaadcae863c591f9931c88e7307d16"", 2], [""33bc02044716acdfedb164b065bdaec098aaadcae863c591f9931c88e7307d16"", 4], [""33bc02044716acdfedb164b065bdaec098aaadcae863c591f9931c88e7307d16"", 8], [""33bc02044716acdfedb164b065bdaec098aaadcae863c591f9931c88e7307d16"", 9], [""33bc02044716acdfedb164b065bdaec098aaadcae863c591f9931c88e7307d16"", 11], [""33bc02044716acdfedb164b065bdaec098aaadcae863c591f9931c88e7307d16"", 12], [""33bc02044716acdfedb164b065bdaec098aaadcae863c591f9931c88e7307d16"", 19]]","[[""33bc02044716acdfedb164b065bdaec098aaadcae863c591f9931c88e7307d16"", 8]]",True,The answer matches the cited Article 16(1)(c) language and is directly supported by the evidence.
mixed-R1,2e8b251fd560f4446bfc9c5fa4b83ecbce69d650a8fd00fc9815c1fb34a764ad,"Looking at the title/cover page of every document across both case TCD 001/2024 and case CFI 016/2025, is there any party (claimant or defendant) common to both cases?",boolean,null,false,0.0,0.0,0.0,"[[""1a255edc261961ec64870466a27ac4e25b5ebc2abe298e1b69f8dd2fc27288f6"", 29], [""1a255edc261961ec64870466a27ac4e25b5ebc2abe298e1b69f8dd2fc27288f6"", 75], [""3f8a5ea0e051ba3af7a02da340c911fe0970ebece6c852c3e61a10c00cac6d6e"", 2], [""3f8a5ea0e051ba3af7a02da340c911fe0970ebece6c852c3e61a10c00cac6d6e"", 4], [""bd2d222ee0a636a745434cfb457321cd658db5bb32b5f0a3f5643236cc1503d8"", 1], [""d32e76d495ac7d855d805fb71682b98d254520e3799aa4529ebc983212648335"", 9], [""d32e76d495ac7d855d805fb71682b98d254520e3799aa4529ebc983212648335"", 11]]","[[""0471e83c1ea18086cfb6b3ff51da6f22b0efee337f10315b2593f782297ccb84"", 1], [""6248961b681ea0deb189f354be0c8286f35974dcdb211c13c921c3dd0e566a6e"", 1], [""62930da32fa3172edf2f2bbf3da268455bd99a7b5fab34d72358730d8cd5da30"", 1], [""c98c1475692bc22f4abab6a7a7d7969467c94e46a7e68919aaf127179ebf3f54"", 1]]",False,
mixed-R1,fa672c84261a575ba49aba560b6a00c5d944ab9373b764c743d79821658e0052,"What was the outcome of the specific order or application described in case CFI 016/2025, based on the last page of the document?",free_text,"""The application was dismissed, and the applicant was ordered to pay the respondent’s costs on the standard basis.""","""The No Costs Application was rejected, no costs were ordered on that application, and the Defendant was awarded AED 70,000 in costs for the claim.""",0.4,0.0,0.0,"[[""1a255edc261961ec64870466a27ac4e25b5ebc2abe298e1b69f8dd2fc27288f6"", 7], [""3f8a5ea0e051ba3af7a02da340c911fe0970ebece6c852c3e61a10c00cac6d6e"", 2], [""5d3df6d69fac3ef91e13ac835b43a35e9e434fbc7e72ea5c01e288d69b66e6a2"", 4], [""839de9798f377492eee68f82b202d7cd3544be83d799f6226a02f3678c9bb914"", 5], [""839de9798f377492eee68f82b202d7cd3544be83d799f6226a02f3678c9bb914"", 7], [""839de9798f377492eee68f82b202d7cd3544be83d799f6226a02f3678c9bb914"", 38], [""897ab23ed5a70034d3d708d871ad1da8bc7b6608d94b1ca46b5d578d985d3c13"", 1]]","[[""6248961b681ea0deb189f354be0c8286f35974dcdb211c13c921c3dd0e566a6e"", 7]]",False,"Incorrect relative to the reference: the reference says the No Costs Application was rejected, no costs were ordered on that application, and the Defendant was awarded AED 70,000 in costs for the claim. The submission instead says the application was dismissed and costs were awarded on the standard basis. It is also incomplete because it omits the no-costs result and the AED 70,000 costs award."
mixed-R1,7aae865f328e2012c31b41b6e2cccac715c14df5b56ec548d3fa9cb6bc46dcd1,"Under Article 11 of the General Partnership Law 2004, is an unincorporated body of persons carrying on business for profit automatically deemed a partnership if there is an agreement specifying it as a body corporate?",boolean,false,false,1.0,0.125,1.0,"[[""302a0bd8d67775e8dc5960ecec7879be566300d8b32c4b0153ba15ebdb279425"", 1], [""302a0bd8d67775e8dc5960ecec7879be566300d8b32c4b0153ba15ebdb279425"", 2], [""302a0bd8d67775e8dc5960ecec7879be566300d8b32c4b0153ba15ebdb279425"", 4], [""302a0bd8d67775e8dc5960ecec7879be566300d8b32c4b0153ba15ebdb279425"", 5], [""302a0bd8d67775e8dc5960ecec7879be566300d8b32c4b0153ba15ebdb279425"", 10], [""302a0bd8d67775e8dc5960ecec7879be566300d8b32c4b0153ba15ebdb279425"", 12], [""302a0bd8d67775e8dc5960ecec7879be566300d8b32c4b0153ba15ebdb279425"", 13], [""302a0bd8d67775e8dc5960ecec7879be566300d8b32c4b0153ba15ebdb279425"", 22]]","[[""302a0bd8d67775e8dc5960ecec7879be566300d8b32c4b0153ba15ebdb279425"", 5]]",False,
mixed-R1,e0798bd394af022603f1ed7a09641de2bb414bd14a9d6a2c494980c86095ccff,"If the Relevant Authority confirms a fine or action after an appeal under Article 21(5) of the Common Reporting Standard Law 2018, how many business days does the Reporting Financial Institution have to pay the fine or perform the action?",number,15,15,1.0,0.25,1.0,"[[""fbdd7f9dd299d83b1f398778da2e6765dfaaed62005667264734a1f76ec09071"", 3], [""fbdd7f9dd299d83b1f398778da2e6765dfaaed62005667264734a1f76ec09071"", 11], [""fbdd7f9dd299d83b1f398778da2e6765dfaaed62005667264734a1f76ec09071"", 12], [""fbdd7f9dd299d83b1f398778da2e6765dfaaed62005667264734a1f76ec09071"", 13]]","[[""fbdd7f9dd299d83b1f398778da2e6765dfaaed62005667264734a1f76ec09071"", 13]]",False,
mixed-R1,32bb32856c65215eddb17d2b5b938f58b4bec525af96f8637686e33b0d696e89,"According to Article 28(4) of the DIFC Trust Law 2018, can an order made consequential to a declaration under Articles 24 to 27 prejudice a purchaser in good faith for value of trust property without notice of the voidable matters?",boolean,false,false,1.0,0.14285714285714285,1.0,"[[""4e387152960c1029b3711cacb05b287b13c977bc61f2558059a62b7b427a62eb"", 4], [""4e387152960c1029b3711cacb05b287b13c977bc61f2558059a62b7b427a62eb"", 5], [""4e387152960c1029b3711cacb05b287b13c977bc61f2558059a62b7b427a62eb"", 6], [""4e387152960c1029b3711cacb05b287b13c977bc61f2558059a62b7b427a62eb"", 7], [""4e387152960c1029b3711cacb05b287b13c977bc61f2558059a62b7b427a62eb"", 9], [""4e387152960c1029b3711cacb05b287b13c977bc61f2558059a62b7b427a62eb"", 15], [""4e387152960c1029b3711cacb05b287b13c977bc61f2558059a62b7b427a62eb"", 24]]","[[""4e387152960c1029b3711cacb05b287b13c977bc61f2558059a62b7b427a62eb"", 15]]",False,
mixed-R1,698e30385362eebe29a7fd618bb6d5fc2d213fca30eb008f0496d3887d6b4677,Is there any main party that appeared in both cases ARB 034/2025 and SCT 514/2025?,boolean,null,false,0.0,0.125,0.5,"[[""1a255edc261961ec64870466a27ac4e25b5ebc2abe298e1b69f8dd2fc27288f6"", 1], [""1a255edc261961ec64870466a27ac4e25b5ebc2abe298e1b69f8dd2fc27288f6"", 60], [""1a255edc261961ec64870466a27ac4e25b5ebc2abe298e1b69f8dd2fc27288f6"", 61], [""1a255edc261961ec64870466a27ac4e25b5ebc2abe298e1b69f8dd2fc27288f6"", 62], [""3f8a5ea0e051ba3af7a02da340c911fe0970ebece6c852c3e61a10c00cac6d6e"", 16], [""58eae81bf668e7f6c58619f419a49b5e35e2e5c9c7475475ace28ec562580545"", 1], [""839de9798f377492eee68f82b202d7cd3544be83d799f6226a02f3678c9bb914"", 6], [""839de9798f377492eee68f82b202d7cd3544be83d799f6226a02f3678c9bb914"", 21]]","[[""58eae81bf668e7f6c58619f419a49b5e35e2e5c9c7475475ace28ec562580545"", 1], [""6306079a16b1dec85690f75c715cdbd78b0685a3e19ee30250d481bc32f2e29a"", 1]]",True,
mixed-R1,52a35cfabe76f2c538c6f72a841a08e0cc85bbe8f732874a4d2827383794c213,Did cases CA 004/2025 and ARB 034/2025 have any judges in common?,boolean,false,false,1.0,0.2857142857142857,1.0,"[[""03b621728fe29eb6113fcdb57f6458d793fd2d5c5b833ae26d40f04a29c85359"", 1], [""1a255edc261961ec64870466a27ac4e25b5ebc2abe298e1b69f8dd2fc27288f6"", 1], [""1a255edc261961ec64870466a27ac4e25b5ebc2abe298e1b69f8dd2fc27288f6"", 5], [""3f8a5ea0e051ba3af7a02da340c911fe0970ebece6c852c3e61a10c00cac6d6e"", 18], [""58eae81bf668e7f6c58619f419a49b5e35e2e5c9c7475475ace28ec562580545"", 1], [""78ffe994cdc61ce6a2a6937c79fc52751bb5d2b4eaa4019f088fbccf70569c26"", 1], [""bd2d222ee0a636a745434cfb457321cd658db5bb32b5f0a3f5643236cc1503d8"", 1]]","[[""58eae81bf668e7f6c58619f419a49b5e35e2e5c9c7475475ace28ec562580545"", 1], [""78ffe994cdc61ce6a2a6937c79fc52751bb5d2b4eaa4019f088fbccf70569c26"", 1]]",True,
mixed-R1,a341025df493b0e6a962fa637e3df6fe053c3de28cb2f5c8eb0814067af32b95,"According to Article 12(4) of the Common Reporting Standard Law and Article 18(2)(b) of the General Partnership Law, what are the retention periods for records?",free_text,"""Under Article 12(4) of the Common Reporting Standard Law, records must be retained for six (6) years after the date of reporting the information. Under Article 18(2)(b) of the General Partnership Law, records must be preserved for at least six (6) years from the date they were,be""","""Under the CRS Law, records must be retained for 6 years after reporting. Under the General Partnership Law, accounting records must be preserved for at least 6 years from creation, or longer if prescribed by Regulations.""",0.6,0.2857142857142857,1.0,"[[""302a0bd8d67775e8dc5960ecec7879be566300d8b32c4b0153ba15ebdb279425"", 6], [""302a0bd8d67775e8dc5960ecec7879be566300d8b32c4b0153ba15ebdb279425"", 7], [""302a0bd8d67775e8dc5960ecec7879be566300d8b32c4b0153ba15ebdb279425"", 8], [""302a0bd8d67775e8dc5960ecec7879be566300d8b32c4b0153ba15ebdb279425"", 23], [""b82ac8228e051d96bf8d706d3251893ebff1c9457b066fce3b7cb99af956f2a7"", 13], [""b82ac8228e051d96bf8d706d3251893ebff1c9457b066fce3b7cb99af956f2a7"", 18], [""fbdd7f9dd299d83b1f398778da2e6765dfaaed62005667264734a1f76ec09071"", 7]]","[[""302a0bd8d67775e8dc5960ecec7879be566300d8b32c4b0153ba15ebdb279425"", 7], [""fbdd7f9dd299d83b1f398778da2e6765dfaaed62005667264734a1f76ec09071"", 7]]",False,"The main retention periods are correct, but the answer omits the General Partnership Law qualifier that records may need to be kept longer if prescribed by Regulations. The stated confidence is too high given the truncated/incomplete ending."
mixed-R1,acd7d2aea67ff920768aae75300837412f603e0e29f048ea33171ba52c1c0cd8,Which case has an earlier Date of Issue: ENF 269/2023 or SCT 514/2025?,name,"""ENF 269/2023""","""ENF 269/2023""",1.0,0.0,0.0,"[[""1a255edc261961ec64870466a27ac4e25b5ebc2abe298e1b69f8dd2fc27288f6"", 5], [""1a255edc261961ec64870466a27ac4e25b5ebc2abe298e1b69f8dd2fc27288f6"", 8], [""839de9798f377492eee68f82b202d7cd3544be83d799f6226a02f3678c9bb914"", 17], [""839de9798f377492eee68f82b202d7cd3544be83d799f6226a02f3678c9bb914"", 22], [""c98c1475692bc22f4abab6a7a7d7969467c94e46a7e68919aaf127179ebf3f54"", 6], [""c98c1475692bc22f4abab6a7a7d7969467c94e46a7e68919aaf127179ebf3f54"", 8], [""c98c1475692bc22f4abab6a7a7d7969467c94e46a7e68919aaf127179ebf3f54"", 9]]","[[""5d3df6d69fac3ef91e13ac835b43a35e9e434fbc7e72ea5c01e288d69b66e6a2"", 3], [""6306079a16b1dec85690f75c715cdbd78b0685a3e19ee30250d481bc32f2e29a"", 2]]",True,
mixed-R1,f2a28b01dbdda99ec2b09a7001ea72e35b94a42c14c4bc5e5206c59857770306,Is there a judge who presided over both case CFI 057/2025 and case ENF 269/2023?,boolean,null,false,0.0,0.14285714285714285,0.5,"[[""3f8a5ea0e051ba3af7a02da340c911fe0970ebece6c852c3e61a10c00cac6d6e"", 18], [""58eae81bf668e7f6c58619f419a49b5e35e2e5c9c7475475ace28ec562580545"", 1], [""5d3df6d69fac3ef91e13ac835b43a35e9e434fbc7e72ea5c01e288d69b66e6a2"", 1], [""5d3df6d69fac3ef91e13ac835b43a35e9e434fbc7e72ea5c01e288d69b66e6a2"", 15], [""897ab23ed5a70034d3d708d871ad1da8bc7b6608d94b1ca46b5d578d985d3c13"", 1], [""bd2d222ee0a636a745434cfb457321cd658db5bb32b5f0a3f5643236cc1503d8"", 1], [""bd2d222ee0a636a745434cfb457321cd658db5bb32b5f0a3f5643236cc1503d8"", 2]]","[[""1b446e196b4d1752241c8ff689a31ea705e98ad0c16b9d343c303664f72b64a1"", 1], [""5d3df6d69fac3ef91e13ac835b43a35e9e434fbc7e72ea5c01e288d69b66e6a2"", 1]]",True,
mixed-R1,3c33f9a4de9bac177c65e3c3bd986ef05e527095e4c96aabbbed76599b727eb0,Who are listed as the claimants in the case documents for SCT 295/2025?,names,"[""OLEXA""]","[""Olexa""]",1.0,0.14285714285714285,1.0,"[[""09660f78c26cd56c08c7253ed21ba01fb246092f482ccd8acd8e6f9b6fd2d917"", 1], [""3a574fc4f0baa5ec7ff0dcc822d7c55e4f9c493c24addc217c8df3d848c16fa5"", 2], [""3a574fc4f0baa5ec7ff0dcc822d7c55e4f9c493c24addc217c8df3d848c16fa5"", 4], [""58eae81bf668e7f6c58619f419a49b5e35e2e5c9c7475475ace28ec562580545"", 1], [""839de9798f377492eee68f82b202d7cd3544be83d799f6226a02f3678c9bb914"", 7], [""bd2d222ee0a636a745434cfb457321cd658db5bb32b5f0a3f5643236cc1503d8"", 1], [""d32e76d495ac7d855d805fb71682b98d254520e3799aa4529ebc983212648335"", 1]]","[[""09660f78c26cd56c08c7253ed21ba01fb246092f482ccd8acd8e6f9b6fd2d917"", 1]]",False,
mixed-R1,b982f3b308042c0eb23dfe264a56ab53866fbea5d3981c4bfcf3ffb6de22054e,What was the result of the application heard in case CFI 067/2025?,free_text,"""The application was dismissed, and the applicant was ordered to pay the respondent’s costs of the application on the standard basis.""","""The Defendant's application for immediate judgment and/or strike out was dismissed, and the Applicant was ordered to pay 80% of the Respondent's costs, assessed at USD 155,879.50.""",0.6,0.125,1.0,"[[""3f8a5ea0e051ba3af7a02da340c911fe0970ebece6c852c3e61a10c00cac6d6e"", 2], [""3f8a5ea0e051ba3af7a02da340c911fe0970ebece6c852c3e61a10c00cac6d6e"", 4], [""3f8a5ea0e051ba3af7a02da340c911fe0970ebece6c852c3e61a10c00cac6d6e"", 18], [""437568a801115019fe8278385c0484bdf07ab86f9a499ecaba2b7969b37c764b"", 1], [""58eae81bf668e7f6c58619f419a49b5e35e2e5c9c7475475ace28ec562580545"", 1], [""839de9798f377492eee68f82b202d7cd3544be83d799f6226a02f3678c9bb914"", 17], [""897ab23ed5a70034d3d708d871ad1da8bc7b6608d94b1ca46b5d578d985d3c13"", 1], [""d32e76d495ac7d855d805fb71682b98d254520e3799aa4529ebc983212648335"", 1]]","[[""897ab23ed5a70034d3d708d871ad1da8bc7b6608d94b1ca46b5d578d985d3c13"", 1]]",True,"The answer is factually consistent with the reference on the core outcome (dismissed; costs awarded against the applicant), but it omits material details: the 80% costs order and the assessed amount of USD 155,879.50. The confidence score is too high for this partially incomplete answer."
mixed-R1,cdddeb6a063f29cbea5f10b3dccbd83aa16849e1f3124e223d141d1578efeb0a,Who were the claimants in case CFI 010/2024?,names,"[""Fursa Consulting""]","[""Fursa Consulting""]",1.0,0.125,1.0,"[[""3f8a5ea0e051ba3af7a02da340c911fe0970ebece6c852c3e61a10c00cac6d6e"", 8], [""443e04bc1a78940b3fcd5438d24b6c5f182a276d354a3108e738b193675de032"", 1], [""58eae81bf668e7f6c58619f419a49b5e35e2e5c9c7475475ace28ec562580545"", 1], [""6306079a16b1dec85690f75c715cdbd78b0685a3e19ee30250d481bc32f2e29a"", 1], [""897ab23ed5a70034d3d708d871ad1da8bc7b6608d94b1ca46b5d578d985d3c13"", 1], [""bd2d222ee0a636a745434cfb457321cd658db5bb32b5f0a3f5643236cc1503d8"", 1], [""d32e76d495ac7d855d805fb71682b98d254520e3799aa4529ebc983212648335"", 1], [""f4c4d051d514270964adcf58e124569e396602340b7d9172671759de10a95897"", 1]]","[[""443e04bc1a78940b3fcd5438d24b6c5f182a276d354a3108e738b193675de032"", 1]]",True,
mixed-R1,f5c27c961e218728abde9ff9031d1701cb36db4a2e590d2dbd8914dd28a27b20,"According to Article 19(2)(c) of the Common Reporting Standard Law 2018, how many days does a Reporting Financial Institution have to pay a fine for opening a New Account without a valid self-certification after receiving notification?",number,30,30,1.0,0.2,1.0,"[[""fbdd7f9dd299d83b1f398778da2e6765dfaaed62005667264734a1f76ec09071"", 3], [""fbdd7f9dd299d83b1f398778da2e6765dfaaed62005667264734a1f76ec09071"", 11], [""fbdd7f9dd299d83b1f398778da2e6765dfaaed62005667264734a1f76ec09071"", 12], [""fbdd7f9dd299d83b1f398778da2e6765dfaaed62005667264734a1f76ec09071"", 13], [""fbdd7f9dd299d83b1f398778da2e6765dfaaed62005667264734a1f76ec09071"", 17]]","[[""fbdd7f9dd299d83b1f398778da2e6765dfaaed62005667264734a1f76ec09071"", 11]]",False,
mixed-R1,7b31467fd9f391a836ecd316b258a6d5e849cb62a9a0c95573b084c1d1338ba0,"According to Article 9(9)(a) of the Operating Law 2018, how many months does a Licence typically have effect from its issue date by the Registrar?",number,12,12,1.0,0.14285714285714285,1.0,"[[""302a0bd8d67775e8dc5960ecec7879be566300d8b32c4b0153ba15ebdb279425"", 18], [""72ea171147bf30326fe6fd2e6798f607c7cef4bf9d43761dbccd2f1b6a356849"", 4], [""72ea171147bf30326fe6fd2e6798f607c7cef4bf9d43761dbccd2f1b6a356849"", 8], [""72ea171147bf30326fe6fd2e6798f607c7cef4bf9d43761dbccd2f1b6a356849"", 9], [""72ea171147bf30326fe6fd2e6798f607c7cef4bf9d43761dbccd2f1b6a356849"", 19], [""72ea171147bf30326fe6fd2e6798f607c7cef4bf9d43761dbccd2f1b6a356849"", 41], [""d32e76d495ac7d855d805fb71682b98d254520e3799aa4529ebc983212648335"", 8]]","[[""72ea171147bf30326fe6fd2e6798f607c7cef4bf9d43761dbccd2f1b6a356849"", 9]]",False,
mixed-R1,6b20dd63f6b2072c51f7063e32f5accf7218fd36fdfcc3fb627867139b41359e,Which case has an earlier Date of Issue: SCT 169/2025 or SCT 295/2025?,name,"""SCT 295/2025""","""SCT 295/2025""",1.0,0.125,0.5,"[[""09660f78c26cd56c08c7253ed21ba01fb246092f482ccd8acd8e6f9b6fd2d917"", 1], [""1a255edc261961ec64870466a27ac4e25b5ebc2abe298e1b69f8dd2fc27288f6"", 61], [""3a574fc4f0baa5ec7ff0dcc822d7c55e4f9c493c24addc217c8df3d848c16fa5"", 1], [""3a574fc4f0baa5ec7ff0dcc822d7c55e4f9c493c24addc217c8df3d848c16fa5"", 2], [""3a574fc4f0baa5ec7ff0dcc822d7c55e4f9c493c24addc217c8df3d848c16fa5"", 3], [""6306079a16b1dec85690f75c715cdbd78b0685a3e19ee30250d481bc32f2e29a"", 1], [""839de9798f377492eee68f82b202d7cd3544be83d799f6226a02f3678c9bb914"", 17], [""d32e76d495ac7d855d805fb71682b98d254520e3799aa4529ebc983212648335"", 9]]","[[""09660f78c26cd56c08c7253ed21ba01fb246092f482ccd8acd8e6f9b6fd2d917"", 2], [""3a574fc4f0baa5ec7ff0dcc822d7c55e4f9c493c24addc217c8df3d848c16fa5"", 2]]",True,
mixed-R1,a499c8553e73100d9ecc8ccd1164beea4b82fa6b32c519de1a37c861925076a1,"If a Reporting Financial Institution fails to provide specified information during an investigation, does this constitute obstruction of Inspectors under Article 17(b) of the Common Reporting Standard Law 2018?",boolean,true,true,1.0,0.16666666666666666,1.0,"[[""72ea171147bf30326fe6fd2e6798f607c7cef4bf9d43761dbccd2f1b6a356849"", 18], [""fbdd7f9dd299d83b1f398778da2e6765dfaaed62005667264734a1f76ec09071"", 2], [""fbdd7f9dd299d83b1f398778da2e6765dfaaed62005667264734a1f76ec09071"", 3], [""fbdd7f9dd299d83b1f398778da2e6765dfaaed62005667264734a1f76ec09071"", 8], [""fbdd7f9dd299d83b1f398778da2e6765dfaaed62005667264734a1f76ec09071"", 9], [""fbdd7f9dd299d83b1f398778da2e6765dfaaed62005667264734a1f76ec09071"", 10]]","[[""fbdd7f9dd299d83b1f398778da2e6765dfaaed62005667264734a1f76ec09071"", 10]]",False,
mixed-R1,de67a8574c9e4352ba32d662761e8b2e59ce1d2ae36c33cf5c563dfc5d879920,"Considering all documents across case CA 005/2025 and case TCD 001/2024, was there any judge who participated in both cases?",boolean,null,true,0.0,0.0,0.0,"[[""09660f78c26cd56c08c7253ed21ba01fb246092f482ccd8acd8e6f9b6fd2d917"", 1], [""1a255edc261961ec64870466a27ac4e25b5ebc2abe298e1b69f8dd2fc27288f6"", 75], [""58eae81bf668e7f6c58619f419a49b5e35e2e5c9c7475475ace28ec562580545"", 1], [""5d3df6d69fac3ef91e13ac835b43a35e9e434fbc7e72ea5c01e288d69b66e6a2"", 15], [""78ffe994cdc61ce6a2a6937c79fc52751bb5d2b4eaa4019f088fbccf70569c26"", 1], [""bd2d222ee0a636a745434cfb457321cd658db5bb32b5f0a3f5643236cc1503d8"", 1], [""c98c1475692bc22f4abab6a7a7d7969467c94e46a7e68919aaf127179ebf3f54"", 1], [""d32e76d495ac7d855d805fb71682b98d254520e3799aa4529ebc983212648335"", 1]]","[[""0471e83c1ea18086cfb6b3ff51da6f22b0efee337f10315b2593f782297ccb84"", 1], [""437568a801115019fe8278385c0484bdf07ab86f9a499ecaba2b7969b37c764b"", 1]]",False,
mixed-R1,e153746c20cc385a520728ac381151f424c9eee10e4c582904fee70afe9af243,"According to Article 10 of the Employment Law 2019, how many months after the Termination Date must a claim under this Law be presented to the Court, unless otherwise specified?",number,6,6,1.0,0.0,0.0,"[[""09660f78c26cd56c08c7253ed21ba01fb246092f482ccd8acd8e6f9b6fd2d917"", 2], [""09660f78c26cd56c08c7253ed21ba01fb246092f482ccd8acd8e6f9b6fd2d917"", 4], [""09660f78c26cd56c08c7253ed21ba01fb246092f482ccd8acd8e6f9b6fd2d917"", 7], [""33bc02044716acdfedb164b065bdaec098aaadcae863c591f9931c88e7307d16"", 4], [""33bc02044716acdfedb164b065bdaec098aaadcae863c591f9931c88e7307d16"", 12], [""33bc02044716acdfedb164b065bdaec098aaadcae863c591f9931c88e7307d16"", 28]]","[[""33bc02044716acdfedb164b065bdaec098aaadcae863c591f9931c88e7307d16"", 6]]",True,
mixed-R1,922dcd5ae0d2420ec5577ed8094f593124f7b69f7e61b12c24ad46410114e8ae,What official law number is stated on the cover page of the DIFC Trust Law?,number,4,4,1.0,0.125,1.0,"[[""22442c5ee999e2519c68de908be511875a84f2b810ed540c2dcfcbcc65031434"", 1], [""22442c5ee999e2519c68de908be511875a84f2b810ed540c2dcfcbcc65031434"", 41], [""4e387152960c1029b3711cacb05b287b13c977bc61f2558059a62b7b427a62eb"", 1], [""4e387152960c1029b3711cacb05b287b13c977bc61f2558059a62b7b427a62eb"", 4], [""4e387152960c1029b3711cacb05b287b13c977bc61f2558059a62b7b427a62eb"", 50], [""536bbce854b9406cc22697e04fcdabd645e030c0e55b918252643b00e0b2b25f"", 1], [""72ea171147bf30326fe6fd2e6798f607c7cef4bf9d43761dbccd2f1b6a356849"", 1], [""ff746f7b583490a80ba104361c0a82a1ebbf7ed9097cd03dc49d744cb5057761"", 7]]","[[""4e387152960c1029b3711cacb05b287b13c977bc61f2558059a62b7b427a62eb"", 1]]",False,
mixed-R1,f950917f9b85f687161b1022a11c3ce31e4f6ab459af69dfea311c20893fc8a7,Who are listed as the claimants in the case documents for CFI 067/2025?,names,"[""Coinmena B.S.C. (C)""]","[""COINMENA B.S.C. (C)""]",1.0,0.125,1.0,"[[""1b446e196b4d1752241c8ff689a31ea705e98ad0c16b9d343c303664f72b64a1"", 1], [""3f8a5ea0e051ba3af7a02da340c911fe0970ebece6c852c3e61a10c00cac6d6e"", 8], [""58eae81bf668e7f6c58619f419a49b5e35e2e5c9c7475475ace28ec562580545"", 1], [""5d3df6d69fac3ef91e13ac835b43a35e9e434fbc7e72ea5c01e288d69b66e6a2"", 1], [""839de9798f377492eee68f82b202d7cd3544be83d799f6226a02f3678c9bb914"", 7], [""897ab23ed5a70034d3d708d871ad1da8bc7b6608d94b1ca46b5d578d985d3c13"", 1], [""bd2d222ee0a636a745434cfb457321cd658db5bb32b5f0a3f5643236cc1503d8"", 1], [""d32e76d495ac7d855d805fb71682b98d254520e3799aa4529ebc983212648335"", 1]]","[[""897ab23ed5a70034d3d708d871ad1da8bc7b6608d94b1ca46b5d578d985d3c13"", 1]]",True,
mixed-R1,254c8499b22ba05b0b1536c111b23e8afb031d0ed14af5970f665d6b1e821e65,"Under Article 26(2) of the Employment Law 2019, for how many months after the actual date of childbirth is a female Employee returning from Maternity Leave entitled to nursing breaks if her working time exceeds six hours?",number,6,6,1.0,0.16666666666666666,1.0,"[[""33bc02044716acdfedb164b065bdaec098aaadcae863c591f9931c88e7307d16"", 2], [""33bc02044716acdfedb164b065bdaec098aaadcae863c591f9931c88e7307d16"", 9], [""33bc02044716acdfedb164b065bdaec098aaadcae863c591f9931c88e7307d16"", 14], [""33bc02044716acdfedb164b065bdaec098aaadcae863c591f9931c88e7307d16"", 17], [""33bc02044716acdfedb164b065bdaec098aaadcae863c591f9931c88e7307d16"", 18], [""33bc02044716acdfedb164b065bdaec098aaadcae863c591f9931c88e7307d16"", 19]]","[[""33bc02044716acdfedb164b065bdaec098aaadcae863c591f9931c88e7307d16"", 14]]",True,
mixed-R1,322674cd65809bde505d9f50edb1bf7e1674f7e118a8179617732a3942b52d74,"According to Article 19(4) of the General Partnership Law 2004, how many months after the end of the financial year must the accounts for that year be prepared and approved by the Partners?",number,6,6,1.0,0.16666666666666666,1.0,"[[""302a0bd8d67775e8dc5960ecec7879be566300d8b32c4b0153ba15ebdb279425"", 6], [""302a0bd8d67775e8dc5960ecec7879be566300d8b32c4b0153ba15ebdb279425"", 7], [""302a0bd8d67775e8dc5960ecec7879be566300d8b32c4b0153ba15ebdb279425"", 8], [""b82ac8228e051d96bf8d706d3251893ebff1c9457b066fce3b7cb99af956f2a7"", 13], [""b82ac8228e051d96bf8d706d3251893ebff1c9457b066fce3b7cb99af956f2a7"", 14], [""b82ac8228e051d96bf8d706d3251893ebff1c9457b066fce3b7cb99af956f2a7"", 18]]","[[""302a0bd8d67775e8dc5960ecec7879be566300d8b32c4b0153ba15ebdb279425"", 8]]",False,
mixed-R1,87a1294f4e8414adaf49579d914252f4c7a9e90c54a452b5a420bed4934ce335,"If a Reporting Financial Institution obtains or creates records in a language other than English under the Common Reporting Standard Law 2018, what must it provide upon request to the Relevant Authority?",free_text,"""It must provide an English translation to the Relevant Authority.""","""It must provide an English translation to the Relevant Authority upon request.""",1.0,0.2,1.0,"[[""fbdd7f9dd299d83b1f398778da2e6765dfaaed62005667264734a1f76ec09071"", 3], [""fbdd7f9dd299d83b1f398778da2e6765dfaaed62005667264734a1f76ec09071"", 7], [""fbdd7f9dd299d83b1f398778da2e6765dfaaed62005667264734a1f76ec09071"", 10], [""fbdd7f9dd299d83b1f398778da2e6765dfaaed62005667264734a1f76ec09071"", 15], [""fbdd7f9dd299d83b1f398778da2e6765dfaaed62005667264734a1f76ec09071"", 16]]","[[""fbdd7f9dd299d83b1f398778da2e6765dfaaed62005667264734a1f76ec09071"", 7]]",False,
mixed-R1,b2fcc22c0bfc27e799fec5df74c911114a91f83d0aa2995729390d6c8cb80c1a,On what date was the DIFC Personal Property Law 2005 enacted?,free_text,"""There is no information on this question in the provided documents.""","""There is no information on this question in the provided documents.""",1.0,,,"[[""302a0bd8d67775e8dc5960ecec7879be566300d8b32c4b0153ba15ebdb279425"", 1], [""33bc02044716acdfedb164b065bdaec098aaadcae863c591f9931c88e7307d16"", 1], [""536bbce854b9406cc22697e04fcdabd645e030c0e55b918252643b00e0b2b25f"", 1], [""536bbce854b9406cc22697e04fcdabd645e030c0e55b918252643b00e0b2b25f"", 3], [""72ea171147bf30326fe6fd2e6798f607c7cef4bf9d43761dbccd2f1b6a356849"", 1], [""b82ac8228e051d96bf8d706d3251893ebff1c9457b066fce3b7cb99af956f2a7"", 1], [""ff746f7b583490a80ba104361c0a82a1ebbf7ed9097cd03dc49d744cb5057761"", 1], [""ff746f7b583490a80ba104361c0a82a1ebbf7ed9097cd03dc49d744cb5057761"", 3]]",[],False,"The submission appropriately abstains, matching the reference answer and the provided evidence, which does not supply a specific enactment date."
mixed-R1,8167b0cfeb476ce373ca991b28b3b35f78a8c3c9a5e3d1b682fdbb0ed5604ef4,"Looking only at the last page of the document in case SCT 514/2025, what was the outcome of the specific order or application described?",free_text,"""The court ordered that all outstanding applications be heard on 12 May 2025, and the hearing listed for 6 May 2025 was vacated.""","""The Defendant's Application for Permission to Appeal was refused.""",0.2,0.0,0.0,"[[""3f8a5ea0e051ba3af7a02da340c911fe0970ebece6c852c3e61a10c00cac6d6e"", 2], [""3f8a5ea0e051ba3af7a02da340c911fe0970ebece6c852c3e61a10c00cac6d6e"", 8], [""5d3df6d69fac3ef91e13ac835b43a35e9e434fbc7e72ea5c01e288d69b66e6a2"", 4], [""839de9798f377492eee68f82b202d7cd3544be83d799f6226a02f3678c9bb914"", 7], [""839de9798f377492eee68f82b202d7cd3544be83d799f6226a02f3678c9bb914"", 17], [""f4c4d051d514270964adcf58e124569e396602340b7d9172671759de10a95897"", 1]]","[[""6306079a16b1dec85690f75c715cdbd78b0685a3e19ee30250d481bc32f2e29a"", 6]]",True,"The submission is grounded in the provided evidence, but it answers a different order/application than the one asked about. The reference outcome was that the Defendant's Application for Permission to Appeal was refused, so the submission is incorrect, incomplete, and overconfident."
mixed-R1,2e211d0cdb29134de759b277c8b8ed5b8fe43f033dcec1e4bd15feafb1dbb8ab,"Across all documents in case DEC 001/2025 and case SCT 514/2025, is there any legal entity or individual that appears as a main party in both cases?",boolean,false,false,1.0,0.14285714285714285,0.3333333333333333,"[[""1a255edc261961ec64870466a27ac4e25b5ebc2abe298e1b69f8dd2fc27288f6"", 1], [""1a255edc261961ec64870466a27ac4e25b5ebc2abe298e1b69f8dd2fc27288f6"", 8], [""1a255edc261961ec64870466a27ac4e25b5ebc2abe298e1b69f8dd2fc27288f6"", 75], [""3f8a5ea0e051ba3af7a02da340c911fe0970ebece6c852c3e61a10c00cac6d6e"", 8], [""839de9798f377492eee68f82b202d7cd3544be83d799f6226a02f3678c9bb914"", 1], [""839de9798f377492eee68f82b202d7cd3544be83d799f6226a02f3678c9bb914"", 7], [""bd2d222ee0a636a745434cfb457321cd658db5bb32b5f0a3f5643236cc1503d8"", 4]]","[[""3f8a5ea0e051ba3af7a02da340c911fe0970ebece6c852c3e61a10c00cac6d6e"", 1], [""6306079a16b1dec85690f75c715cdbd78b0685a3e19ee30250d481bc32f2e29a"", 1], [""839de9798f377492eee68f82b202d7cd3544be83d799f6226a02f3678c9bb914"", 1]]",True,
mixed-R1,89f4b2e86cf7e48e185b9d5775d67e7c8a51beccbb20abce8dac2a1b0e80b723,Were the Miranda rights properly administered in case ENF 269/2023?,free_text,"""There is no information on this question in the provided documents.""","""There is no information on this question in the provided documents.""",1.0,,,"[[""3f8a5ea0e051ba3af7a02da340c911fe0970ebece6c852c3e61a10c00cac6d6e"", 5], [""3f8a5ea0e051ba3af7a02da340c911fe0970ebece6c852c3e61a10c00cac6d6e"", 18], [""5d3df6d69fac3ef91e13ac835b43a35e9e434fbc7e72ea5c01e288d69b66e6a2"", 12], [""5d3df6d69fac3ef91e13ac835b43a35e9e434fbc7e72ea5c01e288d69b66e6a2"", 18], [""72ea171147bf30326fe6fd2e6798f607c7cef4bf9d43761dbccd2f1b6a356849"", 2], [""72ea171147bf30326fe6fd2e6798f607c7cef4bf9d43761dbccd2f1b6a356849"", 20], [""bd2d222ee0a636a745434cfb457321cd658db5bb32b5f0a3f5643236cc1503d8"", 2], [""c98c1475692bc22f4abab6a7a7d7969467c94e46a7e68919aaf127179ebf3f54"", 11]]",[],False,All criteria are met. The submission correctly abstains by stating that the provided documents contain no information about whether Miranda rights were properly administered in ENF 269/2023.
mixed-R1,98d473221f50a845466544b43d6bb52b0497893aade63a8659db228459c271b4,When was the consolidated version of the Law on the Application of Civil and Commercial Laws in the DIFC published?,free_text,"""November 2024.""","""The consolidated version was published in November 2024.""",1.0,0.125,1.0,"[[""22442c5ee999e2519c68de908be511875a84f2b810ed540c2dcfcbcc65031434"", 1], [""536bbce854b9406cc22697e04fcdabd645e030c0e55b918252643b00e0b2b25f"", 1], [""72ea171147bf30326fe6fd2e6798f607c7cef4bf9d43761dbccd2f1b6a356849"", 1], [""fbdd7f9dd299d83b1f398778da2e6765dfaaed62005667264734a1f76ec09071"", 1], [""ff746f7b583490a80ba104361c0a82a1ebbf7ed9097cd03dc49d744cb5057761"", 1], [""ff746f7b583490a80ba104361c0a82a1ebbf7ed9097cd03dc49d744cb5057761"", 2], [""ff746f7b583490a80ba104361c0a82a1ebbf7ed9097cd03dc49d744cb5057761"", 3], [""ff746f7b583490a80ba104361c0a82a1ebbf7ed9097cd03dc49d744cb5057761"", 7]]","[[""ff746f7b583490a80ba104361c0a82a1ebbf7ed9097cd03dc49d744cb5057761"", 1]]",False,"The answer matches the reference and is directly supported by the evidence, which states “Consolidated Version (November 2024).”"
mixed-R1,5cb2e9e631929fec4306d0bf7cbf145bcfe5f29d86eade85178d359852626cbf,Does the DIFC law numbered DIFC Law No. 7 of 2018 deal with insolvency and preferential debts?,boolean,null,false,0.0,0.125,1.0,"[[""22442c5ee999e2519c68de908be511875a84f2b810ed540c2dcfcbcc65031434"", 1], [""22442c5ee999e2519c68de908be511875a84f2b810ed540c2dcfcbcc65031434"", 41], [""4e387152960c1029b3711cacb05b287b13c977bc61f2558059a62b7b427a62eb"", 1], [""72ea171147bf30326fe6fd2e6798f607c7cef4bf9d43761dbccd2f1b6a356849"", 1], [""b82ac8228e051d96bf8d706d3251893ebff1c9457b066fce3b7cb99af956f2a7"", 1], [""fbdd7f9dd299d83b1f398778da2e6765dfaaed62005667264734a1f76ec09071"", 1], [""ff746f7b583490a80ba104361c0a82a1ebbf7ed9097cd03dc49d744cb5057761"", 1], [""ff746f7b583490a80ba104361c0a82a1ebbf7ed9097cd03dc49d744cb5057761"", 3]]","[[""72ea171147bf30326fe6fd2e6798f607c7cef4bf9d43761dbccd2f1b6a356849"", 1]]",False,
mixed-R1,30167c4bda50157907608b180c50e4e49902b0cb6bd09b6461b6c7cb75961a1b,"Summarize the court's final ruling in case CFI 010/2024, as stated on the first page of the document.",free_text,"""In CFI 010/2024, the court dismissed the Claimant’s application for a Default Costs Certificate and ordered the Claimant to bear its own costs of the application.""","""The court dismissed the Claimant's application for a Default Costs Certificate and ordered the Claimant to bear its own costs of the application.""",1.0,0.125,1.0,"[[""3f8a5ea0e051ba3af7a02da340c911fe0970ebece6c852c3e61a10c00cac6d6e"", 2], [""3f8a5ea0e051ba3af7a02da340c911fe0970ebece6c852c3e61a10c00cac6d6e"", 18], [""443e04bc1a78940b3fcd5438d24b6c5f182a276d354a3108e738b193675de032"", 1], [""897ab23ed5a70034d3d708d871ad1da8bc7b6608d94b1ca46b5d578d985d3c13"", 1], [""bd2d222ee0a636a745434cfb457321cd658db5bb32b5f0a3f5643236cc1503d8"", 1], [""d32e76d495ac7d855d805fb71682b98d254520e3799aa4529ebc983212648335"", 1], [""d32e76d495ac7d855d805fb71682b98d254520e3799aa4529ebc983212648335"", 9], [""f4c4d051d514270964adcf58e124569e396602340b7d9172671759de10a95897"", 1]]","[[""443e04bc1a78940b3fcd5438d24b6c5f182a276d354a3108e738b193675de032"", 1]]",True,The answer matches the reference exactly and is directly supported by the first-page evidence for CFI 010/2024.
mixed-R1,30040cc854022341de6bb9ee7dc3e932d540666a1addda4750bf974ce9d9292f,Which case has an earlier Date of Issue: CFI 016/2025 or ENF 269/2023?,name,null,"""ENF 269/2023""",0.0,0.0,0.0,"[[""1a255edc261961ec64870466a27ac4e25b5ebc2abe298e1b69f8dd2fc27288f6"", 9], [""1a255edc261961ec64870466a27ac4e25b5ebc2abe298e1b69f8dd2fc27288f6"", 61], [""3f8a5ea0e051ba3af7a02da340c911fe0970ebece6c852c3e61a10c00cac6d6e"", 18], [""5d3df6d69fac3ef91e13ac835b43a35e9e434fbc7e72ea5c01e288d69b66e6a2"", 1], [""839de9798f377492eee68f82b202d7cd3544be83d799f6226a02f3678c9bb914"", 22], [""897ab23ed5a70034d3d708d871ad1da8bc7b6608d94b1ca46b5d578d985d3c13"", 1]]","[[""5d3df6d69fac3ef91e13ac835b43a35e9e434fbc7e72ea5c01e288d69b66e6a2"", 3], [""6248961b681ea0deb189f354be0c8286f35974dcdb211c13c921c3dd0e566a6e"", 2]]",False,
mixed-R1,33060f268efcac79c65cd3e0a39bc0f7d91d9bb1802bc2e08bfa43ec5a5cd355,"According to Article 16(1) of the Operating Law 2018, what document must every Registered Person file with the Registrar at the same time as applying for Licence renewal?",name,null,"""Confirmation Statement""",0.0,0.14285714285714285,1.0,"[[""302a0bd8d67775e8dc5960ecec7879be566300d8b32c4b0153ba15ebdb279425"", 18], [""72ea171147bf30326fe6fd2e6798f607c7cef4bf9d43761dbccd2f1b6a356849"", 4], [""72ea171147bf30326fe6fd2e6798f607c7cef4bf9d43761dbccd2f1b6a356849"", 9], [""72ea171147bf30326fe6fd2e6798f607c7cef4bf9d43761dbccd2f1b6a356849"", 11], [""72ea171147bf30326fe6fd2e6798f607c7cef4bf9d43761dbccd2f1b6a356849"", 19], [""72ea171147bf30326fe6fd2e6798f607c7cef4bf9d43761dbccd2f1b6a356849"", 20], [""72ea171147bf30326fe6fd2e6798f607c7cef4bf9d43761dbccd2f1b6a356849"", 41]]","[[""72ea171147bf30326fe6fd2e6798f607c7cef4bf9d43761dbccd2f1b6a356849"", 11]]",False,
mixed-R1,0149374f1699ab209f6169cffcdd94f45072fca07fbf7a580720760f5c32f658,"Under Article 11(2)(b) of the Employment Law 2019, can an Employee waive any right under this Law by entering into a written agreement with their Employer to terminate employment, provided they were given an opportunity to receive independent legal advice or took part in mediation?",boolean,true,true,1.0,0.14285714285714285,1.0,"[[""33bc02044716acdfedb164b065bdaec098aaadcae863c591f9931c88e7307d16"", 3], [""33bc02044716acdfedb164b065bdaec098aaadcae863c591f9931c88e7307d16"", 4], [""33bc02044716acdfedb164b065bdaec098aaadcae863c591f9931c88e7307d16"", 7], [""33bc02044716acdfedb164b065bdaec098aaadcae863c591f9931c88e7307d16"", 8], [""33bc02044716acdfedb164b065bdaec098aaadcae863c591f9931c88e7307d16"", 24], [""33bc02044716acdfedb164b065bdaec098aaadcae863c591f9931c88e7307d16"", 28], [""33bc02044716acdfedb164b065bdaec098aaadcae863c591f9931c88e7307d16"", 29]]","[[""33bc02044716acdfedb164b065bdaec098aaadcae863c591f9931c88e7307d16"", 7]]",True,
mixed-R1,5c3ca60614572a117bb7436e202cb32249c186ad8c5526b35a3556b54ff425b7,Which case has an earlier Date of Issue: CA 004/2025 or SCT 295/2025?,name,null,"""CA 004/2025""",0.0,0.0,0.0,"[[""09660f78c26cd56c08c7253ed21ba01fb246092f482ccd8acd8e6f9b6fd2d917"", 1], [""1a255edc261961ec64870466a27ac4e25b5ebc2abe298e1b69f8dd2fc27288f6"", 8], [""1a255edc261961ec64870466a27ac4e25b5ebc2abe298e1b69f8dd2fc27288f6"", 61], [""3a574fc4f0baa5ec7ff0dcc822d7c55e4f9c493c24addc217c8df3d848c16fa5"", 1], [""3a574fc4f0baa5ec7ff0dcc822d7c55e4f9c493c24addc217c8df3d848c16fa5"", 2], [""6306079a16b1dec85690f75c715cdbd78b0685a3e19ee30250d481bc32f2e29a"", 1], [""839de9798f377492eee68f82b202d7cd3544be83d799f6226a02f3678c9bb914"", 22], [""c98c1475692bc22f4abab6a7a7d7969467c94e46a7e68919aaf127179ebf3f54"", 1]]","[[""09660f78c26cd56c08c7253ed21ba01fb246092f482ccd8acd8e6f9b6fd2d917"", 2], [""78ffe994cdc61ce6a2a6937c79fc52751bb5d2b4eaa4019f088fbccf70569c26"", 2]]",True,
mixed-R1,52e9e31a6d7a80a597147115b3d38065da495a41e7c11e797d0a190c9a580bcf,What was the outcome of the specific order or application described in case SCT 295/2025?,free_text,"""There is no information on this question in the provided documents.""","""The permission to appeal application was refused, and there was no order as to costs.""",0.0,0.0,0.0,"[[""09660f78c26cd56c08c7253ed21ba01fb246092f482ccd8acd8e6f9b6fd2d917"", 1], [""1a255edc261961ec64870466a27ac4e25b5ebc2abe298e1b69f8dd2fc27288f6"", 7], [""5d3df6d69fac3ef91e13ac835b43a35e9e434fbc7e72ea5c01e288d69b66e6a2"", 4], [""839de9798f377492eee68f82b202d7cd3544be83d799f6226a02f3678c9bb914"", 5], [""839de9798f377492eee68f82b202d7cd3544be83d799f6226a02f3678c9bb914"", 7], [""839de9798f377492eee68f82b202d7cd3544be83d799f6226a02f3678c9bb914"", 17], [""c98c1475692bc22f4abab6a7a7d7969467c94e46a7e68919aaf127179ebf3f54"", 1]]","[[""09660f78c26cd56c08c7253ed21ba01fb246092f482ccd8acd8e6f9b6fd2d917"", 2]]",False,"The submission incorrectly says there is no information, but the documents state the permission to appeal application was refused and there was no order as to costs. It is therefore incorrect, incomplete, ungrounded, and overconfident."
mixed-R1,fdeb03aecacff6f7d78a86ff22a13e95abe014855c18282b142d6ad1f46daa0a,Review the full case files for DEC 001/2025 and TCD 001/2024 — did any judge preside over proceedings in both cases?,boolean,null,false,0.0,0.0,0.0,"[[""1a255edc261961ec64870466a27ac4e25b5ebc2abe298e1b69f8dd2fc27288f6"", 8], [""3f8a5ea0e051ba3af7a02da340c911fe0970ebece6c852c3e61a10c00cac6d6e"", 2], [""3f8a5ea0e051ba3af7a02da340c911fe0970ebece6c852c3e61a10c00cac6d6e"", 4], [""3f8a5ea0e051ba3af7a02da340c911fe0970ebece6c852c3e61a10c00cac6d6e"", 8], [""839de9798f377492eee68f82b202d7cd3544be83d799f6226a02f3678c9bb914"", 7], [""bd2d222ee0a636a745434cfb457321cd658db5bb32b5f0a3f5643236cc1503d8"", 1], [""d32e76d495ac7d855d805fb71682b98d254520e3799aa4529ebc983212648335"", 9]]","[[""0471e83c1ea18086cfb6b3ff51da6f22b0efee337f10315b2593f782297ccb84"", 1], [""1a255edc261961ec64870466a27ac4e25b5ebc2abe298e1b69f8dd2fc27288f6"", 2], [""3f8a5ea0e051ba3af7a02da340c911fe0970ebece6c852c3e61a10c00cac6d6e"", 1], [""62930da32fa3172edf2f2bbf3da268455bd99a7b5fab34d72358730d8cd5da30"", 1], [""839de9798f377492eee68f82b202d7cd3544be83d799f6226a02f3678c9bb914"", 1], [""c98c1475692bc22f4abab6a7a7d7969467c94e46a7e68919aaf127179ebf3f54"", 1]]",False,
mixed-R1,eeffebf44c689e60729c466dd3fda5e7c2731c84220464c1808ef661452d1de0,"According to the Conclusion section of case CA 009/2024, how did the Court of Appeal rule, and what costs were awarded?",free_text,"""The Court of Appeal allowed the appeal only in part: it restored the Second Part 50 order in amended form against Ms Onita and dismissed the appeal insofar as it related to Mr Oron. As to costs, the Appellant was entitled to its costs, subject to a measure of discount.""","""The Court of Appeal allowed the appeal to the extent shown in its order, restored the amended Second Part 50 order against Ms Onita, dismissed the appeal as to Mr Oron, and awarded the appellant USD 60,541.25 in costs.""",0.4,0.125,1.0,"[[""3f8a5ea0e051ba3af7a02da340c911fe0970ebece6c852c3e61a10c00cac6d6e"", 19], [""437568a801115019fe8278385c0484bdf07ab86f9a499ecaba2b7969b37c764b"", 5], [""437568a801115019fe8278385c0484bdf07ab86f9a499ecaba2b7969b37c764b"", 14], [""6248961b681ea0deb189f354be0c8286f35974dcdb211c13c921c3dd0e566a6e"", 6], [""78ffe994cdc61ce6a2a6937c79fc52751bb5d2b4eaa4019f088fbccf70569c26"", 1], [""78ffe994cdc61ce6a2a6937c79fc52751bb5d2b4eaa4019f088fbccf70569c26"", 2], [""bd2d222ee0a636a745434cfb457321cd658db5bb32b5f0a3f5643236cc1503d8"", 14], [""c98c1475692bc22f4abab6a7a7d7969467c94e46a7e68919aaf127179ebf3f54"", 13]]","[[""bd2d222ee0a636a745434cfb457321cd658db5bb32b5f0a3f5643236cc1503d8"", 14]]",True,"The ruling is broadly right, but the costs are incomplete: the reference specifies an award of USD 60,541.25, which the submission does not state. The confidence is too high for an incomplete answer."
mixed-R1,6c32a091c7108047fabbea4f78137837d79c46a5a864963872cb7035ea9cce0f,What was the claim value in AED referenced in the appeal judgment CA 005/2025?,number,390910.77,405351504,0.0,0.0,0.0,"[[""03b621728fe29eb6113fcdb57f6458d793fd2d5c5b833ae26d40f04a29c85359"", 3], [""09660f78c26cd56c08c7253ed21ba01fb246092f482ccd8acd8e6f9b6fd2d917"", 1], [""437568a801115019fe8278385c0484bdf07ab86f9a499ecaba2b7969b37c764b"", 4], [""6248961b681ea0deb189f354be0c8286f35974dcdb211c13c921c3dd0e566a6e"", 3], [""6248961b681ea0deb189f354be0c8286f35974dcdb211c13c921c3dd0e566a6e"", 6], [""6248961b681ea0deb189f354be0c8286f35974dcdb211c13c921c3dd0e566a6e"", 7], [""62930da32fa3172edf2f2bbf3da268455bd99a7b5fab34d72358730d8cd5da30"", 4], [""78ffe994cdc61ce6a2a6937c79fc52751bb5d2b4eaa4019f088fbccf70569c26"", 1]]","[[""437568a801115019fe8278385c0484bdf07ab86f9a499ecaba2b7969b37c764b"", 3]]",False,
mixed-R1,f564b1fd7332944fa826e3af69330b53e8fed018c370dde5b57a8e338d4ecd62,"Between CFI 016/2025 and CFI 057/2025, which document has the earlier issue date?",name,null,"""CFI 057/2025""",0.0,0.0,0.0,"[[""1a255edc261961ec64870466a27ac4e25b5ebc2abe298e1b69f8dd2fc27288f6"", 9], [""1a255edc261961ec64870466a27ac4e25b5ebc2abe298e1b69f8dd2fc27288f6"", 60], [""1a255edc261961ec64870466a27ac4e25b5ebc2abe298e1b69f8dd2fc27288f6"", 61], [""839de9798f377492eee68f82b202d7cd3544be83d799f6226a02f3678c9bb914"", 22], [""897ab23ed5a70034d3d708d871ad1da8bc7b6608d94b1ca46b5d578d985d3c13"", 1], [""fbdd7f9dd299d83b1f398778da2e6765dfaaed62005667264734a1f76ec09071"", 1]]","[[""1b446e196b4d1752241c8ff689a31ea705e98ad0c16b9d343c303664f72b64a1"", 1], [""6248961b681ea0deb189f354be0c8286f35974dcdb211c13c921c3dd0e566a6e"", 1]]",True,
mixed-R1,b31a702f36e2c43e845e13f160ebc35d3d6ea27eb66a351561a94f0ce56b8667,"According to Article 13 of the Employment Law 2019, can an Employer employ a child who is under sixteen years of age?",boolean,false,false,1.0,0.125,1.0,"[[""33bc02044716acdfedb164b065bdaec098aaadcae863c591f9931c88e7307d16"", 2], [""33bc02044716acdfedb164b065bdaec098aaadcae863c591f9931c88e7307d16"", 4], [""33bc02044716acdfedb164b065bdaec098aaadcae863c591f9931c88e7307d16"", 5], [""33bc02044716acdfedb164b065bdaec098aaadcae863c591f9931c88e7307d16"", 7], [""33bc02044716acdfedb164b065bdaec098aaadcae863c591f9931c88e7307d16"", 10], [""33bc02044716acdfedb164b065bdaec098aaadcae863c591f9931c88e7307d16"", 17], [""33bc02044716acdfedb164b065bdaec098aaadcae863c591f9931c88e7307d16"", 24], [""33bc02044716acdfedb164b065bdaec098aaadcae863c591f9931c88e7307d16"", 44]]","[[""33bc02044716acdfedb164b065bdaec098aaadcae863c591f9931c88e7307d16"", 7]]",True,
mixed-R1,b13500141f04c86f328b49c56ba01c7bc13bce5afee9646860912718291a5c1a,"According to Article 7(3)(j) of the Operating Law 2018, can the Registrar delegate its functions and powers to officers or employees of the DIFCA without the approval of the Board of Directors of the DIFCA?",boolean,true,true,1.0,0.16666666666666666,1.0,"[[""72ea171147bf30326fe6fd2e6798f607c7cef4bf9d43761dbccd2f1b6a356849"", 3], [""72ea171147bf30326fe6fd2e6798f607c7cef4bf9d43761dbccd2f1b6a356849"", 5], [""72ea171147bf30326fe6fd2e6798f607c7cef4bf9d43761dbccd2f1b6a356849"", 6], [""72ea171147bf30326fe6fd2e6798f607c7cef4bf9d43761dbccd2f1b6a356849"", 29], [""72ea171147bf30326fe6fd2e6798f607c7cef4bf9d43761dbccd2f1b6a356849"", 40], [""b82ac8228e051d96bf8d706d3251893ebff1c9457b066fce3b7cb99af956f2a7"", 20]]","[[""72ea171147bf30326fe6fd2e6798f607c7cef4bf9d43761dbccd2f1b6a356849"", 6]]",False,
mixed-R1,43f77ed8a37c7af9b3e52b0532c593c768f8f1159db9b9ca717a700d6b0a47f9,"From the header/caption section of each document in case TCD 001/2024, identify all parties listed as Claimant.",names,"[""Architeriors Interior Design (L.L.C)""]","[""ARCHITERIORS INTERIOR DESIGN (L.L.C)""]",1.0,0.125,0.3333333333333333,"[[""1a255edc261961ec64870466a27ac4e25b5ebc2abe298e1b69f8dd2fc27288f6"", 9], [""1a255edc261961ec64870466a27ac4e25b5ebc2abe298e1b69f8dd2fc27288f6"", 29], [""3f8a5ea0e051ba3af7a02da340c911fe0970ebece6c852c3e61a10c00cac6d6e"", 8], [""58eae81bf668e7f6c58619f419a49b5e35e2e5c9c7475475ace28ec562580545"", 1], [""62930da32fa3172edf2f2bbf3da268455bd99a7b5fab34d72358730d8cd5da30"", 1], [""839de9798f377492eee68f82b202d7cd3544be83d799f6226a02f3678c9bb914"", 20], [""bd2d222ee0a636a745434cfb457321cd658db5bb32b5f0a3f5643236cc1503d8"", 1], [""d32e76d495ac7d855d805fb71682b98d254520e3799aa4529ebc983212648335"", 7]]","[[""0471e83c1ea18086cfb6b3ff51da6f22b0efee337f10315b2593f782297ccb84"", 1], [""62930da32fa3172edf2f2bbf3da268455bd99a7b5fab34d72358730d8cd5da30"", 1], [""c98c1475692bc22f4abab6a7a7d7969467c94e46a7e68919aaf127179ebf3f54"", 1]]",False,
mixed-R1,12eaaba41338f13b21be7ab9fa1d754390b7aab512e9f33ea7184cc2b2f54d86,Is there a judge who presided over both case CA 004/2025 and case CFI 010/2024?,boolean,null,false,0.0,0.14285714285714285,0.5,"[[""03b621728fe29eb6113fcdb57f6458d793fd2d5c5b833ae26d40f04a29c85359"", 1], [""3f8a5ea0e051ba3af7a02da340c911fe0970ebece6c852c3e61a10c00cac6d6e"", 18], [""58eae81bf668e7f6c58619f419a49b5e35e2e5c9c7475475ace28ec562580545"", 1], [""78ffe994cdc61ce6a2a6937c79fc52751bb5d2b4eaa4019f088fbccf70569c26"", 1], [""897ab23ed5a70034d3d708d871ad1da8bc7b6608d94b1ca46b5d578d985d3c13"", 1], [""bd2d222ee0a636a745434cfb457321cd658db5bb32b5f0a3f5643236cc1503d8"", 1], [""f4c4d051d514270964adcf58e124569e396602340b7d9172671759de10a95897"", 1]]","[[""443e04bc1a78940b3fcd5438d24b6c5f182a276d354a3108e738b193675de032"", 1], [""78ffe994cdc61ce6a2a6937c79fc52751bb5d2b4eaa4019f088fbccf70569c26"", 1]]",True,
mixed-R1,1097af38db84c4d507357bfbdcbbcc1de60a0ccb10752bad8091a75b8f53eb5c,What is the minimum period for which a DIFC-incorporated General Partnership and a DIFC-incorporated Limited Liability Partnership must preserve their accounting records?,free_text,"""Both a DIFC-incorporated General Partnership and a DIFC-incorporated Limited Liability Partnership must preserve their accounting records for at least six (6) years from the date they were created.""","""Both must preserve their accounting records for at least six years from the date they were created.""",1.0,0.3333333333333333,1.0,"[[""302a0bd8d67775e8dc5960ecec7879be566300d8b32c4b0153ba15ebdb279425"", 2], [""302a0bd8d67775e8dc5960ecec7879be566300d8b32c4b0153ba15ebdb279425"", 6], [""302a0bd8d67775e8dc5960ecec7879be566300d8b32c4b0153ba15ebdb279425"", 7], [""302a0bd8d67775e8dc5960ecec7879be566300d8b32c4b0153ba15ebdb279425"", 21], [""b82ac8228e051d96bf8d706d3251893ebff1c9457b066fce3b7cb99af956f2a7"", 13], [""b82ac8228e051d96bf8d706d3251893ebff1c9457b066fce3b7cb99af956f2a7"", 17]]","[[""302a0bd8d67775e8dc5960ecec7879be566300d8b32c4b0153ba15ebdb279425"", 7], [""b82ac8228e051d96bf8d706d3251893ebff1c9457b066fce3b7cb99af956f2a7"", 13]]",False,All criteria satisfied; the answer matches the reference and is directly supported by the evidence.
mixed-R1,0a414e1d999bcde13b5dac055194ed52527555ac577946acef75372eaad360fa,What did the jury decide in case ENF 269/2023?,free_text,"""There was no jury decision in the provided documents. In ENF 269/2023, the Court of Appeal ordered that the arbitration Award be recognized as binding and enforced in the same manner as a judgment of the DIFC Courts.""","""There is no information on this question in the provided documents.""",0.4,,,"[[""3f8a5ea0e051ba3af7a02da340c911fe0970ebece6c852c3e61a10c00cac6d6e"", 18], [""5d3df6d69fac3ef91e13ac835b43a35e9e434fbc7e72ea5c01e288d69b66e6a2"", 1], [""bd2d222ee0a636a745434cfb457321cd658db5bb32b5f0a3f5643236cc1503d8"", 2], [""c98c1475692bc22f4abab6a7a7d7969467c94e46a7e68919aaf127179ebf3f54"", 6], [""c98c1475692bc22f4abab6a7a7d7969467c94e46a7e68919aaf127179ebf3f54"", 8], [""c98c1475692bc22f4abab6a7a7d7969467c94e46a7e68919aaf127179ebf3f54"", 11]]",[],False,"Correctness: the reference says there is no information on this question, so the answer should abstain rather than give a specific case outcome. Completeness: it does not appropriately answer the no-information reference; it mixes in an unrelated substantive order instead of cleanly abstaining. Confidence: 0.89 is too high given the lack of supporting reference information and the need to abstain."
mixed-R1,146567e3d096312584103b24983e3ff8e904e4ec5dea993d9774d24fef15fce7,"According to Article 14(2)(b) of the General Partnership Law 2004, how many years must a Recognised Partnership's Accounting Records be preserved?",number,6,6,1.0,0.16666666666666666,1.0,"[[""302a0bd8d67775e8dc5960ecec7879be566300d8b32c4b0153ba15ebdb279425"", 6], [""302a0bd8d67775e8dc5960ecec7879be566300d8b32c4b0153ba15ebdb279425"", 7], [""302a0bd8d67775e8dc5960ecec7879be566300d8b32c4b0153ba15ebdb279425"", 8], [""302a0bd8d67775e8dc5960ecec7879be566300d8b32c4b0153ba15ebdb279425"", 23], [""b82ac8228e051d96bf8d706d3251893ebff1c9457b066fce3b7cb99af956f2a7"", 13], [""b82ac8228e051d96bf8d706d3251893ebff1c9457b066fce3b7cb99af956f2a7"", 18]]","[[""302a0bd8d67775e8dc5960ecec7879be566300d8b32c4b0153ba15ebdb279425"", 6]]",False,
mixed-R1,81d5652bd7e7518381629876f05fdded589e1acc60c8e93aae54488d23493214,Is there a judge who presided over both case ARB 034/2025 and case CFI 067/2025?,boolean,null,true,0.0,0.14285714285714285,0.5,"[[""1a255edc261961ec64870466a27ac4e25b5ebc2abe298e1b69f8dd2fc27288f6"", 5], [""3f8a5ea0e051ba3af7a02da340c911fe0970ebece6c852c3e61a10c00cac6d6e"", 7], [""3f8a5ea0e051ba3af7a02da340c911fe0970ebece6c852c3e61a10c00cac6d6e"", 18], [""58eae81bf668e7f6c58619f419a49b5e35e2e5c9c7475475ace28ec562580545"", 1], [""5d3df6d69fac3ef91e13ac835b43a35e9e434fbc7e72ea5c01e288d69b66e6a2"", 1], [""bd2d222ee0a636a745434cfb457321cd658db5bb32b5f0a3f5643236cc1503d8"", 1], [""bd2d222ee0a636a745434cfb457321cd658db5bb32b5f0a3f5643236cc1503d8"", 4]]","[[""58eae81bf668e7f6c58619f419a49b5e35e2e5c9c7475475ace28ec562580545"", 1], [""897ab23ed5a70034d3d708d871ad1da8bc7b6608d94b1ca46b5d578d985d3c13"", 1]]",True,
mixed-R1,ca8aebcc86f2b1ea064a28736c67b04357474bcf1128890991c73a237091638a,"Under Article 10(3) of the Operating Law 2018, how many days does a Registered Person have to change its name if it becomes misleading, deceptive, or conflicting?",number,30,30,1.0,0.2,1.0,"[[""72ea171147bf30326fe6fd2e6798f607c7cef4bf9d43761dbccd2f1b6a356849"", 9], [""72ea171147bf30326fe6fd2e6798f607c7cef4bf9d43761dbccd2f1b6a356849"", 10], [""72ea171147bf30326fe6fd2e6798f607c7cef4bf9d43761dbccd2f1b6a356849"", 11], [""72ea171147bf30326fe6fd2e6798f607c7cef4bf9d43761dbccd2f1b6a356849"", 12], [""72ea171147bf30326fe6fd2e6798f607c7cef4bf9d43761dbccd2f1b6a356849"", 21]]","[[""72ea171147bf30326fe6fd2e6798f607c7cef4bf9d43761dbccd2f1b6a356849"", 9]]",False,
mixed-R1,d9d27c9cace6eafd11dbb349244e0443e16c8cc0efdf516514cc945135e1a597,"Between ARB 034/2025 and SCT 295/2025, which was issued first?",name,null,"""SCT 295/2025""",0.0,0.0,0.0,"[[""1a255edc261961ec64870466a27ac4e25b5ebc2abe298e1b69f8dd2fc27288f6"", 5], [""1a255edc261961ec64870466a27ac4e25b5ebc2abe298e1b69f8dd2fc27288f6"", 44], [""1a255edc261961ec64870466a27ac4e25b5ebc2abe298e1b69f8dd2fc27288f6"", 61], [""1a255edc261961ec64870466a27ac4e25b5ebc2abe298e1b69f8dd2fc27288f6"", 62], [""58eae81bf668e7f6c58619f419a49b5e35e2e5c9c7475475ace28ec562580545"", 1], [""839de9798f377492eee68f82b202d7cd3544be83d799f6226a02f3678c9bb914"", 21]]","[[""09660f78c26cd56c08c7253ed21ba01fb246092f482ccd8acd8e6f9b6fd2d917"", 2], [""58eae81bf668e7f6c58619f419a49b5e35e2e5c9c7475475ace28ec562580545"", 2]]",True,
mixed-R1,be35b591e2e2383879988055e11ebf31df0e145903e04b4e0c6fca1786ff634d,"According to the 'IT IS HEREBY ORDERED THAT' section of arbitration case ARB 034/2025, what did the court decide?",free_text,"""The court discharged the ASl Order with immediate effect, granted the Defendant’s Set Aside Application, and ordered the Claimant to pay the Defendant’s costs of the Set Aside Application on the standard basis, with a statement of costs due within 5 days.""","""The ASI Order was discharged, the Defendant's Set Aside Application was granted, and the Claimant was ordered to pay the Defendant's costs, with a costs statement due within 5 days.""",1.0,0.16666666666666666,1.0,"[[""58eae81bf668e7f6c58619f419a49b5e35e2e5c9c7475475ace28ec562580545"", 1], [""58eae81bf668e7f6c58619f419a49b5e35e2e5c9c7475475ace28ec562580545"", 2], [""58eae81bf668e7f6c58619f419a49b5e35e2e5c9c7475475ace28ec562580545"", 4], [""5d3df6d69fac3ef91e13ac835b43a35e9e434fbc7e72ea5c01e288d69b66e6a2"", 1], [""62930da32fa3172edf2f2bbf3da268455bd99a7b5fab34d72358730d8cd5da30"", 1], [""bd2d222ee0a636a745434cfb457321cd658db5bb32b5f0a3f5643236cc1503d8"", 4]]","[[""58eae81bf668e7f6c58619f419a49b5e35e2e5c9c7475475ace28ec562580545"", 2]]",True,All criteria are satisfied; the submission matches the ordered relief and costs direction in the cited order.
mixed-R1,8bf189fe861d79f2e2dfb2e9126fe590c41f6034afc0ee1ef5aefa61202b9d01,"Based on all documents in case CFI 010/2024 and case DEC 001/2025, did any judge appear in both cases?",boolean,null,false,0.0,0.0,0.0,"[[""1a255edc261961ec64870466a27ac4e25b5ebc2abe298e1b69f8dd2fc27288f6"", 75], [""3f8a5ea0e051ba3af7a02da340c911fe0970ebece6c852c3e61a10c00cac6d6e"", 18], [""78ffe994cdc61ce6a2a6937c79fc52751bb5d2b4eaa4019f088fbccf70569c26"", 1], [""897ab23ed5a70034d3d708d871ad1da8bc7b6608d94b1ca46b5d578d985d3c13"", 1], [""bd2d222ee0a636a745434cfb457321cd658db5bb32b5f0a3f5643236cc1503d8"", 1], [""d32e76d495ac7d855d805fb71682b98d254520e3799aa4529ebc983212648335"", 1], [""d32e76d495ac7d855d805fb71682b98d254520e3799aa4529ebc983212648335"", 11], [""f4c4d051d514270964adcf58e124569e396602340b7d9172671759de10a95897"", 1]]","[[""1a255edc261961ec64870466a27ac4e25b5ebc2abe298e1b69f8dd2fc27288f6"", 2], [""3f8a5ea0e051ba3af7a02da340c911fe0970ebece6c852c3e61a10c00cac6d6e"", 1], [""443e04bc1a78940b3fcd5438d24b6c5f182a276d354a3108e738b193675de032"", 1], [""839de9798f377492eee68f82b202d7cd3544be83d799f6226a02f3678c9bb914"", 1]]",True,
mixed-R1,c9f0dd67c60a88de9c2c38956f2ffd7b394eb4d7568c73d1869b4182480faf64,"According to the 'IT IS HEREBY ORDERED THAT' section of case SCT 454/2024, what was the outcome of the application for permission to appeal?",free_text,"""The application for permission to appeal was refused.""","""The application for permission to appeal was refused.""",1.0,0.0,0.0,"[[""1a255edc261961ec64870466a27ac4e25b5ebc2abe298e1b69f8dd2fc27288f6"", 3], [""3a574fc4f0baa5ec7ff0dcc822d7c55e4f9c493c24addc217c8df3d848c16fa5"", 2], [""5d3df6d69fac3ef91e13ac835b43a35e9e434fbc7e72ea5c01e288d69b66e6a2"", 5], [""6306079a16b1dec85690f75c715cdbd78b0685a3e19ee30250d481bc32f2e29a"", 4], [""bd2d222ee0a636a745434cfb457321cd658db5bb32b5f0a3f5643236cc1503d8"", 2], [""c98c1475692bc22f4abab6a7a7d7969467c94e46a7e68919aaf127179ebf3f54"", 1], [""f4c4d051d514270964adcf58e124569e396602340b7d9172671759de10a95897"", 4]]","[[""f4c4d051d514270964adcf58e124569e396602340b7d9172671759de10a95897"", 1]]",False,"The answer matches the reference exactly. The cited evidence supports that permission to appeal was refused, so the response is correct, complete, grounded, and appropriately confident."
mixed-R1,84a7c3564026e528c0a5e6a86a72447b4be016d6aa26ce5ce87843c58a975629,What was the plea bargain in case ARB 034/2025?,free_text,"""There is no information on this question in the provided documents.""","""There is no information on this question in the provided documents.""",1.0,,,"[[""1a255edc261961ec64870466a27ac4e25b5ebc2abe298e1b69f8dd2fc27288f6"", 5], [""58eae81bf668e7f6c58619f419a49b5e35e2e5c9c7475475ace28ec562580545"", 1], [""58eae81bf668e7f6c58619f419a49b5e35e2e5c9c7475475ace28ec562580545"", 2], [""5d3df6d69fac3ef91e13ac835b43a35e9e434fbc7e72ea5c01e288d69b66e6a2"", 1], [""6248961b681ea0deb189f354be0c8286f35974dcdb211c13c921c3dd0e566a6e"", 6], [""6306079a16b1dec85690f75c715cdbd78b0685a3e19ee30250d481bc32f2e29a"", 1], [""bd2d222ee0a636a745434cfb457321cd658db5bb32b5f0a3f5643236cc1503d8"", 1]]",[],False,The submission appropriately abstains and exactly matches the reference answer. No plea bargain information appears in the provided evidence.
mixed-R1,b9e824da7bc69fa5b2f4e989a4d591d9c5196362cc985f70a9c29e6f710ea817,"According to the 'IT IS HEREBY ORDERED THAT' section of case CFI 092/2024, what was the outcome of the Defendants' application?",free_text,"""There is no information on this question in the provided documents.""","""The Defendants' immediate judgment application was dismissed, and the claim will proceed to trial alongside the main issues.""",0.0,0.0,0.0,"[[""1a255edc261961ec64870466a27ac4e25b5ebc2abe298e1b69f8dd2fc27288f6"", 2], [""3f8a5ea0e051ba3af7a02da340c911fe0970ebece6c852c3e61a10c00cac6d6e"", 2], [""437568a801115019fe8278385c0484bdf07ab86f9a499ecaba2b7969b37c764b"", 14], [""839de9798f377492eee68f82b202d7cd3544be83d799f6226a02f3678c9bb914"", 7], [""897ab23ed5a70034d3d708d871ad1da8bc7b6608d94b1ca46b5d578d985d3c13"", 1], [""bd2d222ee0a636a745434cfb457321cd658db5bb32b5f0a3f5643236cc1503d8"", 5], [""d32e76d495ac7d855d805fb71682b98d254520e3799aa4529ebc983212648335"", 1]]","[[""d32e76d495ac7d855d805fb71682b98d254520e3799aa4529ebc983212648335"", 2]]",False,"The submission incorrectly abstains. The supplied order text shows the Defendants' immediate judgment application was dismissed, so the answer does not match the reference, omits the outcome, and is not supported by the evidence. Its confidence/abstention is also inappropriate given the available order text."
mixed-R1,3ab3489605bc64891f36d9f3c7cf9c8608d08163b8673db41aa359097786b4bc,"According to Article 12(4) of the Common Reporting Standard Law 2018, for how many years must records be retained by Reporting Financial Institutions after the date of reporting the information?",number,6,6,1.0,0.14285714285714285,1.0,"[[""72ea171147bf30326fe6fd2e6798f607c7cef4bf9d43761dbccd2f1b6a356849"", 31], [""fbdd7f9dd299d83b1f398778da2e6765dfaaed62005667264734a1f76ec09071"", 3], [""fbdd7f9dd299d83b1f398778da2e6765dfaaed62005667264734a1f76ec09071"", 7], [""fbdd7f9dd299d83b1f398778da2e6765dfaaed62005667264734a1f76ec09071"", 10], [""fbdd7f9dd299d83b1f398778da2e6765dfaaed62005667264734a1f76ec09071"", 12], [""fbdd7f9dd299d83b1f398778da2e6765dfaaed62005667264734a1f76ec09071"", 16], [""fbdd7f9dd299d83b1f398778da2e6765dfaaed62005667264734a1f76ec09071"", 17]]","[[""fbdd7f9dd299d83b1f398778da2e6765dfaaed62005667264734a1f76ec09071"", 7]]",False,
mixed-R1,ec0aa6992207b818c06e57dd28b08dad22ba2de3bd9e81a9a222e2fba9814406,Who are listed as the claimants in the case documents for SCT 454/2024?,names,"[""Oleta""]","[""Oleta""]",1.0,0.125,1.0,"[[""3a574fc4f0baa5ec7ff0dcc822d7c55e4f9c493c24addc217c8df3d848c16fa5"", 4], [""3f8a5ea0e051ba3af7a02da340c911fe0970ebece6c852c3e61a10c00cac6d6e"", 8], [""58eae81bf668e7f6c58619f419a49b5e35e2e5c9c7475475ace28ec562580545"", 1], [""6306079a16b1dec85690f75c715cdbd78b0685a3e19ee30250d481bc32f2e29a"", 1], [""839de9798f377492eee68f82b202d7cd3544be83d799f6226a02f3678c9bb914"", 7], [""bd2d222ee0a636a745434cfb457321cd658db5bb32b5f0a3f5643236cc1503d8"", 1], [""bd2d222ee0a636a745434cfb457321cd658db5bb32b5f0a3f5643236cc1503d8"", 5], [""f4c4d051d514270964adcf58e124569e396602340b7d9172671759de10a95897"", 1]]","[[""f4c4d051d514270964adcf58e124569e396602340b7d9172671759de10a95897"", 1]]",False,
mixed-R1,e9b7a25f2bca575390d55244471366612a7698321f47c4f1eb28724c8448ef7d,Was the same judge involved in both case CFI 010/2024 and case CFI 016/2025?,boolean,null,false,0.0,0.0,0.0,"[[""1a255edc261961ec64870466a27ac4e25b5ebc2abe298e1b69f8dd2fc27288f6"", 75], [""3f8a5ea0e051ba3af7a02da340c911fe0970ebece6c852c3e61a10c00cac6d6e"", 18], [""897ab23ed5a70034d3d708d871ad1da8bc7b6608d94b1ca46b5d578d985d3c13"", 1], [""bd2d222ee0a636a745434cfb457321cd658db5bb32b5f0a3f5643236cc1503d8"", 1], [""d32e76d495ac7d855d805fb71682b98d254520e3799aa4529ebc983212648335"", 1], [""d32e76d495ac7d855d805fb71682b98d254520e3799aa4529ebc983212648335"", 9], [""d32e76d495ac7d855d805fb71682b98d254520e3799aa4529ebc983212648335"", 11], [""f4c4d051d514270964adcf58e124569e396602340b7d9172671759de10a95897"", 1]]","[[""443e04bc1a78940b3fcd5438d24b6c5f182a276d354a3108e738b193675de032"", 1], [""6248961b681ea0deb189f354be0c8286f35974dcdb211c13c921c3dd0e566a6e"", 1]]",True,
mixed-R1,d6eb4a640e0ad690e92c1463e15f5394d36d8f5bb407f0fa4d7413c456c7a5bd,"Under Article 11(1) of the Employment Law 2019, is a provision in an agreement to waive minimum employment requirements void in all circumstances, except where expressly permitted by the Law?",boolean,true,true,1.0,0.16666666666666666,1.0,"[[""33bc02044716acdfedb164b065bdaec098aaadcae863c591f9931c88e7307d16"", 2], [""33bc02044716acdfedb164b065bdaec098aaadcae863c591f9931c88e7307d16"", 3], [""33bc02044716acdfedb164b065bdaec098aaadcae863c591f9931c88e7307d16"", 4], [""33bc02044716acdfedb164b065bdaec098aaadcae863c591f9931c88e7307d16"", 7], [""33bc02044716acdfedb164b065bdaec098aaadcae863c591f9931c88e7307d16"", 24], [""33bc02044716acdfedb164b065bdaec098aaadcae863c591f9931c88e7307d16"", 25]]","[[""33bc02044716acdfedb164b065bdaec098aaadcae863c591f9931c88e7307d16"", 7]]",True,
mixed-R1,88f62d095220495f4a36b31f9f976e726aea7b53f6aead57084c6d8b36dc9814,Which case was issued earlier by the Court of First Instance: CFI 057/2025 or CFI 067/2025?,name,"""CFI 057/2025""","""CFI 057/2025""",1.0,0.0,0.0,"[[""09660f78c26cd56c08c7253ed21ba01fb246092f482ccd8acd8e6f9b6fd2d917"", 7], [""1b446e196b4d1752241c8ff689a31ea705e98ad0c16b9d343c303664f72b64a1"", 1], [""3f8a5ea0e051ba3af7a02da340c911fe0970ebece6c852c3e61a10c00cac6d6e"", 2], [""3f8a5ea0e051ba3af7a02da340c911fe0970ebece6c852c3e61a10c00cac6d6e"", 18], [""6306079a16b1dec85690f75c715cdbd78b0685a3e19ee30250d481bc32f2e29a"", 1], [""897ab23ed5a70034d3d708d871ad1da8bc7b6608d94b1ca46b5d578d985d3c13"", 1], [""d32e76d495ac7d855d805fb71682b98d254520e3799aa4529ebc983212648335"", 1], [""f4c4d051d514270964adcf58e124569e396602340b7d9172671759de10a95897"", 1]]","[[""1b446e196b4d1752241c8ff689a31ea705e98ad0c16b9d343c303664f72b64a1"", 2], [""897ab23ed5a70034d3d708d871ad1da8bc7b6608d94b1ca46b5d578d985d3c13"", 2]]",True,
mixed-R1,dd736c7955429054fc55ea9eb55b96d3feb13e410f27a25651eefe5ecb536575,Which case has an earlier Date of Issue: ENF 269/2023 or SCT 169/2025?,name,"""ENF 269/2023""","""ENF 269/2023""",1.0,0.0,0.0,"[[""3a574fc4f0baa5ec7ff0dcc822d7c55e4f9c493c24addc217c8df3d848c16fa5"", 1], [""3f8a5ea0e051ba3af7a02da340c911fe0970ebece6c852c3e61a10c00cac6d6e"", 18], [""5d3df6d69fac3ef91e13ac835b43a35e9e434fbc7e72ea5c01e288d69b66e6a2"", 1], [""839de9798f377492eee68f82b202d7cd3544be83d799f6226a02f3678c9bb914"", 5], [""839de9798f377492eee68f82b202d7cd3544be83d799f6226a02f3678c9bb914"", 22], [""c98c1475692bc22f4abab6a7a7d7969467c94e46a7e68919aaf127179ebf3f54"", 8], [""c98c1475692bc22f4abab6a7a7d7969467c94e46a7e68919aaf127179ebf3f54"", 9]]","[[""3a574fc4f0baa5ec7ff0dcc822d7c55e4f9c493c24addc217c8df3d848c16fa5"", 2], [""5d3df6d69fac3ef91e13ac835b43a35e9e434fbc7e72ea5c01e288d69b66e6a2"", 3]]",True,
mixed-R1,84941458c4ade946dae84cf5ebc4abf362a6f6e6fec835ba5c43ad2d3b4b14d7,Is there any information about parole hearings in case CFI 057/2025?,free_text,"""There is no information on this question in the provided documents.""","""There is no information on this question in the provided documents.""",1.0,,,"[[""1a255edc261961ec64870466a27ac4e25b5ebc2abe298e1b69f8dd2fc27288f6"", 9], [""3f8a5ea0e051ba3af7a02da340c911fe0970ebece6c852c3e61a10c00cac6d6e"", 2], [""58eae81bf668e7f6c58619f419a49b5e35e2e5c9c7475475ace28ec562580545"", 1], [""839de9798f377492eee68f82b202d7cd3544be83d799f6226a02f3678c9bb914"", 8], [""839de9798f377492eee68f82b202d7cd3544be83d799f6226a02f3678c9bb914"", 17], [""839de9798f377492eee68f82b202d7cd3544be83d799f6226a02f3678c9bb914"", 19], [""bd2d222ee0a636a745434cfb457321cd658db5bb32b5f0a3f5643236cc1503d8"", 2]]",[],False,The answer appropriately abstains and matches the reference. No issues detected.
mixed-R1,ff1b357588e9b5881ec9b1558ede2892e7cbf42a6787a1cbb922b45318f66778,"According to the title page of the DIFC Law on the Application of Civil and Commercial Laws, what is its official law number?",number,3,3,1.0,0.14285714285714285,1.0,"[[""22442c5ee999e2519c68de908be511875a84f2b810ed540c2dcfcbcc65031434"", 1], [""536bbce854b9406cc22697e04fcdabd645e030c0e55b918252643b00e0b2b25f"", 1], [""72ea171147bf30326fe6fd2e6798f607c7cef4bf9d43761dbccd2f1b6a356849"", 1], [""ff746f7b583490a80ba104361c0a82a1ebbf7ed9097cd03dc49d744cb5057761"", 1], [""ff746f7b583490a80ba104361c0a82a1ebbf7ed9097cd03dc49d744cb5057761"", 2], [""ff746f7b583490a80ba104361c0a82a1ebbf7ed9097cd03dc49d744cb5057761"", 3], [""ff746f7b583490a80ba104361c0a82a1ebbf7ed9097cd03dc49d744cb5057761"", 7]]","[[""ff746f7b583490a80ba104361c0a82a1ebbf7ed9097cd03dc49d744cb5057761"", 1]]",False,
mixed-R1,f2ea23e9f861379a5c049830b57dcb499d4e6ce51013e64d49722b5845139e22,"Under Article 22 of the Operating Law 2018, for how many years from the date the Registrar becomes aware of an act or omission can the Registrar exercise powers in respect of a former Registered Person removed from the Public Register?",number,3,3,1.0,0.16666666666666666,1.0,"[[""72ea171147bf30326fe6fd2e6798f607c7cef4bf9d43761dbccd2f1b6a356849"", 15], [""72ea171147bf30326fe6fd2e6798f607c7cef4bf9d43761dbccd2f1b6a356849"", 20], [""72ea171147bf30326fe6fd2e6798f607c7cef4bf9d43761dbccd2f1b6a356849"", 21], [""72ea171147bf30326fe6fd2e6798f607c7cef4bf9d43761dbccd2f1b6a356849"", 22], [""72ea171147bf30326fe6fd2e6798f607c7cef4bf9d43761dbccd2f1b6a356849"", 23], [""72ea171147bf30326fe6fd2e6798f607c7cef4bf9d43761dbccd2f1b6a356849"", 24]]","[[""72ea171147bf30326fe6fd2e6798f607c7cef4bf9d43761dbccd2f1b6a356849"", 15]]",False,
mixed-R1,095cb50318776a3b8ef11769cd941775694c194924783ee31109c25e3306600e,Who is responsible for administering the Employment Law and any Regulations made under it?,free_text,"""The DIFCA is responsible for administering the Employment Law and any Regulations made under it.""","""The DIFCA administers the Employment Law and any Regulations made under it.""",1.0,0.14285714285714285,1.0,"[[""22442c5ee999e2519c68de908be511875a84f2b810ed540c2dcfcbcc65031434"", 4], [""33bc02044716acdfedb164b065bdaec098aaadcae863c591f9931c88e7307d16"", 2], [""33bc02044716acdfedb164b065bdaec098aaadcae863c591f9931c88e7307d16"", 4], [""33bc02044716acdfedb164b065bdaec098aaadcae863c591f9931c88e7307d16"", 5], [""33bc02044716acdfedb164b065bdaec098aaadcae863c591f9931c88e7307d16"", 6], [""33bc02044716acdfedb164b065bdaec098aaadcae863c591f9931c88e7307d16"", 37], [""72ea171147bf30326fe6fd2e6798f607c7cef4bf9d43761dbccd2f1b6a356849"", 41]]","[[""33bc02044716acdfedb164b065bdaec098aaadcae863c591f9931c88e7307d16"", 6]]",True,Matches the reference and is directly supported by the cited evidence stating that the Law and any Regulations made under it shall be administered by the DIFCA.
mixed-R1,c2cf8224f1166780b25c77feede37101c514517ed61485c9ae31f6b1eb8c744b,Who administers the Foundations Law?,free_text,"""The Foundations Law is administered by the Registrar.""","""The Registrar administers the Foundations Law.""",1.0,0.14285714285714285,1.0,"[[""22442c5ee999e2519c68de908be511875a84f2b810ed540c2dcfcbcc65031434"", 2], [""22442c5ee999e2519c68de908be511875a84f2b810ed540c2dcfcbcc65031434"", 4], [""22442c5ee999e2519c68de908be511875a84f2b810ed540c2dcfcbcc65031434"", 8], [""22442c5ee999e2519c68de908be511875a84f2b810ed540c2dcfcbcc65031434"", 9], [""22442c5ee999e2519c68de908be511875a84f2b810ed540c2dcfcbcc65031434"", 18], [""22442c5ee999e2519c68de908be511875a84f2b810ed540c2dcfcbcc65031434"", 25], [""22442c5ee999e2519c68de908be511875a84f2b810ed540c2dcfcbcc65031434"", 42]]","[[""22442c5ee999e2519c68de908be511875a84f2b810ed540c2dcfcbcc65031434"", 4]]",False,All criteria satisfied; the submission matches the reference and is directly supported by the cited law text stating the Law is administered by the Registrar.
mixed-R1,cd69f5dfe06d2e7afac26c7b332ea925987864cc6730f90cce020d34d823abbe,What is the purpose of Article 9(1) of the Foundations Law?,free_text,"""There is no information on this question in the provided documents.""","""It empowers the DIFCA Board to make regulations to facilitate the administration of, or further the objects of, the Foundations Law.""",0.4,0.125,1.0,"[[""22442c5ee999e2519c68de908be511875a84f2b810ed540c2dcfcbcc65031434"", 2], [""22442c5ee999e2519c68de908be511875a84f2b810ed540c2dcfcbcc65031434"", 4], [""22442c5ee999e2519c68de908be511875a84f2b810ed540c2dcfcbcc65031434"", 6], [""22442c5ee999e2519c68de908be511875a84f2b810ed540c2dcfcbcc65031434"", 7], [""22442c5ee999e2519c68de908be511875a84f2b810ed540c2dcfcbcc65031434"", 9], [""22442c5ee999e2519c68de908be511875a84f2b810ed540c2dcfcbcc65031434"", 18], [""22442c5ee999e2519c68de908be511875a84f2b810ed540c2dcfcbcc65031434"", 30], [""22442c5ee999e2519c68de908be511875a84f2b810ed540c2dcfcbcc65031434"", 42]]","[[""22442c5ee999e2519c68de908be511875a84f2b810ed540c2dcfcbcc65031434"", 4]]",False,"The submission does not answer the question; Article 9(1) is about the DIFCA Board’s power to make regulations to facilitate administration of, or further the objects of, the Law. The abstention is clear, but it is incomplete and incorrect relative to the reference. The high confidence is not well calibrated for an unsupported/incorrect answer."
mixed-R2,30ab0e56ee0c43b5bf94fd9657c7f7ac24f0e7be29ced2933437f7a234713cd7,"Under Article 8(1) of the Operating Law 2018, is a person permitted to operate or conduct business in or from the DIFC without being incorporated, registered, or continued under a Prescribed Law or other Legislation administered by the Registrar?",boolean,false,false,1.0,0.25,1.0,"[[""22442c5ee999e2519c68de908be511875a84f2b810ed540c2dcfcbcc65031434"", 21], [""72ea171147bf30326fe6fd2e6798f607c7cef4bf9d43761dbccd2f1b6a356849"", 4], [""72ea171147bf30326fe6fd2e6798f607c7cef4bf9d43761dbccd2f1b6a356849"", 8], [""b82ac8228e051d96bf8d706d3251893ebff1c9457b066fce3b7cb99af956f2a7"", 17]]","[[""72ea171147bf30326fe6fd2e6798f607c7cef4bf9d43761dbccd2f1b6a356849"", 8]]",False,
mixed-R2,331b267822eaa013b4a79d92f2ac5118052a57150df9a29d7d11c531f02d23cf,What is the Date of Issue of the document in case CFI 057/2025?,date,"""2026-01-21""","""2026-02-02""",0.0,0.0,0.0,"[[""1a255edc261961ec64870466a27ac4e25b5ebc2abe298e1b69f8dd2fc27288f6"", 7], [""33bc02044716acdfedb164b065bdaec098aaadcae863c591f9931c88e7307d16"", 22], [""33bc02044716acdfedb164b065bdaec098aaadcae863c591f9931c88e7307d16"", 42], [""33bc02044716acdfedb164b065bdaec098aaadcae863c591f9931c88e7307d16"", 44], [""437568a801115019fe8278385c0484bdf07ab86f9a499ecaba2b7969b37c764b"", 15], [""58eae81bf668e7f6c58619f419a49b5e35e2e5c9c7475475ace28ec562580545"", 1], [""839de9798f377492eee68f82b202d7cd3544be83d799f6226a02f3678c9bb914"", 1], [""839de9798f377492eee68f82b202d7cd3544be83d799f6226a02f3678c9bb914"", 7]]","[[""1b446e196b4d1752241c8ff689a31ea705e98ad0c16b9d343c303664f72b64a1"", 2]]",True,
mixed-R2,5d271fced60d88e008a69adc2da21de427906206bfb49f5554a3bf1dd6f72772,"According to the title page of the Common Reporting Standard Law, what is its official DIFC Law number?",number,2,2,1.0,0.25,1.0,"[[""fbdd7f9dd299d83b1f398778da2e6765dfaaed62005667264734a1f76ec09071"", 1], [""fbdd7f9dd299d83b1f398778da2e6765dfaaed62005667264734a1f76ec09071"", 3], [""fbdd7f9dd299d83b1f398778da2e6765dfaaed62005667264734a1f76ec09071"", 15], [""fbdd7f9dd299d83b1f398778da2e6765dfaaed62005667264734a1f76ec09071"", 16]]","[[""fbdd7f9dd299d83b1f398778da2e6765dfaaed62005667264734a1f76ec09071"", 1]]",False,
mixed-R2,358bf0caaa87ba7e11698c5e0bb230f5742c141f2da8a3e8969cee41ef0f7841,Do cases SCT 295/2025 and SCT 514/2025 involve any of the same legal entities or individuals as main parties?,boolean,null,false,0.0,0.0,0.0,"[[""33bc02044716acdfedb164b065bdaec098aaadcae863c591f9931c88e7307d16"", 24], [""3a574fc4f0baa5ec7ff0dcc822d7c55e4f9c493c24addc217c8df3d848c16fa5"", 1], [""3a574fc4f0baa5ec7ff0dcc822d7c55e4f9c493c24addc217c8df3d848c16fa5"", 3], [""3a574fc4f0baa5ec7ff0dcc822d7c55e4f9c493c24addc217c8df3d848c16fa5"", 4], [""536bbce854b9406cc22697e04fcdabd645e030c0e55b918252643b00e0b2b25f"", 6], [""839de9798f377492eee68f82b202d7cd3544be83d799f6226a02f3678c9bb914"", 28]]","[[""09660f78c26cd56c08c7253ed21ba01fb246092f482ccd8acd8e6f9b6fd2d917"", 1], [""6306079a16b1dec85690f75c715cdbd78b0685a3e19ee30250d481bc32f2e29a"", 1]]",True,
mixed-R2,bce4c288236518dfd08f6bac5a75c75ea79b1250347c4b998252fa9d7265a7c3,What kind of liability do Partners have under Article 28(1) of the General Partnership Law 2004?,free_text,"""Under Article 28(1), each Partner has joint and several liability with the other Partners for all debts and obligations of the General Partnership incurred while he is a Partner, unless otherwise agreed by all the other Partners.""","""Partners are jointly and severally liable with the other Partners for all debts and obligations of the General Partnership incurred while they are Partners.""",1.0,0.2,1.0,"[[""302a0bd8d67775e8dc5960ecec7879be566300d8b32c4b0153ba15ebdb279425"", 10], [""302a0bd8d67775e8dc5960ecec7879be566300d8b32c4b0153ba15ebdb279425"", 11], [""b82ac8228e051d96bf8d706d3251893ebff1c9457b066fce3b7cb99af956f2a7"", 1], [""b82ac8228e051d96bf8d706d3251893ebff1c9457b066fce3b7cb99af956f2a7"", 2], [""b82ac8228e051d96bf8d706d3251893ebff1c9457b066fce3b7cb99af956f2a7"", 24]]","[[""302a0bd8d67775e8dc5960ecec7879be566300d8b32c4b0153ba15ebdb279425"", 10]]",False,The answer matches the reference: partners have joint and several liability for partnership debts and obligations incurred while they are partners. The added exception clause is supported by the evidence and does not conflict with the reference.
mixed-R2,6863a7f4a5e76694620518758411bc743142897fa8077f2a73701b89fa2d0b0f,"Under the Foundations Law DIFC Law No. 3 of 2018, what is the maximum fine for failing to provide a copy of an assignment of rights to the Registered Agent or Registrar within 30 days?",free_text,"""There is no information on this question in the provided documents.""","""The maximum fine is USD 1,500.""",0.2,0.16666666666666666,0.5,"[[""22442c5ee999e2519c68de908be511875a84f2b810ed540c2dcfcbcc65031434"", 6], [""22442c5ee999e2519c68de908be511875a84f2b810ed540c2dcfcbcc65031434"", 16], [""22442c5ee999e2519c68de908be511875a84f2b810ed540c2dcfcbcc65031434"", 26], [""22442c5ee999e2519c68de908be511875a84f2b810ed540c2dcfcbcc65031434"", 34], [""72ea171147bf30326fe6fd2e6798f607c7cef4bf9d43761dbccd2f1b6a356849"", 10], [""72ea171147bf30326fe6fd2e6798f607c7cef4bf9d43761dbccd2f1b6a356849"", 43]]","[[""22442c5ee999e2519c68de908be511875a84f2b810ed540c2dcfcbcc65031434"", 6], [""22442c5ee999e2519c68de908be511875a84f2b810ed540c2dcfcbcc65031434"", 46]]",False,"The submission is incorrect because the reference gives a maximum fine of USD 1,500. It is also incomplete because it does not answer the question. The claim that there is no information is contradicted by the supplied evidence. Confidence is too high for an unsupported abstention."
mixed-R2,150d4428704ea7ce7452509bda9c25f4d242b2395114ed0ed59388b87660f218,"Under the Operating Law - DIFC Law No. 7 of 2018, who is responsible for appointing and dismissing the Registrar?",free_text,"""The Board of Directors of the DIFCA is responsible for appointing and dismissing the Registrar, and it must consult the President before doing so.""","""The Board of Directors of the DIFCA appoints and may dismiss the Registrar, after consulting the President.""",1.0,0.14285714285714285,1.0,"[[""302a0bd8d67775e8dc5960ecec7879be566300d8b32c4b0153ba15ebdb279425"", 21], [""72ea171147bf30326fe6fd2e6798f607c7cef4bf9d43761dbccd2f1b6a356849"", 5], [""72ea171147bf30326fe6fd2e6798f607c7cef4bf9d43761dbccd2f1b6a356849"", 6], [""72ea171147bf30326fe6fd2e6798f607c7cef4bf9d43761dbccd2f1b6a356849"", 40], [""b82ac8228e051d96bf8d706d3251893ebff1c9457b066fce3b7cb99af956f2a7"", 23], [""b82ac8228e051d96bf8d706d3251893ebff1c9457b066fce3b7cb99af956f2a7"", 24], [""fbdd7f9dd299d83b1f398778da2e6765dfaaed62005667264734a1f76ec09071"", 16]]","[[""72ea171147bf30326fe6fd2e6798f607c7cef4bf9d43761dbccd2f1b6a356849"", 5]]",False,"The submission matches the reference: the DIFCA Board of Directors appoints and may dismiss the Registrar, after consulting the President."
mixed-R2,39890efe7db1258f568e838c284020a9fc79b8bf0deddab76fdf853c9b0171ed,Is there any main party common to both case CFI 057/2025 and case SCT 295/2025?,boolean,null,false,0.0,0.0,0.0,"[[""33bc02044716acdfedb164b065bdaec098aaadcae863c591f9931c88e7307d16"", 1], [""33bc02044716acdfedb164b065bdaec098aaadcae863c591f9931c88e7307d16"", 44], [""3a574fc4f0baa5ec7ff0dcc822d7c55e4f9c493c24addc217c8df3d848c16fa5"", 1], [""536bbce854b9406cc22697e04fcdabd645e030c0e55b918252643b00e0b2b25f"", 13], [""839de9798f377492eee68f82b202d7cd3544be83d799f6226a02f3678c9bb914"", 6], [""839de9798f377492eee68f82b202d7cd3544be83d799f6226a02f3678c9bb914"", 7]]","[[""09660f78c26cd56c08c7253ed21ba01fb246092f482ccd8acd8e6f9b6fd2d917"", 1], [""1b446e196b4d1752241c8ff689a31ea705e98ad0c16b9d343c303664f72b64a1"", 1]]",True,
mixed-R2,acd0ddc6715f2bccf5076dc47e6874a8ecb782dd10c0b162071f890ad96bef47,"Between SCT 295/2025 and SCT 514/2025, which document has the earlier issue date?",name,null,"""SCT 295/2025""",0.0,0.0,0.0,"[[""33bc02044716acdfedb164b065bdaec098aaadcae863c591f9931c88e7307d16"", 1], [""33bc02044716acdfedb164b065bdaec098aaadcae863c591f9931c88e7307d16"", 31], [""33bc02044716acdfedb164b065bdaec098aaadcae863c591f9931c88e7307d16"", 44], [""3a574fc4f0baa5ec7ff0dcc822d7c55e4f9c493c24addc217c8df3d848c16fa5"", 1], [""72ea171147bf30326fe6fd2e6798f607c7cef4bf9d43761dbccd2f1b6a356849"", 43]]","[[""09660f78c26cd56c08c7253ed21ba01fb246092f482ccd8acd8e6f9b6fd2d917"", 2], [""6306079a16b1dec85690f75c715cdbd78b0685a3e19ee30250d481bc32f2e29a"", 2]]",True,
mixed-R2,436c12cc4eb26087bd1540f5d47825712632e90b4d5b2bca6c52e3b26151f874,What was the result of the application heard in case CFI 057/2025?,free_text,"""There is no information on this question in the provided documents.""","""The Defendant's Permission to Appeal Application was refused, and the Defendant was ordered to pay the Claimant's costs of the application.""",0.2,0.0,0.0,"[[""1a255edc261961ec64870466a27ac4e25b5ebc2abe298e1b69f8dd2fc27288f6"", 2], [""437568a801115019fe8278385c0484bdf07ab86f9a499ecaba2b7969b37c764b"", 7], [""443e04bc1a78940b3fcd5438d24b6c5f182a276d354a3108e738b193675de032"", 2], [""58eae81bf668e7f6c58619f419a49b5e35e2e5c9c7475475ace28ec562580545"", 1], [""6248961b681ea0deb189f354be0c8286f35974dcdb211c13c921c3dd0e566a6e"", 1], [""839de9798f377492eee68f82b202d7cd3544be83d799f6226a02f3678c9bb914"", 19], [""897ab23ed5a70034d3d708d871ad1da8bc7b6608d94b1ca46b5d578d985d3c13"", 1], [""bd2d222ee0a636a745434cfb457321cd658db5bb32b5f0a3f5643236cc1503d8"", 5]]","[[""1b446e196b4d1752241c8ff689a31ea705e98ad0c16b9d343c303664f72b64a1"", 2]]",True,"The response is a clear abstention, but it is incorrect because the case result was that the Defendant’s Permission to Appeal Application was refused and the Defendant was ordered to pay the Claimant’s costs. The claim that no information is available is not supported by the reference/evidence, and the abstention is not appropriate given that a specific outcome is available."
mixed-R2,4fa07316db9a19980de495d2190350cc4b494ae0ab741cda7784e895709719e1,"Between CFI 010/2024 and SCT 169/2025, which document has the earlier issue date?",name,null,"""SCT 169/2025""",0.0,0.125,0.5,"[[""0471e83c1ea18086cfb6b3ff51da6f22b0efee337f10315b2593f782297ccb84"", 1], [""22442c5ee999e2519c68de908be511875a84f2b810ed540c2dcfcbcc65031434"", 1], [""33bc02044716acdfedb164b065bdaec098aaadcae863c591f9931c88e7307d16"", 1], [""3a574fc4f0baa5ec7ff0dcc822d7c55e4f9c493c24addc217c8df3d848c16fa5"", 1], [""4e387152960c1029b3711cacb05b287b13c977bc61f2558059a62b7b427a62eb"", 1], [""62930da32fa3172edf2f2bbf3da268455bd99a7b5fab34d72358730d8cd5da30"", 1], [""72ea171147bf30326fe6fd2e6798f607c7cef4bf9d43761dbccd2f1b6a356849"", 1], [""c98c1475692bc22f4abab6a7a7d7969467c94e46a7e68919aaf127179ebf3f54"", 1]]","[[""3a574fc4f0baa5ec7ff0dcc822d7c55e4f9c493c24addc217c8df3d848c16fa5"", 1], [""443e04bc1a78940b3fcd5438d24b6c5f182a276d354a3108e738b193675de032"", 1]]",True,
mixed-R2,1a80e5dc69fb76a97c0ada049df2425c9f06de373bbb9ee5b39dbd1f12f85387,"From the title pages of all documents in case CA 005/2025 and case CFI 067/2025, identify whether any individual or company is named as a main party in both cases.",boolean,null,false,0.0,0.0,0.0,"[[""0471e83c1ea18086cfb6b3ff51da6f22b0efee337f10315b2593f782297ccb84"", 1], [""3a574fc4f0baa5ec7ff0dcc822d7c55e4f9c493c24addc217c8df3d848c16fa5"", 1], [""536bbce854b9406cc22697e04fcdabd645e030c0e55b918252643b00e0b2b25f"", 2], [""536bbce854b9406cc22697e04fcdabd645e030c0e55b918252643b00e0b2b25f"", 7], [""58eae81bf668e7f6c58619f419a49b5e35e2e5c9c7475475ace28ec562580545"", 1], [""839de9798f377492eee68f82b202d7cd3544be83d799f6226a02f3678c9bb914"", 6], [""839de9798f377492eee68f82b202d7cd3544be83d799f6226a02f3678c9bb914"", 7], [""c98c1475692bc22f4abab6a7a7d7969467c94e46a7e68919aaf127179ebf3f54"", 1]]","[[""03b621728fe29eb6113fcdb57f6458d793fd2d5c5b833ae26d40f04a29c85359"", 1], [""437568a801115019fe8278385c0484bdf07ab86f9a499ecaba2b7969b37c764b"", 1], [""897ab23ed5a70034d3d708d871ad1da8bc7b6608d94b1ca46b5d578d985d3c13"", 1]]",True,
mixed-R2,9f9fb4b911d75c22f2c9a42bb852848ac45594179a7d0d126c8ef0ac8941b18d,Do cases CA 004/2025 and SCT 295/2025 involve any of the same legal entities or individuals as parties?,boolean,null,false,0.0,0.14285714285714285,0.5,"[[""3a574fc4f0baa5ec7ff0dcc822d7c55e4f9c493c24addc217c8df3d848c16fa5"", 1], [""536bbce854b9406cc22697e04fcdabd645e030c0e55b918252643b00e0b2b25f"", 13], [""78ffe994cdc61ce6a2a6937c79fc52751bb5d2b4eaa4019f088fbccf70569c26"", 1], [""839de9798f377492eee68f82b202d7cd3544be83d799f6226a02f3678c9bb914"", 1], [""839de9798f377492eee68f82b202d7cd3544be83d799f6226a02f3678c9bb914"", 6], [""839de9798f377492eee68f82b202d7cd3544be83d799f6226a02f3678c9bb914"", 7], [""839de9798f377492eee68f82b202d7cd3544be83d799f6226a02f3678c9bb914"", 11]]","[[""09660f78c26cd56c08c7253ed21ba01fb246092f482ccd8acd8e6f9b6fd2d917"", 1], [""78ffe994cdc61ce6a2a6937c79fc52751bb5d2b4eaa4019f088fbccf70569c26"", 1]]",True,
mixed-R2,d374bee20e02f7f384e766dd792856c6457f99fc1491e5fee2e6cd50a4d856b7,Identify whether any person or company is a main party to both ENF 269/2023 and SCT 514/2025.,boolean,null,false,0.0,0.0,0.0,"[[""33bc02044716acdfedb164b065bdaec098aaadcae863c591f9931c88e7307d16"", 44], [""3a574fc4f0baa5ec7ff0dcc822d7c55e4f9c493c24addc217c8df3d848c16fa5"", 1], [""536bbce854b9406cc22697e04fcdabd645e030c0e55b918252643b00e0b2b25f"", 2], [""536bbce854b9406cc22697e04fcdabd645e030c0e55b918252643b00e0b2b25f"", 6], [""536bbce854b9406cc22697e04fcdabd645e030c0e55b918252643b00e0b2b25f"", 9], [""839de9798f377492eee68f82b202d7cd3544be83d799f6226a02f3678c9bb914"", 6]]","[[""5d3df6d69fac3ef91e13ac835b43a35e9e434fbc7e72ea5c01e288d69b66e6a2"", 1], [""6306079a16b1dec85690f75c715cdbd78b0685a3e19ee30250d481bc32f2e29a"", 1]]",True,
mixed-R2,8de44b7964cdde111c1a33ac4cc13948b7b4e14fd120351fcb5a5bfb2b2dfff0,Identify the case with the higher monetary claim: SCT 169/2025 or SCT 295/2025?,name,null,"""SCT 169/2025""",0.0,0.0,0.0,"[[""3a574fc4f0baa5ec7ff0dcc822d7c55e4f9c493c24addc217c8df3d848c16fa5"", 1], [""3a574fc4f0baa5ec7ff0dcc822d7c55e4f9c493c24addc217c8df3d848c16fa5"", 3], [""58eae81bf668e7f6c58619f419a49b5e35e2e5c9c7475475ace28ec562580545"", 1], [""58eae81bf668e7f6c58619f419a49b5e35e2e5c9c7475475ace28ec562580545"", 3], [""62930da32fa3172edf2f2bbf3da268455bd99a7b5fab34d72358730d8cd5da30"", 1]]","[[""09660f78c26cd56c08c7253ed21ba01fb246092f482ccd8acd8e6f9b6fd2d917"", 2], [""3a574fc4f0baa5ec7ff0dcc822d7c55e4f9c493c24addc217c8df3d848c16fa5"", 2]]",True,
mixed-R2,a8813f8f56099bd156b5fe797cc44b061d2a54fb69ca2e748ffb7cc462eaa85e,Which case has an earlier Date of Issue: CFI 010/2024 or CFI 016/2025?,name,null,"""CFI 010/2024""",0.0,0.0,0.0,"[[""0471e83c1ea18086cfb6b3ff51da6f22b0efee337f10315b2593f782297ccb84"", 1], [""22442c5ee999e2519c68de908be511875a84f2b810ed540c2dcfcbcc65031434"", 1], [""33bc02044716acdfedb164b065bdaec098aaadcae863c591f9931c88e7307d16"", 1], [""4e387152960c1029b3711cacb05b287b13c977bc61f2558059a62b7b427a62eb"", 1], [""62930da32fa3172edf2f2bbf3da268455bd99a7b5fab34d72358730d8cd5da30"", 1], [""72ea171147bf30326fe6fd2e6798f607c7cef4bf9d43761dbccd2f1b6a356849"", 1], [""c98c1475692bc22f4abab6a7a7d7969467c94e46a7e68919aaf127179ebf3f54"", 1]]","[[""443e04bc1a78940b3fcd5438d24b6c5f182a276d354a3108e738b193675de032"", 1], [""6248961b681ea0deb189f354be0c8286f35974dcdb211c13c921c3dd0e566a6e"", 1]]",True,
mixed-R2,fcabd6aa14e2df4b7ca00fa516a70eba6de58b74dfde30270e3fe3eec6d1da7a,Which specific DIFC Laws were amended by DIFC Law No. 2 of 2022?,free_text,"""DIFC Law No. 2 of 2022 amended the following DIFC Laws: the Common Reporting Standard Law (DIFC Law No. 2 of 2018), the DIFC Employment Law (DIFC Law No. 2 of 2019), and the DIFC Personal Property Law (DIFC Law No. 9 of 2005).""","""Common Reporting Standard Law, Employment Law, Foundations Law, General Partnership Law, Limited Liability Partnership Law, Personal Property Law, Trust Law, and the Law on the Application of Civil and Commercial Laws in the DIFC.""",0.4,0.8571428571428571,0.75,"[[""22442c5ee999e2519c68de908be511875a84f2b810ed540c2dcfcbcc65031434"", 1], [""302a0bd8d67775e8dc5960ecec7879be566300d8b32c4b0153ba15ebdb279425"", 1], [""33bc02044716acdfedb164b065bdaec098aaadcae863c591f9931c88e7307d16"", 1], [""536bbce854b9406cc22697e04fcdabd645e030c0e55b918252643b00e0b2b25f"", 1], [""72ea171147bf30326fe6fd2e6798f607c7cef4bf9d43761dbccd2f1b6a356849"", 1], [""fbdd7f9dd299d83b1f398778da2e6765dfaaed62005667264734a1f76ec09071"", 1], [""ff746f7b583490a80ba104361c0a82a1ebbf7ed9097cd03dc49d744cb5057761"", 1]]","[[""22442c5ee999e2519c68de908be511875a84f2b810ed540c2dcfcbcc65031434"", 1], [""302a0bd8d67775e8dc5960ecec7879be566300d8b32c4b0153ba15ebdb279425"", 1], [""33bc02044716acdfedb164b065bdaec098aaadcae863c591f9931c88e7307d16"", 1], [""4e387152960c1029b3711cacb05b287b13c977bc61f2558059a62b7b427a62eb"", 1], [""536bbce854b9406cc22697e04fcdabd645e030c0e55b918252643b00e0b2b25f"", 1], [""b82ac8228e051d96bf8d706d3251893ebff1c9457b066fce3b7cb99af956f2a7"", 1], [""fbdd7f9dd299d83b1f398778da2e6765dfaaed62005667264734a1f76ec09071"", 1], [""ff746f7b583490a80ba104361c0a82a1ebbf7ed9097cd03dc49d744cb5057761"", 1]]",True,"The submission names three amended laws that are supported by the evidence, but it omits several others listed in the reference (Foundations Law, General Partnership Law, Limited Liability Partnership Law, Trust Law, and the Law on the Application of Civil and Commercial Laws in the DIFC). Its high confidence is not well calibrated given the incomplete answer."
mixed-R2,e59a0dc49c291402ead91342b065bc4e9ded0043d126f73dd00ba6045aae46b7,"Under Article 14(1) of the Employment Law 2019, how many days does an Employer have to provide an Employee with a written Employment Contract after the commencement of employment?",number,null,7,0.0,0.14285714285714285,1.0,"[[""33bc02044716acdfedb164b065bdaec098aaadcae863c591f9931c88e7307d16"", 7], [""33bc02044716acdfedb164b065bdaec098aaadcae863c591f9931c88e7307d16"", 11], [""33bc02044716acdfedb164b065bdaec098aaadcae863c591f9931c88e7307d16"", 12], [""33bc02044716acdfedb164b065bdaec098aaadcae863c591f9931c88e7307d16"", 15], [""33bc02044716acdfedb164b065bdaec098aaadcae863c591f9931c88e7307d16"", 17], [""33bc02044716acdfedb164b065bdaec098aaadcae863c591f9931c88e7307d16"", 29], [""33bc02044716acdfedb164b065bdaec098aaadcae863c591f9931c88e7307d16"", 42]]","[[""33bc02044716acdfedb164b065bdaec098aaadcae863c591f9931c88e7307d16"", 7]]",True,
mixed-R2,359f1c315f2ac48e6b34ecfa503c6b9c892365985b363dc9a4e3c85563550d05,Who is the defendant in case ARB 034/2025?,name,"""Onora""","""Onora""",1.0,0.5,1.0,"[[""58eae81bf668e7f6c58619f419a49b5e35e2e5c9c7475475ace28ec562580545"", 1], [""62930da32fa3172edf2f2bbf3da268455bd99a7b5fab34d72358730d8cd5da30"", 1]]","[[""58eae81bf668e7f6c58619f419a49b5e35e2e5c9c7475475ace28ec562580545"", 1]]",True,
mixed-R2,2fc105ec9d11e361b057e8ce21245fbc01f14cefe5ccddada9d7541c952106d2,"If a Muslim Employee works during the holy month of Ramadan, what is the maximum number of hours they can be required to work each day according to Article 23 of the Employment Law 2019?",number,6,6,1.0,0.2,1.0,"[[""33bc02044716acdfedb164b065bdaec098aaadcae863c591f9931c88e7307d16"", 2], [""33bc02044716acdfedb164b065bdaec098aaadcae863c591f9931c88e7307d16"", 8], [""33bc02044716acdfedb164b065bdaec098aaadcae863c591f9931c88e7307d16"", 14], [""33bc02044716acdfedb164b065bdaec098aaadcae863c591f9931c88e7307d16"", 16], [""33bc02044716acdfedb164b065bdaec098aaadcae863c591f9931c88e7307d16"", 35]]","[[""33bc02044716acdfedb164b065bdaec098aaadcae863c591f9931c88e7307d16"", 14]]",True,
mixed-R2,b667804a5541a24d40f211b3febc69fa5e633d52a08baf9ce6735832ea4e5ec1,"Based on the full case files for DEC 001/2025 and CFI 057/2025, was there any judge involved in both cases?",boolean,false,false,1.0,0.0,0.0,"[[""1a255edc261961ec64870466a27ac4e25b5ebc2abe298e1b69f8dd2fc27288f6"", 2], [""3a574fc4f0baa5ec7ff0dcc822d7c55e4f9c493c24addc217c8df3d848c16fa5"", 1], [""3a574fc4f0baa5ec7ff0dcc822d7c55e4f9c493c24addc217c8df3d848c16fa5"", 4], [""437568a801115019fe8278385c0484bdf07ab86f9a499ecaba2b7969b37c764b"", 4], [""437568a801115019fe8278385c0484bdf07ab86f9a499ecaba2b7969b37c764b"", 7], [""78ffe994cdc61ce6a2a6937c79fc52751bb5d2b4eaa4019f088fbccf70569c26"", 1], [""d32e76d495ac7d855d805fb71682b98d254520e3799aa4529ebc983212648335"", 4]]","[[""1b446e196b4d1752241c8ff689a31ea705e98ad0c16b9d343c303664f72b64a1"", 1], [""3f8a5ea0e051ba3af7a02da340c911fe0970ebece6c852c3e61a10c00cac6d6e"", 1], [""839de9798f377492eee68f82b202d7cd3544be83d799f6226a02f3678c9bb914"", 1]]",True,
mixed-R2,b1d0245bb7c71b42f08a4cdbec612a56715295223472ac5a45af31811ada2f3b,"Under the Operating Law 2018, can the Registrar be held liable for acts or omissions in performing their functions if the act or omission is shown to have been in bad faith, according to Article 7(8)?",boolean,true,true,1.0,0.14285714285714285,1.0,"[[""22442c5ee999e2519c68de908be511875a84f2b810ed540c2dcfcbcc65031434"", 39], [""72ea171147bf30326fe6fd2e6798f607c7cef4bf9d43761dbccd2f1b6a356849"", 7], [""72ea171147bf30326fe6fd2e6798f607c7cef4bf9d43761dbccd2f1b6a356849"", 19], [""72ea171147bf30326fe6fd2e6798f607c7cef4bf9d43761dbccd2f1b6a356849"", 20], [""72ea171147bf30326fe6fd2e6798f607c7cef4bf9d43761dbccd2f1b6a356849"", 27], [""72ea171147bf30326fe6fd2e6798f607c7cef4bf9d43761dbccd2f1b6a356849"", 33], [""b82ac8228e051d96bf8d706d3251893ebff1c9457b066fce3b7cb99af956f2a7"", 24]]","[[""72ea171147bf30326fe6fd2e6798f607c7cef4bf9d43761dbccd2f1b6a356849"", 7]]",False,
mixed-R2,ad7357a7eb955085f6438dfcaf44324de7fcf88da86c846242e173eacdeebfda,What was the result of the application heard in case SCT 169/2025?,free_text,"""In SCT 169/2025, the request for an oral hearing of the application was refused.""","""The Permission to Appeal Application was refused, the adjournment request was refused, and there was no order as to costs.""",0.4,0.0,0.0,"[[""1a255edc261961ec64870466a27ac4e25b5ebc2abe298e1b69f8dd2fc27288f6"", 8], [""3a574fc4f0baa5ec7ff0dcc822d7c55e4f9c493c24addc217c8df3d848c16fa5"", 1], [""3a574fc4f0baa5ec7ff0dcc822d7c55e4f9c493c24addc217c8df3d848c16fa5"", 4], [""437568a801115019fe8278385c0484bdf07ab86f9a499ecaba2b7969b37c764b"", 7], [""839de9798f377492eee68f82b202d7cd3544be83d799f6226a02f3678c9bb914"", 19], [""bd2d222ee0a636a745434cfb457321cd658db5bb32b5f0a3f5643236cc1503d8"", 5], [""f4c4d051d514270964adcf58e124569e396602340b7d9172671759de10a95897"", 1], [""f4c4d051d514270964adcf58e124569e396602340b7d9172671759de10a95897"", 2]]","[[""3a574fc4f0baa5ec7ff0dcc822d7c55e4f9c493c24addc217c8df3d848c16fa5"", 2]]",True,"The submission is supported by the evidence for the oral-hearing request, but it does not answer the full result in the reference. The reference says the Permission to Appeal Application was refused, the adjournment request was refused, and there was no order as to costs. The confidence is too high for this partial answer."
mixed-R2,0aba04f64851d1419be984476f91f278e6ada2d6c536fd119d7ab37a8ed06593,Do cases CFI 067/2025 and SCT 514/2025 involve any of the same legal entities or individuals as main parties?,boolean,null,false,0.0,0.0,0.0,"[[""33bc02044716acdfedb164b065bdaec098aaadcae863c591f9931c88e7307d16"", 3], [""33bc02044716acdfedb164b065bdaec098aaadcae863c591f9931c88e7307d16"", 35], [""3a574fc4f0baa5ec7ff0dcc822d7c55e4f9c493c24addc217c8df3d848c16fa5"", 1], [""536bbce854b9406cc22697e04fcdabd645e030c0e55b918252643b00e0b2b25f"", 6], [""839de9798f377492eee68f82b202d7cd3544be83d799f6226a02f3678c9bb914"", 6], [""839de9798f377492eee68f82b202d7cd3544be83d799f6226a02f3678c9bb914"", 7], [""839de9798f377492eee68f82b202d7cd3544be83d799f6226a02f3678c9bb914"", 28]]","[[""6306079a16b1dec85690f75c715cdbd78b0685a3e19ee30250d481bc32f2e29a"", 1], [""897ab23ed5a70034d3d708d871ad1da8bc7b6608d94b1ca46b5d578d985d3c13"", 1]]",True,
mixed-R2,9596fb754439e6752034890c1272a2df7c0f9000db7d186db21aa232a253fca4,What is the effective date for due diligence requirements for Pre-existing Accounts and New Accounts under the Common Reporting Standard Law 2018?,free_text,"""For Pre-existing Accounts, the effective date is 2016-12-31. For New Accounts, the effective date is 2017-01-01.""","""Pre-existing Accounts: 31 December 2016; New Accounts: 1 January 2017.""",1.0,0.2,1.0,"[[""fbdd7f9dd299d83b1f398778da2e6765dfaaed62005667264734a1f76ec09071"", 1], [""fbdd7f9dd299d83b1f398778da2e6765dfaaed62005667264734a1f76ec09071"", 2], [""fbdd7f9dd299d83b1f398778da2e6765dfaaed62005667264734a1f76ec09071"", 3], [""fbdd7f9dd299d83b1f398778da2e6765dfaaed62005667264734a1f76ec09071"", 4], [""fbdd7f9dd299d83b1f398778da2e6765dfaaed62005667264734a1f76ec09071"", 16]]","[[""fbdd7f9dd299d83b1f398778da2e6765dfaaed62005667264734a1f76ec09071"", 3]]",False,"The answer matches the reference exactly in substance: Pre-existing Accounts effective date is 31 Dec 2016 and New Accounts effective date is 1 Jan 2017, and both are directly supported by the provided evidence."
mixed-R2,9f48d8eca6d10cf26f60226078f0d9cb32d3aa2fd25c90c312549cb6265ebd84,"According to Article 2 of the DIFC Personal Property Law 2005, who made this Law?",free_text,"""The Law was made by the Ruler of Dubai.""","""It was made by the Ruler of Dubai.""",1.0,0.125,1.0,"[[""22442c5ee999e2519c68de908be511875a84f2b810ed540c2dcfcbcc65031434"", 41], [""33bc02044716acdfedb164b065bdaec098aaadcae863c591f9931c88e7307d16"", 39], [""536bbce854b9406cc22697e04fcdabd645e030c0e55b918252643b00e0b2b25f"", 1], [""536bbce854b9406cc22697e04fcdabd645e030c0e55b918252643b00e0b2b25f"", 3], [""536bbce854b9406cc22697e04fcdabd645e030c0e55b918252643b00e0b2b25f"", 20], [""72ea171147bf30326fe6fd2e6798f607c7cef4bf9d43761dbccd2f1b6a356849"", 40], [""fbdd7f9dd299d83b1f398778da2e6765dfaaed62005667264734a1f76ec09071"", 15], [""ff746f7b583490a80ba104361c0a82a1ebbf7ed9097cd03dc49d744cb5057761"", 4]]","[[""536bbce854b9406cc22697e04fcdabd645e030c0e55b918252643b00e0b2b25f"", 3]]",True,The answer matches the reference and is directly supported by the cited law text stating the Law was made by the Ruler of Dubai.
mixed-R2,802d12a65530cd728da4c2f4430275488285ced247123431a905f8d525e80ede,"Based on the second page of the document, was the Claimant's application for continuation of the ASI Order granted by the court in case ARB 034/2025?",boolean,false,false,1.0,0.25,1.0,"[[""58eae81bf668e7f6c58619f419a49b5e35e2e5c9c7475475ace28ec562580545"", 1], [""58eae81bf668e7f6c58619f419a49b5e35e2e5c9c7475475ace28ec562580545"", 2], [""58eae81bf668e7f6c58619f419a49b5e35e2e5c9c7475475ace28ec562580545"", 3], [""58eae81bf668e7f6c58619f419a49b5e35e2e5c9c7475475ace28ec562580545"", 4]]","[[""58eae81bf668e7f6c58619f419a49b5e35e2e5c9c7475475ace28ec562580545"", 2]]",True,
mixed-R2,84ef7f354a41168e99812515cd775297b36c35a541c5b8eb1978be771554b546,"According to Article 14(2)(l) of the Employment Law 2019, what is the maximum probation period in months for an Employee, except in specific fixed-term contract circumstances?",number,6,6,1.0,0.14285714285714285,1.0,"[[""09660f78c26cd56c08c7253ed21ba01fb246092f482ccd8acd8e6f9b6fd2d917"", 4], [""33bc02044716acdfedb164b065bdaec098aaadcae863c591f9931c88e7307d16"", 4], [""33bc02044716acdfedb164b065bdaec098aaadcae863c591f9931c88e7307d16"", 8], [""33bc02044716acdfedb164b065bdaec098aaadcae863c591f9931c88e7307d16"", 11], [""33bc02044716acdfedb164b065bdaec098aaadcae863c591f9931c88e7307d16"", 28], [""33bc02044716acdfedb164b065bdaec098aaadcae863c591f9931c88e7307d16"", 32], [""33bc02044716acdfedb164b065bdaec098aaadcae863c591f9931c88e7307d16"", 33]]","[[""33bc02044716acdfedb164b065bdaec098aaadcae863c591f9931c88e7307d16"", 8]]",True,
mixed-R2,5046b4e3fa11a42090ae0cef08c4cd64a1c8761955eb711db396f7fb1634ea86,"According to page 2 of the judgment, from which specific claim number did the appeal in CA 009/2024 originate?",name,null,"""Claim No. ENF-316-2023/2""",0.0,0.0,0.0,"[[""3a574fc4f0baa5ec7ff0dcc822d7c55e4f9c493c24addc217c8df3d848c16fa5"", 1], [""3a574fc4f0baa5ec7ff0dcc822d7c55e4f9c493c24addc217c8df3d848c16fa5"", 4], [""437568a801115019fe8278385c0484bdf07ab86f9a499ecaba2b7969b37c764b"", 3], [""6306079a16b1dec85690f75c715cdbd78b0685a3e19ee30250d481bc32f2e29a"", 5], [""c98c1475692bc22f4abab6a7a7d7969467c94e46a7e68919aaf127179ebf3f54"", 1], [""d32e76d495ac7d855d805fb71682b98d254520e3799aa4529ebc983212648335"", 9], [""f4c4d051d514270964adcf58e124569e396602340b7d9172671759de10a95897"", 2]]","[[""bd2d222ee0a636a745434cfb457321cd658db5bb32b5f0a3f5643236cc1503d8"", 2]]",True,
mixed-R2,042ddf2ed161068fab8072f16e01a15e11da9d741d207bfc0185e5133a810193,Does the Law on the Application of Civil and Commercial Laws in the DIFC Law No. 3 of 2004 apply in the jurisdiction of the Dubai International Financial Centre?,boolean,true,true,1.0,0.25,1.0,"[[""ff746f7b583490a80ba104361c0a82a1ebbf7ed9097cd03dc49d744cb5057761"", 1], [""ff746f7b583490a80ba104361c0a82a1ebbf7ed9097cd03dc49d744cb5057761"", 3], [""ff746f7b583490a80ba104361c0a82a1ebbf7ed9097cd03dc49d744cb5057761"", 5], [""ff746f7b583490a80ba104361c0a82a1ebbf7ed9097cd03dc49d744cb5057761"", 7]]","[[""ff746f7b583490a80ba104361c0a82a1ebbf7ed9097cd03dc49d744cb5057761"", 3]]",False,
mixed-R2,e14ad296801b3fb6855a3a9338f1e9b8e2d1bfb05c99682a3cf4f9140b49b17b,"Under Article 11(5) of the DIFC Trust Law 2018, is a term of the trust expressly declaring that the laws of the DIFC shall govern the trust valid, effective, and conclusive regardless of any other circumstance?",boolean,true,true,1.0,0.3333333333333333,1.0,"[[""4e387152960c1029b3711cacb05b287b13c977bc61f2558059a62b7b427a62eb"", 4], [""4e387152960c1029b3711cacb05b287b13c977bc61f2558059a62b7b427a62eb"", 6], [""4e387152960c1029b3711cacb05b287b13c977bc61f2558059a62b7b427a62eb"", 50]]","[[""4e387152960c1029b3711cacb05b287b13c977bc61f2558059a62b7b427a62eb"", 6]]",False,
mixed-R2,f33177fc2ed5b35033bfa1c7f9fc5d7a3776feb10b498c375cdcb40e0c53ffbf,Is there any main party that appeared in both cases CA 004/2025 and SCT 514/2025?,boolean,null,false,0.0,0.0,0.0,"[[""33bc02044716acdfedb164b065bdaec098aaadcae863c591f9931c88e7307d16"", 1], [""33bc02044716acdfedb164b065bdaec098aaadcae863c591f9931c88e7307d16"", 44], [""3a574fc4f0baa5ec7ff0dcc822d7c55e4f9c493c24addc217c8df3d848c16fa5"", 1], [""536bbce854b9406cc22697e04fcdabd645e030c0e55b918252643b00e0b2b25f"", 13], [""839de9798f377492eee68f82b202d7cd3544be83d799f6226a02f3678c9bb914"", 6], [""839de9798f377492eee68f82b202d7cd3544be83d799f6226a02f3678c9bb914"", 7]]","[[""6306079a16b1dec85690f75c715cdbd78b0685a3e19ee30250d481bc32f2e29a"", 1], [""78ffe994cdc61ce6a2a6937c79fc52751bb5d2b4eaa4019f088fbccf70569c26"", 1]]",True,
mixed-R2,f29159d38bf494e330b32f03507df593d5869a129796a3b7f6efe14fd1b1a0a5,What does Article 16(1)(c) of the Employment Law 2019 require an Employer to keep records of regarding an Employee's remuneration?,free_text,"""Article 16(1)(c) requires the Employer to keep records of the remuneration paid by the Employer, including the date of payment of that remuneration.""","""The employee's remuneration, gross and net where applicable, and the applicable pay period.""",0.4,0.16666666666666666,1.0,"[[""33bc02044716acdfedb164b065bdaec098aaadcae863c591f9931c88e7307d16"", 8], [""33bc02044716acdfedb164b065bdaec098aaadcae863c591f9931c88e7307d16"", 11], [""33bc02044716acdfedb164b065bdaec098aaadcae863c591f9931c88e7307d16"", 12], [""33bc02044716acdfedb164b065bdaec098aaadcae863c591f9931c88e7307d16"", 19], [""33bc02044716acdfedb164b065bdaec098aaadcae863c591f9931c88e7307d16"", 30], [""33bc02044716acdfedb164b065bdaec098aaadcae863c591f9931c88e7307d16"", 35]]","[[""33bc02044716acdfedb164b065bdaec098aaadcae863c591f9931c88e7307d16"", 8]]",True,"The answer is relevant and understandable, and it is partly supported by the evidence, but it does not match the reference. Article 16(1)(c) concerns the employee’s remuneration, gross and net where applicable, and the applicable pay period; the submission instead mentions payment date and omits those required details. The stated confidence is too high for an incorrect/incomplete answer."
mixed-R2,2e8b251fd560f4446bfc9c5fa4b83ecbce69d650a8fd00fc9815c1fb34a764ad,"Looking at the title/cover page of every document across both case TCD 001/2024 and case CFI 016/2025, is there any party (claimant or defendant) common to both cases?",boolean,null,false,0.0,0.5,0.75,"[[""0471e83c1ea18086cfb6b3ff51da6f22b0efee337f10315b2593f782297ccb84"", 1], [""3a574fc4f0baa5ec7ff0dcc822d7c55e4f9c493c24addc217c8df3d848c16fa5"", 1], [""58eae81bf668e7f6c58619f419a49b5e35e2e5c9c7475475ace28ec562580545"", 3], [""62930da32fa3172edf2f2bbf3da268455bd99a7b5fab34d72358730d8cd5da30"", 1], [""839de9798f377492eee68f82b202d7cd3544be83d799f6226a02f3678c9bb914"", 5], [""c98c1475692bc22f4abab6a7a7d7969467c94e46a7e68919aaf127179ebf3f54"", 1]]","[[""0471e83c1ea18086cfb6b3ff51da6f22b0efee337f10315b2593f782297ccb84"", 1], [""6248961b681ea0deb189f354be0c8286f35974dcdb211c13c921c3dd0e566a6e"", 1], [""62930da32fa3172edf2f2bbf3da268455bd99a7b5fab34d72358730d8cd5da30"", 1], [""c98c1475692bc22f4abab6a7a7d7969467c94e46a7e68919aaf127179ebf3f54"", 1]]",False,
mixed-R2,fa672c84261a575ba49aba560b6a00c5d944ab9373b764c743d79821658e0052,"What was the outcome of the specific order or application described in case CFI 016/2025, based on the last page of the document?",free_text,"""The outcome was a variation order: the 2 May 2025 procedural order was varied, and the WFO was amended.""","""The No Costs Application was rejected, no costs were ordered on that application, and the Defendant was awarded AED 70,000 in costs for the claim.""",0.2,0.0,0.0,"[[""1a255edc261961ec64870466a27ac4e25b5ebc2abe298e1b69f8dd2fc27288f6"", 7], [""437568a801115019fe8278385c0484bdf07ab86f9a499ecaba2b7969b37c764b"", 2], [""62930da32fa3172edf2f2bbf3da268455bd99a7b5fab34d72358730d8cd5da30"", 1], [""839de9798f377492eee68f82b202d7cd3544be83d799f6226a02f3678c9bb914"", 1], [""839de9798f377492eee68f82b202d7cd3544be83d799f6226a02f3678c9bb914"", 7], [""839de9798f377492eee68f82b202d7cd3544be83d799f6226a02f3678c9bb914"", 18], [""c98c1475692bc22f4abab6a7a7d7969467c94e46a7e68919aaf127179ebf3f54"", 1]]","[[""6248961b681ea0deb189f354be0c8286f35974dcdb211c13c921c3dd0e566a6e"", 7]]",False,"The answer does not match the reference outcome. The reference says the No Costs Application was rejected, no costs were ordered on that application, and the Defendant was awarded AED 70,000 in costs for the claim. The submission instead describes a variation order and amendment of the WFO. Its claims are supported by the evidence, but they answer a different issue and the confidence is too high for an incorrect response."
mixed-R2,7aae865f328e2012c31b41b6e2cccac715c14df5b56ec548d3fa9cb6bc46dcd1,"Under Article 11 of the General Partnership Law 2004, is an unincorporated body of persons carrying on business for profit automatically deemed a partnership if there is an agreement specifying it as a body corporate?",boolean,false,false,1.0,0.3333333333333333,1.0,"[[""302a0bd8d67775e8dc5960ecec7879be566300d8b32c4b0153ba15ebdb279425"", 5], [""302a0bd8d67775e8dc5960ecec7879be566300d8b32c4b0153ba15ebdb279425"", 14], [""72ea171147bf30326fe6fd2e6798f607c7cef4bf9d43761dbccd2f1b6a356849"", 42]]","[[""302a0bd8d67775e8dc5960ecec7879be566300d8b32c4b0153ba15ebdb279425"", 5]]",False,
mixed-R2,e0798bd394af022603f1ed7a09641de2bb414bd14a9d6a2c494980c86095ccff,"If the Relevant Authority confirms a fine or action after an appeal under Article 21(5) of the Common Reporting Standard Law 2018, how many business days does the Reporting Financial Institution have to pay the fine or perform the action?",number,15,15,1.0,0.3333333333333333,1.0,"[[""fbdd7f9dd299d83b1f398778da2e6765dfaaed62005667264734a1f76ec09071"", 11], [""fbdd7f9dd299d83b1f398778da2e6765dfaaed62005667264734a1f76ec09071"", 12], [""fbdd7f9dd299d83b1f398778da2e6765dfaaed62005667264734a1f76ec09071"", 13]]","[[""fbdd7f9dd299d83b1f398778da2e6765dfaaed62005667264734a1f76ec09071"", 13]]",False,
mixed-R2,32bb32856c65215eddb17d2b5b938f58b4bec525af96f8637686e33b0d696e89,"According to Article 28(4) of the DIFC Trust Law 2018, can an order made consequential to a declaration under Articles 24 to 27 prejudice a purchaser in good faith for value of trust property without notice of the voidable matters?",boolean,false,false,1.0,0.16666666666666666,1.0,"[[""4e387152960c1029b3711cacb05b287b13c977bc61f2558059a62b7b427a62eb"", 6], [""4e387152960c1029b3711cacb05b287b13c977bc61f2558059a62b7b427a62eb"", 7], [""4e387152960c1029b3711cacb05b287b13c977bc61f2558059a62b7b427a62eb"", 8], [""4e387152960c1029b3711cacb05b287b13c977bc61f2558059a62b7b427a62eb"", 9], [""4e387152960c1029b3711cacb05b287b13c977bc61f2558059a62b7b427a62eb"", 15], [""4e387152960c1029b3711cacb05b287b13c977bc61f2558059a62b7b427a62eb"", 46]]","[[""4e387152960c1029b3711cacb05b287b13c977bc61f2558059a62b7b427a62eb"", 15]]",False,
mixed-R2,698e30385362eebe29a7fd618bb6d5fc2d213fca30eb008f0496d3887d6b4677,Is there any main party that appeared in both cases ARB 034/2025 and SCT 514/2025?,boolean,null,false,0.0,0.25,0.5,"[[""3a574fc4f0baa5ec7ff0dcc822d7c55e4f9c493c24addc217c8df3d848c16fa5"", 1], [""58eae81bf668e7f6c58619f419a49b5e35e2e5c9c7475475ace28ec562580545"", 1], [""839de9798f377492eee68f82b202d7cd3544be83d799f6226a02f3678c9bb914"", 6], [""839de9798f377492eee68f82b202d7cd3544be83d799f6226a02f3678c9bb914"", 7]]","[[""58eae81bf668e7f6c58619f419a49b5e35e2e5c9c7475475ace28ec562580545"", 1], [""6306079a16b1dec85690f75c715cdbd78b0685a3e19ee30250d481bc32f2e29a"", 1]]",True,
mixed-R2,52a35cfabe76f2c538c6f72a841a08e0cc85bbe8f732874a4d2827383794c213,Did cases CA 004/2025 and ARB 034/2025 have any judges in common?,boolean,null,false,0.0,0.4,1.0,"[[""3a574fc4f0baa5ec7ff0dcc822d7c55e4f9c493c24addc217c8df3d848c16fa5"", 1], [""536bbce854b9406cc22697e04fcdabd645e030c0e55b918252643b00e0b2b25f"", 19], [""58eae81bf668e7f6c58619f419a49b5e35e2e5c9c7475475ace28ec562580545"", 1], [""78ffe994cdc61ce6a2a6937c79fc52751bb5d2b4eaa4019f088fbccf70569c26"", 1], [""839de9798f377492eee68f82b202d7cd3544be83d799f6226a02f3678c9bb914"", 1]]","[[""58eae81bf668e7f6c58619f419a49b5e35e2e5c9c7475475ace28ec562580545"", 1], [""78ffe994cdc61ce6a2a6937c79fc52751bb5d2b4eaa4019f088fbccf70569c26"", 1]]",True,
mixed-R2,a341025df493b0e6a962fa637e3df6fe053c3de28cb2f5c8eb0814067af32b95,"According to Article 12(4) of the Common Reporting Standard Law and Article 18(2)(b) of the General Partnership Law, what are the retention periods for records?",free_text,"""Article 12(4) of the Common Reporting Standard Law requires records to be retained in an electronically readable format for six (6) years after the date of reporting the information. Article 18(2)(b) of the General Partnership Law requires records to be preserved for at least six""","""Under the CRS Law, records must be retained for 6 years after reporting. Under the General Partnership Law, accounting records must be preserved for at least 6 years from creation, or longer if prescribed by Regulations.""",0.6,0.4,1.0,"[[""302a0bd8d67775e8dc5960ecec7879be566300d8b32c4b0153ba15ebdb279425"", 7], [""302a0bd8d67775e8dc5960ecec7879be566300d8b32c4b0153ba15ebdb279425"", 8], [""b82ac8228e051d96bf8d706d3251893ebff1c9457b066fce3b7cb99af956f2a7"", 13], [""b82ac8228e051d96bf8d706d3251893ebff1c9457b066fce3b7cb99af956f2a7"", 18], [""fbdd7f9dd299d83b1f398778da2e6765dfaaed62005667264734a1f76ec09071"", 7]]","[[""302a0bd8d67775e8dc5960ecec7879be566300d8b32c4b0153ba15ebdb279425"", 7], [""fbdd7f9dd299d83b1f398778da2e6765dfaaed62005667264734a1f76ec09071"", 7]]",False,"The CRS period is stated correctly, and the General Partnership Law answer is mostly aligned, but it is truncated and omits the full rule that records are kept at least 6 years from creation, or longer if prescribed. The 0.96 confidence is too high for this incomplete answer."
mixed-R2,acd7d2aea67ff920768aae75300837412f603e0e29f048ea33171ba52c1c0cd8,Which case has an earlier Date of Issue: ENF 269/2023 or SCT 514/2025?,name,null,"""ENF 269/2023""",0.0,0.0,0.0,"[[""0471e83c1ea18086cfb6b3ff51da6f22b0efee337f10315b2593f782297ccb84"", 1], [""33bc02044716acdfedb164b065bdaec098aaadcae863c591f9931c88e7307d16"", 44], [""3a574fc4f0baa5ec7ff0dcc822d7c55e4f9c493c24addc217c8df3d848c16fa5"", 1], [""437568a801115019fe8278385c0484bdf07ab86f9a499ecaba2b7969b37c764b"", 15], [""536bbce854b9406cc22697e04fcdabd645e030c0e55b918252643b00e0b2b25f"", 9], [""62930da32fa3172edf2f2bbf3da268455bd99a7b5fab34d72358730d8cd5da30"", 1], [""fbdd7f9dd299d83b1f398778da2e6765dfaaed62005667264734a1f76ec09071"", 12]]","[[""5d3df6d69fac3ef91e13ac835b43a35e9e434fbc7e72ea5c01e288d69b66e6a2"", 3], [""6306079a16b1dec85690f75c715cdbd78b0685a3e19ee30250d481bc32f2e29a"", 2]]",True,
mixed-R2,f2a28b01dbdda99ec2b09a7001ea72e35b94a42c14c4bc5e5206c59857770306,Is there a judge who presided over both case CFI 057/2025 and case ENF 269/2023?,boolean,null,false,0.0,0.14285714285714285,0.5,"[[""1a255edc261961ec64870466a27ac4e25b5ebc2abe298e1b69f8dd2fc27288f6"", 2], [""3a574fc4f0baa5ec7ff0dcc822d7c55e4f9c493c24addc217c8df3d848c16fa5"", 1], [""3a574fc4f0baa5ec7ff0dcc822d7c55e4f9c493c24addc217c8df3d848c16fa5"", 4], [""536bbce854b9406cc22697e04fcdabd645e030c0e55b918252643b00e0b2b25f"", 13], [""536bbce854b9406cc22697e04fcdabd645e030c0e55b918252643b00e0b2b25f"", 19], [""5d3df6d69fac3ef91e13ac835b43a35e9e434fbc7e72ea5c01e288d69b66e6a2"", 1], [""d32e76d495ac7d855d805fb71682b98d254520e3799aa4529ebc983212648335"", 4]]","[[""1b446e196b4d1752241c8ff689a31ea705e98ad0c16b9d343c303664f72b64a1"", 1], [""5d3df6d69fac3ef91e13ac835b43a35e9e434fbc7e72ea5c01e288d69b66e6a2"", 1]]",True,
mixed-R2,3c33f9a4de9bac177c65e3c3bd986ef05e527095e4c96aabbbed76599b727eb0,Who are listed as the claimants in the case documents for SCT 295/2025?,names,"[""Techteryx""]","[""Olexa""]",0.0,0.0,0.0,"[[""3a574fc4f0baa5ec7ff0dcc822d7c55e4f9c493c24addc217c8df3d848c16fa5"", 1], [""3a574fc4f0baa5ec7ff0dcc822d7c55e4f9c493c24addc217c8df3d848c16fa5"", 3], [""58eae81bf668e7f6c58619f419a49b5e35e2e5c9c7475475ace28ec562580545"", 1], [""58eae81bf668e7f6c58619f419a49b5e35e2e5c9c7475475ace28ec562580545"", 3], [""62930da32fa3172edf2f2bbf3da268455bd99a7b5fab34d72358730d8cd5da30"", 1], [""839de9798f377492eee68f82b202d7cd3544be83d799f6226a02f3678c9bb914"", 5], [""d32e76d495ac7d855d805fb71682b98d254520e3799aa4529ebc983212648335"", 4]]","[[""09660f78c26cd56c08c7253ed21ba01fb246092f482ccd8acd8e6f9b6fd2d917"", 1]]",False,
mixed-R2,b982f3b308042c0eb23dfe264a56ab53866fbea5d3981c4bfcf3ffb6de22054e,What was the result of the application heard in case CFI 067/2025?,free_text,"""The application was dismissed. The applicant was also ordered to pay 80% of the respondent’s costs, assessed on the standard basis, in the sum of USD 155,879.50.""","""The Defendant's application for immediate judgment and/or strike out was dismissed, and the Applicant was ordered to pay 80% of the Respondent's costs, assessed at USD 155,879.50.""",1.0,0.14285714285714285,1.0,"[[""437568a801115019fe8278385c0484bdf07ab86f9a499ecaba2b7969b37c764b"", 7], [""443e04bc1a78940b3fcd5438d24b6c5f182a276d354a3108e738b193675de032"", 2], [""58eae81bf668e7f6c58619f419a49b5e35e2e5c9c7475475ace28ec562580545"", 1], [""6248961b681ea0deb189f354be0c8286f35974dcdb211c13c921c3dd0e566a6e"", 1], [""839de9798f377492eee68f82b202d7cd3544be83d799f6226a02f3678c9bb914"", 19], [""897ab23ed5a70034d3d708d871ad1da8bc7b6608d94b1ca46b5d578d985d3c13"", 1], [""bd2d222ee0a636a745434cfb457321cd658db5bb32b5f0a3f5643236cc1503d8"", 5]]","[[""897ab23ed5a70034d3d708d871ad1da8bc7b6608d94b1ca46b5d578d985d3c13"", 1]]",True,"All key facts match the reference: the application was dismissed and costs of 80% were awarded, assessed at USD 155,879.50 on the standard basis."
mixed-R2,cdddeb6a063f29cbea5f10b3dccbd83aa16849e1f3124e223d141d1578efeb0a,Who were the claimants in case CFI 010/2024?,names,null,"[""Fursa Consulting""]",0.0,0.0,0.0,"[[""0471e83c1ea18086cfb6b3ff51da6f22b0efee337f10315b2593f782297ccb84"", 1], [""437568a801115019fe8278385c0484bdf07ab86f9a499ecaba2b7969b37c764b"", 3], [""443e04bc1a78940b3fcd5438d24b6c5f182a276d354a3108e738b193675de032"", 2], [""58eae81bf668e7f6c58619f419a49b5e35e2e5c9c7475475ace28ec562580545"", 1], [""62930da32fa3172edf2f2bbf3da268455bd99a7b5fab34d72358730d8cd5da30"", 1], [""bd2d222ee0a636a745434cfb457321cd658db5bb32b5f0a3f5643236cc1503d8"", 1], [""c98c1475692bc22f4abab6a7a7d7969467c94e46a7e68919aaf127179ebf3f54"", 1]]","[[""443e04bc1a78940b3fcd5438d24b6c5f182a276d354a3108e738b193675de032"", 1]]",True,
mixed-R2,f5c27c961e218728abde9ff9031d1701cb36db4a2e590d2dbd8914dd28a27b20,"According to Article 19(2)(c) of the Common Reporting Standard Law 2018, how many days does a Reporting Financial Institution have to pay a fine for opening a New Account without a valid self-certification after receiving notification?",number,30,30,1.0,0.3333333333333333,1.0,"[[""fbdd7f9dd299d83b1f398778da2e6765dfaaed62005667264734a1f76ec09071"", 3], [""fbdd7f9dd299d83b1f398778da2e6765dfaaed62005667264734a1f76ec09071"", 11], [""fbdd7f9dd299d83b1f398778da2e6765dfaaed62005667264734a1f76ec09071"", 17]]","[[""fbdd7f9dd299d83b1f398778da2e6765dfaaed62005667264734a1f76ec09071"", 11]]",False,
mixed-R2,7b31467fd9f391a836ecd316b258a6d5e849cb62a9a0c95573b084c1d1338ba0,"According to Article 9(9)(a) of the Operating Law 2018, how many months does a Licence typically have effect from its issue date by the Registrar?",number,null,12,0.0,0.16666666666666666,1.0,"[[""22442c5ee999e2519c68de908be511875a84f2b810ed540c2dcfcbcc65031434"", 11], [""302a0bd8d67775e8dc5960ecec7879be566300d8b32c4b0153ba15ebdb279425"", 22], [""72ea171147bf30326fe6fd2e6798f607c7cef4bf9d43761dbccd2f1b6a356849"", 9], [""b82ac8228e051d96bf8d706d3251893ebff1c9457b066fce3b7cb99af956f2a7"", 7], [""b82ac8228e051d96bf8d706d3251893ebff1c9457b066fce3b7cb99af956f2a7"", 17], [""b82ac8228e051d96bf8d706d3251893ebff1c9457b066fce3b7cb99af956f2a7"", 24]]","[[""72ea171147bf30326fe6fd2e6798f607c7cef4bf9d43761dbccd2f1b6a356849"", 9]]",False,
mixed-R2,6b20dd63f6b2072c51f7063e32f5accf7218fd36fdfcc3fb627867139b41359e,Which case has an earlier Date of Issue: SCT 169/2025 or SCT 295/2025?,name,null,"""SCT 295/2025""",0.0,0.0,0.0,"[[""33bc02044716acdfedb164b065bdaec098aaadcae863c591f9931c88e7307d16"", 1], [""3a574fc4f0baa5ec7ff0dcc822d7c55e4f9c493c24addc217c8df3d848c16fa5"", 1], [""3a574fc4f0baa5ec7ff0dcc822d7c55e4f9c493c24addc217c8df3d848c16fa5"", 3], [""536bbce854b9406cc22697e04fcdabd645e030c0e55b918252643b00e0b2b25f"", 1], [""536bbce854b9406cc22697e04fcdabd645e030c0e55b918252643b00e0b2b25f"", 13]]","[[""09660f78c26cd56c08c7253ed21ba01fb246092f482ccd8acd8e6f9b6fd2d917"", 2], [""3a574fc4f0baa5ec7ff0dcc822d7c55e4f9c493c24addc217c8df3d848c16fa5"", 2]]",True,
mixed-R2,a499c8553e73100d9ecc8ccd1164beea4b82fa6b32c519de1a37c861925076a1,"If a Reporting Financial Institution fails to provide specified information during an investigation, does this constitute obstruction of Inspectors under Article 17(b) of the Common Reporting Standard Law 2018?",boolean,true,true,1.0,0.25,1.0,"[[""72ea171147bf30326fe6fd2e6798f607c7cef4bf9d43761dbccd2f1b6a356849"", 18], [""fbdd7f9dd299d83b1f398778da2e6765dfaaed62005667264734a1f76ec09071"", 3], [""fbdd7f9dd299d83b1f398778da2e6765dfaaed62005667264734a1f76ec09071"", 8], [""fbdd7f9dd299d83b1f398778da2e6765dfaaed62005667264734a1f76ec09071"", 10]]","[[""fbdd7f9dd299d83b1f398778da2e6765dfaaed62005667264734a1f76ec09071"", 10]]",False,
mixed-R2,de67a8574c9e4352ba32d662761e8b2e59ce1d2ae36c33cf5c563dfc5d879920,"Considering all documents across case CA 005/2025 and case TCD 001/2024, was there any judge who participated in both cases?",boolean,null,true,0.0,0.0,0.0,"[[""1a255edc261961ec64870466a27ac4e25b5ebc2abe298e1b69f8dd2fc27288f6"", 1], [""3a574fc4f0baa5ec7ff0dcc822d7c55e4f9c493c24addc217c8df3d848c16fa5"", 1], [""3a574fc4f0baa5ec7ff0dcc822d7c55e4f9c493c24addc217c8df3d848c16fa5"", 4], [""536bbce854b9406cc22697e04fcdabd645e030c0e55b918252643b00e0b2b25f"", 19], [""78ffe994cdc61ce6a2a6937c79fc52751bb5d2b4eaa4019f088fbccf70569c26"", 1], [""839de9798f377492eee68f82b202d7cd3544be83d799f6226a02f3678c9bb914"", 1], [""d32e76d495ac7d855d805fb71682b98d254520e3799aa4529ebc983212648335"", 4]]","[[""0471e83c1ea18086cfb6b3ff51da6f22b0efee337f10315b2593f782297ccb84"", 1], [""437568a801115019fe8278385c0484bdf07ab86f9a499ecaba2b7969b37c764b"", 1]]",False,
mixed-R2,e153746c20cc385a520728ac381151f424c9eee10e4c582904fee70afe9af243,"According to Article 10 of the Employment Law 2019, how many months after the Termination Date must a claim under this Law be presented to the Court, unless otherwise specified?",number,6,6,1.0,0.2,1.0,"[[""09660f78c26cd56c08c7253ed21ba01fb246092f482ccd8acd8e6f9b6fd2d917"", 2], [""09660f78c26cd56c08c7253ed21ba01fb246092f482ccd8acd8e6f9b6fd2d917"", 4], [""33bc02044716acdfedb164b065bdaec098aaadcae863c591f9931c88e7307d16"", 6], [""33bc02044716acdfedb164b065bdaec098aaadcae863c591f9931c88e7307d16"", 11], [""33bc02044716acdfedb164b065bdaec098aaadcae863c591f9931c88e7307d16"", 29]]","[[""33bc02044716acdfedb164b065bdaec098aaadcae863c591f9931c88e7307d16"", 6]]",True,
mixed-R2,922dcd5ae0d2420ec5577ed8094f593124f7b69f7e61b12c24ad46410114e8ae,What official law number is stated on the cover page of the DIFC Trust Law?,number,4,4,1.0,0.16666666666666666,1.0,"[[""22442c5ee999e2519c68de908be511875a84f2b810ed540c2dcfcbcc65031434"", 1], [""33bc02044716acdfedb164b065bdaec098aaadcae863c591f9931c88e7307d16"", 1], [""4e387152960c1029b3711cacb05b287b13c977bc61f2558059a62b7b427a62eb"", 1], [""4e387152960c1029b3711cacb05b287b13c977bc61f2558059a62b7b427a62eb"", 50], [""72ea171147bf30326fe6fd2e6798f607c7cef4bf9d43761dbccd2f1b6a356849"", 1], [""ff746f7b583490a80ba104361c0a82a1ebbf7ed9097cd03dc49d744cb5057761"", 4]]","[[""4e387152960c1029b3711cacb05b287b13c977bc61f2558059a62b7b427a62eb"", 1]]",False,
mixed-R2,f950917f9b85f687161b1022a11c3ce31e4f6ab459af69dfea311c20893fc8a7,Who are listed as the claimants in the case documents for CFI 067/2025?,names,null,"[""COINMENA B.S.C. (C)""]",0.0,0.0,0.0,"[[""0471e83c1ea18086cfb6b3ff51da6f22b0efee337f10315b2593f782297ccb84"", 1], [""3a574fc4f0baa5ec7ff0dcc822d7c55e4f9c493c24addc217c8df3d848c16fa5"", 1], [""443e04bc1a78940b3fcd5438d24b6c5f182a276d354a3108e738b193675de032"", 2], [""58eae81bf668e7f6c58619f419a49b5e35e2e5c9c7475475ace28ec562580545"", 1], [""58eae81bf668e7f6c58619f419a49b5e35e2e5c9c7475475ace28ec562580545"", 3], [""62930da32fa3172edf2f2bbf3da268455bd99a7b5fab34d72358730d8cd5da30"", 1], [""c98c1475692bc22f4abab6a7a7d7969467c94e46a7e68919aaf127179ebf3f54"", 1]]","[[""897ab23ed5a70034d3d708d871ad1da8bc7b6608d94b1ca46b5d578d985d3c13"", 1]]",True,
mixed-R2,254c8499b22ba05b0b1536c111b23e8afb031d0ed14af5970f665d6b1e821e65,"Under Article 26(2) of the Employment Law 2019, for how many months after the actual date of childbirth is a female Employee returning from Maternity Leave entitled to nursing breaks if her working time exceeds six hours?",number,6,6,1.0,0.25,1.0,"[[""33bc02044716acdfedb164b065bdaec098aaadcae863c591f9931c88e7307d16"", 2], [""33bc02044716acdfedb164b065bdaec098aaadcae863c591f9931c88e7307d16"", 14], [""33bc02044716acdfedb164b065bdaec098aaadcae863c591f9931c88e7307d16"", 17], [""33bc02044716acdfedb164b065bdaec098aaadcae863c591f9931c88e7307d16"", 39]]","[[""33bc02044716acdfedb164b065bdaec098aaadcae863c591f9931c88e7307d16"", 14]]",True,
mixed-R2,322674cd65809bde505d9f50edb1bf7e1674f7e118a8179617732a3942b52d74,"According to Article 19(4) of the General Partnership Law 2004, how many months after the end of the financial year must the accounts for that year be prepared and approved by the Partners?",number,6,6,1.0,0.3333333333333333,1.0,"[[""302a0bd8d67775e8dc5960ecec7879be566300d8b32c4b0153ba15ebdb279425"", 7], [""302a0bd8d67775e8dc5960ecec7879be566300d8b32c4b0153ba15ebdb279425"", 8], [""302a0bd8d67775e8dc5960ecec7879be566300d8b32c4b0153ba15ebdb279425"", 23]]","[[""302a0bd8d67775e8dc5960ecec7879be566300d8b32c4b0153ba15ebdb279425"", 8]]",False,
mixed-R2,87a1294f4e8414adaf49579d914252f4c7a9e90c54a452b5a420bed4934ce335,"If a Reporting Financial Institution obtains or creates records in a language other than English under the Common Reporting Standard Law 2018, what must it provide upon request to the Relevant Authority?",free_text,"""It must provide an English translation to the Relevant Authority upon request.""","""It must provide an English translation to the Relevant Authority upon request.""",1.0,0.3333333333333333,1.0,"[[""fbdd7f9dd299d83b1f398778da2e6765dfaaed62005667264734a1f76ec09071"", 3], [""fbdd7f9dd299d83b1f398778da2e6765dfaaed62005667264734a1f76ec09071"", 7], [""fbdd7f9dd299d83b1f398778da2e6765dfaaed62005667264734a1f76ec09071"", 8]]","[[""fbdd7f9dd299d83b1f398778da2e6765dfaaed62005667264734a1f76ec09071"", 7]]",False,The submission matches the reference exactly and is directly supported by the cited law text.
mixed-R2,b2fcc22c0bfc27e799fec5df74c911114a91f83d0aa2995729390d6c8cb80c1a,On what date was the DIFC Personal Property Law 2005 enacted?,free_text,"""There is no information on this question in the provided documents.""","""There is no information on this question in the provided documents.""",1.0,,,"[[""33bc02044716acdfedb164b065bdaec098aaadcae863c591f9931c88e7307d16"", 1], [""33bc02044716acdfedb164b065bdaec098aaadcae863c591f9931c88e7307d16"", 39], [""536bbce854b9406cc22697e04fcdabd645e030c0e55b918252643b00e0b2b25f"", 1], [""536bbce854b9406cc22697e04fcdabd645e030c0e55b918252643b00e0b2b25f"", 3], [""536bbce854b9406cc22697e04fcdabd645e030c0e55b918252643b00e0b2b25f"", 20]]",[],False,The submission appropriately abstains because the provided documents do not state an enactment date.
mixed-R2,8167b0cfeb476ce373ca991b28b3b35f78a8c3c9a5e3d1b682fdbb0ed5604ef4,"Looking only at the last page of the document in case SCT 514/2025, what was the outcome of the specific order or application described?",free_text,"""The operation of the Part 50 Orders relating to the First Applicant was stayed until further order.""","""The Defendant's Application for Permission to Appeal was refused.""",0.2,0.0,0.0,"[[""3a574fc4f0baa5ec7ff0dcc822d7c55e4f9c493c24addc217c8df3d848c16fa5"", 1], [""3f8a5ea0e051ba3af7a02da340c911fe0970ebece6c852c3e61a10c00cac6d6e"", 12], [""3f8a5ea0e051ba3af7a02da340c911fe0970ebece6c852c3e61a10c00cac6d6e"", 16], [""5d3df6d69fac3ef91e13ac835b43a35e9e434fbc7e72ea5c01e288d69b66e6a2"", 2], [""839de9798f377492eee68f82b202d7cd3544be83d799f6226a02f3678c9bb914"", 28], [""c98c1475692bc22f4abab6a7a7d7969467c94e46a7e68919aaf127179ebf3f54"", 1]]","[[""6306079a16b1dec85690f75c715cdbd78b0685a3e19ee30250d481bc32f2e29a"", 6]]",True,"The submission is factually inconsistent with the reference: the reference says the Defendant's Application for Permission to Appeal was refused, not that the Part 50 Orders were stayed. It therefore does not answer the asked outcome. The confidence is too high for an incorrect answer. The statement itself is clear, but it is not directly relevant to the specific question asked."
mixed-R2,2e211d0cdb29134de759b277c8b8ed5b8fe43f033dcec1e4bd15feafb1dbb8ab,"Across all documents in case DEC 001/2025 and case SCT 514/2025, is there any legal entity or individual that appears as a main party in both cases?",boolean,null,false,0.0,0.0,0.0,"[[""0471e83c1ea18086cfb6b3ff51da6f22b0efee337f10315b2593f782297ccb84"", 1], [""3a574fc4f0baa5ec7ff0dcc822d7c55e4f9c493c24addc217c8df3d848c16fa5"", 1], [""839de9798f377492eee68f82b202d7cd3544be83d799f6226a02f3678c9bb914"", 5], [""839de9798f377492eee68f82b202d7cd3544be83d799f6226a02f3678c9bb914"", 6], [""839de9798f377492eee68f82b202d7cd3544be83d799f6226a02f3678c9bb914"", 7], [""c98c1475692bc22f4abab6a7a7d7969467c94e46a7e68919aaf127179ebf3f54"", 1]]","[[""3f8a5ea0e051ba3af7a02da340c911fe0970ebece6c852c3e61a10c00cac6d6e"", 1], [""6306079a16b1dec85690f75c715cdbd78b0685a3e19ee30250d481bc32f2e29a"", 1], [""839de9798f377492eee68f82b202d7cd3544be83d799f6226a02f3678c9bb914"", 1]]",True,
mixed-R2,89f4b2e86cf7e48e185b9d5775d67e7c8a51beccbb20abce8dac2a1b0e80b723,Were the Miranda rights properly administered in case ENF 269/2023?,free_text,"""There is no information on this question in the provided documents.""","""There is no information on this question in the provided documents.""",0.8,,,"[[""33bc02044716acdfedb164b065bdaec098aaadcae863c591f9931c88e7307d16"", 2], [""33bc02044716acdfedb164b065bdaec098aaadcae863c591f9931c88e7307d16"", 3], [""33bc02044716acdfedb164b065bdaec098aaadcae863c591f9931c88e7307d16"", 6], [""33bc02044716acdfedb164b065bdaec098aaadcae863c591f9931c88e7307d16"", 29], [""3a574fc4f0baa5ec7ff0dcc822d7c55e4f9c493c24addc217c8df3d848c16fa5"", 3], [""536bbce854b9406cc22697e04fcdabd645e030c0e55b918252643b00e0b2b25f"", 16], [""fbdd7f9dd299d83b1f398778da2e6765dfaaed62005667264734a1f76ec09071"", 9], [""fbdd7f9dd299d83b1f398778da2e6765dfaaed62005667264734a1f76ec09071"", 12]]",[],False,The answer matches the reference and appropriately abstains. Grounding is marked 0 because the supplied evidence snippets do not actually support the claim that the documents contain no information on Miranda rights; they only show unrelated headings.
mixed-R2,98d473221f50a845466544b43d6bb52b0497893aade63a8659db228459c271b4,When was the consolidated version of the Law on the Application of Civil and Commercial Laws in the DIFC published?,free_text,"""The consolidated version was published in November 2024.""","""The consolidated version was published in November 2024.""",1.0,0.2,1.0,"[[""ff746f7b583490a80ba104361c0a82a1ebbf7ed9097cd03dc49d744cb5057761"", 1], [""ff746f7b583490a80ba104361c0a82a1ebbf7ed9097cd03dc49d744cb5057761"", 2], [""ff746f7b583490a80ba104361c0a82a1ebbf7ed9097cd03dc49d744cb5057761"", 3], [""ff746f7b583490a80ba104361c0a82a1ebbf7ed9097cd03dc49d744cb5057761"", 5], [""ff746f7b583490a80ba104361c0a82a1ebbf7ed9097cd03dc49d744cb5057761"", 7]]","[[""ff746f7b583490a80ba104361c0a82a1ebbf7ed9097cd03dc49d744cb5057761"", 1]]",False,"The answer matches the reference exactly, is fully supported by the evidence, and the high confidence is appropriate."
mixed-R2,5cb2e9e631929fec4306d0bf7cbf145bcfe5f29d86eade85178d359852626cbf,Does the DIFC law numbered DIFC Law No. 7 of 2018 deal with insolvency and preferential debts?,boolean,null,false,0.0,0.16666666666666666,1.0,"[[""22442c5ee999e2519c68de908be511875a84f2b810ed540c2dcfcbcc65031434"", 7], [""33bc02044716acdfedb164b065bdaec098aaadcae863c591f9931c88e7307d16"", 39], [""72ea171147bf30326fe6fd2e6798f607c7cef4bf9d43761dbccd2f1b6a356849"", 1], [""72ea171147bf30326fe6fd2e6798f607c7cef4bf9d43761dbccd2f1b6a356849"", 40], [""72ea171147bf30326fe6fd2e6798f607c7cef4bf9d43761dbccd2f1b6a356849"", 41], [""ff746f7b583490a80ba104361c0a82a1ebbf7ed9097cd03dc49d744cb5057761"", 4]]","[[""72ea171147bf30326fe6fd2e6798f607c7cef4bf9d43761dbccd2f1b6a356849"", 1]]",False,
mixed-R2,30167c4bda50157907608b180c50e4e49902b0cb6bd09b6461b6c7cb75961a1b,"Summarize the court's final ruling in case CFI 010/2024, as stated on the first page of the document.",free_text,"""There is no information on this question in the provided documents.""","""The court dismissed the Claimant's application for a Default Costs Certificate and ordered the Claimant to bear its own costs of the application.""",0.2,0.0,0.0,"[[""1a255edc261961ec64870466a27ac4e25b5ebc2abe298e1b69f8dd2fc27288f6"", 2], [""22442c5ee999e2519c68de908be511875a84f2b810ed540c2dcfcbcc65031434"", 37], [""3a574fc4f0baa5ec7ff0dcc822d7c55e4f9c493c24addc217c8df3d848c16fa5"", 1], [""3a574fc4f0baa5ec7ff0dcc822d7c55e4f9c493c24addc217c8df3d848c16fa5"", 4], [""536bbce854b9406cc22697e04fcdabd645e030c0e55b918252643b00e0b2b25f"", 20], [""58eae81bf668e7f6c58619f419a49b5e35e2e5c9c7475475ace28ec562580545"", 1], [""839de9798f377492eee68f82b202d7cd3544be83d799f6226a02f3678c9bb914"", 28], [""897ab23ed5a70034d3d708d871ad1da8bc7b6608d94b1ca46b5d578d985d3c13"", 1]]","[[""443e04bc1a78940b3fcd5438d24b6c5f182a276d354a3108e738b193675de032"", 1]]",True,"Incorrect because the reference states the court dismissed the Claimant's application for a Default Costs Certificate and ordered the Claimant to bear its own costs. It is incomplete because it abstains instead of summarizing that ruling. The abstention is not supported by the supplied evidence, which does not establish that no information is available. Confidence is not well calibrated for an unsupported, incorrect abstention."
mixed-R2,30040cc854022341de6bb9ee7dc3e932d540666a1addda4750bf974ce9d9292f,Which case has an earlier Date of Issue: CFI 016/2025 or ENF 269/2023?,name,"""ENF 269/2023""","""ENF 269/2023""",1.0,0.0,0.0,"[[""1a255edc261961ec64870466a27ac4e25b5ebc2abe298e1b69f8dd2fc27288f6"", 32], [""33bc02044716acdfedb164b065bdaec098aaadcae863c591f9931c88e7307d16"", 1], [""3a574fc4f0baa5ec7ff0dcc822d7c55e4f9c493c24addc217c8df3d848c16fa5"", 1], [""437568a801115019fe8278385c0484bdf07ab86f9a499ecaba2b7969b37c764b"", 15], [""536bbce854b9406cc22697e04fcdabd645e030c0e55b918252643b00e0b2b25f"", 1], [""58eae81bf668e7f6c58619f419a49b5e35e2e5c9c7475475ace28ec562580545"", 1], [""5d3df6d69fac3ef91e13ac835b43a35e9e434fbc7e72ea5c01e288d69b66e6a2"", 1], [""fbdd7f9dd299d83b1f398778da2e6765dfaaed62005667264734a1f76ec09071"", 1]]","[[""5d3df6d69fac3ef91e13ac835b43a35e9e434fbc7e72ea5c01e288d69b66e6a2"", 3], [""6248961b681ea0deb189f354be0c8286f35974dcdb211c13c921c3dd0e566a6e"", 2]]",False,
mixed-R2,33060f268efcac79c65cd3e0a39bc0f7d91d9bb1802bc2e08bfa43ec5a5cd355,"According to Article 16(1) of the Operating Law 2018, what document must every Registered Person file with the Registrar at the same time as applying for Licence renewal?",name,"""Confirmation Statement""","""Confirmation Statement""",1.0,0.2,1.0,"[[""72ea171147bf30326fe6fd2e6798f607c7cef4bf9d43761dbccd2f1b6a356849"", 8], [""72ea171147bf30326fe6fd2e6798f607c7cef4bf9d43761dbccd2f1b6a356849"", 9], [""72ea171147bf30326fe6fd2e6798f607c7cef4bf9d43761dbccd2f1b6a356849"", 11], [""b82ac8228e051d96bf8d706d3251893ebff1c9457b066fce3b7cb99af956f2a7"", 17], [""b82ac8228e051d96bf8d706d3251893ebff1c9457b066fce3b7cb99af956f2a7"", 24]]","[[""72ea171147bf30326fe6fd2e6798f607c7cef4bf9d43761dbccd2f1b6a356849"", 11]]",False,
mixed-R2,0149374f1699ab209f6169cffcdd94f45072fca07fbf7a580720760f5c32f658,"Under Article 11(2)(b) of the Employment Law 2019, can an Employee waive any right under this Law by entering into a written agreement with their Employer to terminate employment, provided they were given an opportunity to receive independent legal advice or took part in mediation?",boolean,true,true,1.0,0.16666666666666666,1.0,"[[""09660f78c26cd56c08c7253ed21ba01fb246092f482ccd8acd8e6f9b6fd2d917"", 4], [""33bc02044716acdfedb164b065bdaec098aaadcae863c591f9931c88e7307d16"", 7], [""33bc02044716acdfedb164b065bdaec098aaadcae863c591f9931c88e7307d16"", 11], [""33bc02044716acdfedb164b065bdaec098aaadcae863c591f9931c88e7307d16"", 15], [""33bc02044716acdfedb164b065bdaec098aaadcae863c591f9931c88e7307d16"", 30], [""33bc02044716acdfedb164b065bdaec098aaadcae863c591f9931c88e7307d16"", 33]]","[[""33bc02044716acdfedb164b065bdaec098aaadcae863c591f9931c88e7307d16"", 7]]",True,
mixed-R2,5c3ca60614572a117bb7436e202cb32249c186ad8c5526b35a3556b54ff425b7,Which case has an earlier Date of Issue: CA 004/2025 or SCT 295/2025?,name,null,"""CA 004/2025""",0.0,0.0,0.0,"[[""0471e83c1ea18086cfb6b3ff51da6f22b0efee337f10315b2593f782297ccb84"", 1], [""33bc02044716acdfedb164b065bdaec098aaadcae863c591f9931c88e7307d16"", 44], [""3a574fc4f0baa5ec7ff0dcc822d7c55e4f9c493c24addc217c8df3d848c16fa5"", 1], [""536bbce854b9406cc22697e04fcdabd645e030c0e55b918252643b00e0b2b25f"", 13], [""58eae81bf668e7f6c58619f419a49b5e35e2e5c9c7475475ace28ec562580545"", 1], [""839de9798f377492eee68f82b202d7cd3544be83d799f6226a02f3678c9bb914"", 1]]","[[""09660f78c26cd56c08c7253ed21ba01fb246092f482ccd8acd8e6f9b6fd2d917"", 2], [""78ffe994cdc61ce6a2a6937c79fc52751bb5d2b4eaa4019f088fbccf70569c26"", 2]]",True,
mixed-R2,52e9e31a6d7a80a597147115b3d38065da495a41e7c11e797d0a190c9a580bcf,What was the outcome of the specific order or application described in case SCT 295/2025?,free_text,"""The set-aside application was granted on 2025-04-22.""","""The permission to appeal application was refused, and there was no order as to costs.""",0.4,0.0,0.0,"[[""3a574fc4f0baa5ec7ff0dcc822d7c55e4f9c493c24addc217c8df3d848c16fa5"", 1], [""3f8a5ea0e051ba3af7a02da340c911fe0970ebece6c852c3e61a10c00cac6d6e"", 16], [""437568a801115019fe8278385c0484bdf07ab86f9a499ecaba2b7969b37c764b"", 2], [""62930da32fa3172edf2f2bbf3da268455bd99a7b5fab34d72358730d8cd5da30"", 1], [""839de9798f377492eee68f82b202d7cd3544be83d799f6226a02f3678c9bb914"", 18], [""c98c1475692bc22f4abab6a7a7d7969467c94e46a7e68919aaf127179ebf3f54"", 1], [""d32e76d495ac7d855d805fb71682b98d254520e3799aa4529ebc983212648335"", 3]]","[[""09660f78c26cd56c08c7253ed21ba01fb246092f482ccd8acd8e6f9b6fd2d917"", 2]]",False,"The submission does not match the reference: the reference says the permission to appeal application was refused with no order as to costs, not that a set-aside application was granted. It also omits the costs disposition. The set-aside-granted statement is supported by the evidence, but the answer is still incorrect for the asked order/application. Confidence is too high for a mismatched answer."
mixed-R2,fdeb03aecacff6f7d78a86ff22a13e95abe014855c18282b142d6ad1f46daa0a,Review the full case files for DEC 001/2025 and TCD 001/2024 — did any judge preside over proceedings in both cases?,boolean,null,false,0.0,0.42857142857142855,0.5,"[[""0471e83c1ea18086cfb6b3ff51da6f22b0efee337f10315b2593f782297ccb84"", 1], [""3a574fc4f0baa5ec7ff0dcc822d7c55e4f9c493c24addc217c8df3d848c16fa5"", 1], [""3a574fc4f0baa5ec7ff0dcc822d7c55e4f9c493c24addc217c8df3d848c16fa5"", 4], [""437568a801115019fe8278385c0484bdf07ab86f9a499ecaba2b7969b37c764b"", 7], [""62930da32fa3172edf2f2bbf3da268455bd99a7b5fab34d72358730d8cd5da30"", 1], [""839de9798f377492eee68f82b202d7cd3544be83d799f6226a02f3678c9bb914"", 1], [""d32e76d495ac7d855d805fb71682b98d254520e3799aa4529ebc983212648335"", 4]]","[[""0471e83c1ea18086cfb6b3ff51da6f22b0efee337f10315b2593f782297ccb84"", 1], [""1a255edc261961ec64870466a27ac4e25b5ebc2abe298e1b69f8dd2fc27288f6"", 2], [""3f8a5ea0e051ba3af7a02da340c911fe0970ebece6c852c3e61a10c00cac6d6e"", 1], [""62930da32fa3172edf2f2bbf3da268455bd99a7b5fab34d72358730d8cd5da30"", 1], [""839de9798f377492eee68f82b202d7cd3544be83d799f6226a02f3678c9bb914"", 1], [""c98c1475692bc22f4abab6a7a7d7969467c94e46a7e68919aaf127179ebf3f54"", 1]]",False,
mixed-R2,eeffebf44c689e60729c466dd3fda5e7c2731c84220464c1808ef661452d1de0,"According to the Conclusion section of case CA 009/2024, how did the Court of Appeal rule, and what costs were awarded?",free_text,"""The Court of Appeal allowed the appeal to the extent stated in its order: it restored the Second Part 50 order in amended form against Ms Onita and dismissed the appeal insofar as it related to Mr Oron. It awarded the Appellant costs at 50% of the amount claimed, namely USD 60, 1""","""The Court of Appeal allowed the appeal to the extent shown in its order, restored the amended Second Part 50 order against Ms Onita, dismissed the appeal as to Mr Oron, and awarded the appellant USD 60,541.25 in costs.""",0.2,0.25,1.0,"[[""437568a801115019fe8278385c0484bdf07ab86f9a499ecaba2b7969b37c764b"", 5], [""6248961b681ea0deb189f354be0c8286f35974dcdb211c13c921c3dd0e566a6e"", 6], [""78ffe994cdc61ce6a2a6937c79fc52751bb5d2b4eaa4019f088fbccf70569c26"", 1], [""bd2d222ee0a636a745434cfb457321cd658db5bb32b5f0a3f5643236cc1503d8"", 14]]","[[""bd2d222ee0a636a745434cfb457321cd658db5bb32b5f0a3f5643236cc1503d8"", 14]]",True,"The ruling is basically right, but the costs portion is incomplete/truncated ('USD 60, 1') instead of the full amount USD 60,541.25, so the answer is not fully correct or complete. The confidence is also too high for an unfinished answer."
mixed-R2,6c32a091c7108047fabbea4f78137837d79c46a5a864963872cb7035ea9cce0f,What was the claim value in AED referenced in the appeal judgment CA 005/2025?,number,4200000,405351504,0.0,0.16666666666666666,1.0,"[[""0471e83c1ea18086cfb6b3ff51da6f22b0efee337f10315b2593f782297ccb84"", 2], [""437568a801115019fe8278385c0484bdf07ab86f9a499ecaba2b7969b37c764b"", 3], [""6248961b681ea0deb189f354be0c8286f35974dcdb211c13c921c3dd0e566a6e"", 6], [""6248961b681ea0deb189f354be0c8286f35974dcdb211c13c921c3dd0e566a6e"", 7], [""62930da32fa3172edf2f2bbf3da268455bd99a7b5fab34d72358730d8cd5da30"", 3], [""f4c4d051d514270964adcf58e124569e396602340b7d9172671759de10a95897"", 2]]","[[""437568a801115019fe8278385c0484bdf07ab86f9a499ecaba2b7969b37c764b"", 3]]",False,
mixed-R2,f564b1fd7332944fa826e3af69330b53e8fed018c370dde5b57a8e338d4ecd62,"Between CFI 016/2025 and CFI 057/2025, which document has the earlier issue date?",name,null,"""CFI 057/2025""",0.0,0.0,0.0,"[[""33bc02044716acdfedb164b065bdaec098aaadcae863c591f9931c88e7307d16"", 1], [""3a574fc4f0baa5ec7ff0dcc822d7c55e4f9c493c24addc217c8df3d848c16fa5"", 1], [""536bbce854b9406cc22697e04fcdabd645e030c0e55b918252643b00e0b2b25f"", 1], [""58eae81bf668e7f6c58619f419a49b5e35e2e5c9c7475475ace28ec562580545"", 1], [""b82ac8228e051d96bf8d706d3251893ebff1c9457b066fce3b7cb99af956f2a7"", 1], [""c98c1475692bc22f4abab6a7a7d7969467c94e46a7e68919aaf127179ebf3f54"", 1]]","[[""1b446e196b4d1752241c8ff689a31ea705e98ad0c16b9d343c303664f72b64a1"", 1], [""6248961b681ea0deb189f354be0c8286f35974dcdb211c13c921c3dd0e566a6e"", 1]]",True,
mixed-R2,b31a702f36e2c43e845e13f160ebc35d3d6ea27eb66a351561a94f0ce56b8667,"According to Article 13 of the Employment Law 2019, can an Employer employ a child who is under sixteen years of age?",boolean,false,false,1.0,0.16666666666666666,1.0,"[[""33bc02044716acdfedb164b065bdaec098aaadcae863c591f9931c88e7307d16"", 4], [""33bc02044716acdfedb164b065bdaec098aaadcae863c591f9931c88e7307d16"", 5], [""33bc02044716acdfedb164b065bdaec098aaadcae863c591f9931c88e7307d16"", 6], [""33bc02044716acdfedb164b065bdaec098aaadcae863c591f9931c88e7307d16"", 7], [""33bc02044716acdfedb164b065bdaec098aaadcae863c591f9931c88e7307d16"", 24], [""33bc02044716acdfedb164b065bdaec098aaadcae863c591f9931c88e7307d16"", 44]]","[[""33bc02044716acdfedb164b065bdaec098aaadcae863c591f9931c88e7307d16"", 7]]",True,
mixed-R2,b13500141f04c86f328b49c56ba01c7bc13bce5afee9646860912718291a5c1a,"According to Article 7(3)(j) of the Operating Law 2018, can the Registrar delegate its functions and powers to officers or employees of the DIFCA without the approval of the Board of Directors of the DIFCA?",boolean,true,true,1.0,0.3333333333333333,1.0,"[[""72ea171147bf30326fe6fd2e6798f607c7cef4bf9d43761dbccd2f1b6a356849"", 6], [""72ea171147bf30326fe6fd2e6798f607c7cef4bf9d43761dbccd2f1b6a356849"", 29], [""fbdd7f9dd299d83b1f398778da2e6765dfaaed62005667264734a1f76ec09071"", 6]]","[[""72ea171147bf30326fe6fd2e6798f607c7cef4bf9d43761dbccd2f1b6a356849"", 6]]",False,
mixed-R2,43f77ed8a37c7af9b3e52b0532c593c768f8f1159db9b9ca717a700d6b0a47f9,"From the header/caption section of each document in case TCD 001/2024, identify all parties listed as Claimant.",names,"[""Techteryx""]","[""ARCHITERIORS INTERIOR DESIGN (L.L.C)""]",0.0,0.5,1.0,"[[""0471e83c1ea18086cfb6b3ff51da6f22b0efee337f10315b2593f782297ccb84"", 1], [""58eae81bf668e7f6c58619f419a49b5e35e2e5c9c7475475ace28ec562580545"", 1], [""58eae81bf668e7f6c58619f419a49b5e35e2e5c9c7475475ace28ec562580545"", 3], [""62930da32fa3172edf2f2bbf3da268455bd99a7b5fab34d72358730d8cd5da30"", 1], [""839de9798f377492eee68f82b202d7cd3544be83d799f6226a02f3678c9bb914"", 5], [""c98c1475692bc22f4abab6a7a7d7969467c94e46a7e68919aaf127179ebf3f54"", 1]]","[[""0471e83c1ea18086cfb6b3ff51da6f22b0efee337f10315b2593f782297ccb84"", 1], [""62930da32fa3172edf2f2bbf3da268455bd99a7b5fab34d72358730d8cd5da30"", 1], [""c98c1475692bc22f4abab6a7a7d7969467c94e46a7e68919aaf127179ebf3f54"", 1]]",False,
mixed-R2,12eaaba41338f13b21be7ab9fa1d754390b7aab512e9f33ea7184cc2b2f54d86,Is there a judge who presided over both case CA 004/2025 and case CFI 010/2024?,boolean,null,false,0.0,0.16666666666666666,0.5,"[[""3a574fc4f0baa5ec7ff0dcc822d7c55e4f9c493c24addc217c8df3d848c16fa5"", 1], [""3a574fc4f0baa5ec7ff0dcc822d7c55e4f9c493c24addc217c8df3d848c16fa5"", 4], [""536bbce854b9406cc22697e04fcdabd645e030c0e55b918252643b00e0b2b25f"", 19], [""58eae81bf668e7f6c58619f419a49b5e35e2e5c9c7475475ace28ec562580545"", 1], [""78ffe994cdc61ce6a2a6937c79fc52751bb5d2b4eaa4019f088fbccf70569c26"", 1], [""d32e76d495ac7d855d805fb71682b98d254520e3799aa4529ebc983212648335"", 4]]","[[""443e04bc1a78940b3fcd5438d24b6c5f182a276d354a3108e738b193675de032"", 1], [""78ffe994cdc61ce6a2a6937c79fc52751bb5d2b4eaa4019f088fbccf70569c26"", 1]]",True,
mixed-R2,1097af38db84c4d507357bfbdcbbcc1de60a0ccb10752bad8091a75b8f53eb5c,What is the minimum period for which a DIFC-incorporated General Partnership and a DIFC-incorporated Limited Liability Partnership must preserve their accounting records?,free_text,"""At least six (6) years.""","""Both must preserve their accounting records for at least six years from the date they were created.""",1.0,0.25,0.5,"[[""302a0bd8d67775e8dc5960ecec7879be566300d8b32c4b0153ba15ebdb279425"", 2], [""302a0bd8d67775e8dc5960ecec7879be566300d8b32c4b0153ba15ebdb279425"", 6], [""302a0bd8d67775e8dc5960ecec7879be566300d8b32c4b0153ba15ebdb279425"", 7], [""b82ac8228e051d96bf8d706d3251893ebff1c9457b066fce3b7cb99af956f2a7"", 2]]","[[""302a0bd8d67775e8dc5960ecec7879be566300d8b32c4b0153ba15ebdb279425"", 7], [""b82ac8228e051d96bf8d706d3251893ebff1c9457b066fce3b7cb99af956f2a7"", 13]]",False,The answer is factually consistent with the reference and directly answers the minimum period as six years. It is concise and appropriately confident.
mixed-R2,0a414e1d999bcde13b5dac055194ed52527555ac577946acef75372eaad360fa,What did the jury decide in case ENF 269/2023?,free_text,"""There is no information on this question in the provided documents.""","""There is no information on this question in the provided documents.""",1.0,,,"[[""22442c5ee999e2519c68de908be511875a84f2b810ed540c2dcfcbcc65031434"", 9], [""3a574fc4f0baa5ec7ff0dcc822d7c55e4f9c493c24addc217c8df3d848c16fa5"", 4], [""536bbce854b9406cc22697e04fcdabd645e030c0e55b918252643b00e0b2b25f"", 13], [""536bbce854b9406cc22697e04fcdabd645e030c0e55b918252643b00e0b2b25f"", 19], [""536bbce854b9406cc22697e04fcdabd645e030c0e55b918252643b00e0b2b25f"", 20], [""5d3df6d69fac3ef91e13ac835b43a35e9e434fbc7e72ea5c01e288d69b66e6a2"", 1], [""62930da32fa3172edf2f2bbf3da268455bd99a7b5fab34d72358730d8cd5da30"", 1], [""bd2d222ee0a636a745434cfb457321cd658db5bb32b5f0a3f5643236cc1503d8"", 2]]",[],False,"The submission matches the reference by appropriately abstaining. It is concise, relevant, and the high confidence is acceptable given the matching reference and lack of substantive evidence in the provided documents."
mixed-R2,146567e3d096312584103b24983e3ff8e904e4ec5dea993d9774d24fef15fce7,"According to Article 14(2)(b) of the General Partnership Law 2004, how many years must a Recognised Partnership's Accounting Records be preserved?",number,6,6,1.0,0.3333333333333333,1.0,"[[""302a0bd8d67775e8dc5960ecec7879be566300d8b32c4b0153ba15ebdb279425"", 6], [""302a0bd8d67775e8dc5960ecec7879be566300d8b32c4b0153ba15ebdb279425"", 7], [""b82ac8228e051d96bf8d706d3251893ebff1c9457b066fce3b7cb99af956f2a7"", 18]]","[[""302a0bd8d67775e8dc5960ecec7879be566300d8b32c4b0153ba15ebdb279425"", 6]]",False,
mixed-R2,81d5652bd7e7518381629876f05fdded589e1acc60c8e93aae54488d23493214,Is there a judge who presided over both case ARB 034/2025 and case CFI 067/2025?,boolean,null,true,0.0,0.25,0.5,"[[""1a255edc261961ec64870466a27ac4e25b5ebc2abe298e1b69f8dd2fc27288f6"", 4], [""3a574fc4f0baa5ec7ff0dcc822d7c55e4f9c493c24addc217c8df3d848c16fa5"", 1], [""536bbce854b9406cc22697e04fcdabd645e030c0e55b918252643b00e0b2b25f"", 19], [""58eae81bf668e7f6c58619f419a49b5e35e2e5c9c7475475ace28ec562580545"", 1]]","[[""58eae81bf668e7f6c58619f419a49b5e35e2e5c9c7475475ace28ec562580545"", 1], [""897ab23ed5a70034d3d708d871ad1da8bc7b6608d94b1ca46b5d578d985d3c13"", 1]]",True,
mixed-R2,ca8aebcc86f2b1ea064a28736c67b04357474bcf1128890991c73a237091638a,"Under Article 10(3) of the Operating Law 2018, how many days does a Registered Person have to change its name if it becomes misleading, deceptive, or conflicting?",number,30,30,1.0,0.25,1.0,"[[""72ea171147bf30326fe6fd2e6798f607c7cef4bf9d43761dbccd2f1b6a356849"", 9], [""72ea171147bf30326fe6fd2e6798f607c7cef4bf9d43761dbccd2f1b6a356849"", 10], [""72ea171147bf30326fe6fd2e6798f607c7cef4bf9d43761dbccd2f1b6a356849"", 11], [""72ea171147bf30326fe6fd2e6798f607c7cef4bf9d43761dbccd2f1b6a356849"", 43]]","[[""72ea171147bf30326fe6fd2e6798f607c7cef4bf9d43761dbccd2f1b6a356849"", 9]]",False,
mixed-R2,d9d27c9cace6eafd11dbb349244e0443e16c8cc0efdf516514cc945135e1a597,"Between ARB 034/2025 and SCT 295/2025, which was issued first?",name,null,"""SCT 295/2025""",0.0,0.0,0.0,"[[""33bc02044716acdfedb164b065bdaec098aaadcae863c591f9931c88e7307d16"", 1], [""3a574fc4f0baa5ec7ff0dcc822d7c55e4f9c493c24addc217c8df3d848c16fa5"", 1], [""536bbce854b9406cc22697e04fcdabd645e030c0e55b918252643b00e0b2b25f"", 1], [""58eae81bf668e7f6c58619f419a49b5e35e2e5c9c7475475ace28ec562580545"", 1]]","[[""09660f78c26cd56c08c7253ed21ba01fb246092f482ccd8acd8e6f9b6fd2d917"", 2], [""58eae81bf668e7f6c58619f419a49b5e35e2e5c9c7475475ace28ec562580545"", 2]]",True,
mixed-R2,be35b591e2e2383879988055e11ebf31df0e145903e04b4e0c6fca1786ff634d,"According to the 'IT IS HEREBY ORDERED THAT' section of arbitration case ARB 034/2025, what did the court decide?",free_text,"""There is no information on this question in the provided documents.""","""The ASI Order was discharged, the Defendant's Set Aside Application was granted, and the Claimant was ordered to pay the Defendant's costs, with a costs statement due within 5 days.""",0.0,0.0,0.0,"[[""22442c5ee999e2519c68de908be511875a84f2b810ed540c2dcfcbcc65031434"", 30], [""4e387152960c1029b3711cacb05b287b13c977bc61f2558059a62b7b427a62eb"", 16], [""58eae81bf668e7f6c58619f419a49b5e35e2e5c9c7475475ace28ec562580545"", 1], [""58eae81bf668e7f6c58619f419a49b5e35e2e5c9c7475475ace28ec562580545"", 3]]","[[""58eae81bf668e7f6c58619f419a49b5e35e2e5c9c7475475ace28ec562580545"", 2]]",True,"The submission incorrectly abstains instead of answering the order. The reference says the ASI Order was discharged, the Defendant’s Set Aside Application was granted, and the Claimant was ordered to pay the Defendant’s costs (with a costs statement due within 5 days)."
mixed-R2,8bf189fe861d79f2e2dfb2e9126fe590c41f6034afc0ee1ef5aefa61202b9d01,"Based on all documents in case CFI 010/2024 and case DEC 001/2025, did any judge appear in both cases?",boolean,false,false,1.0,0.14285714285714285,0.25,"[[""1a255edc261961ec64870466a27ac4e25b5ebc2abe298e1b69f8dd2fc27288f6"", 2], [""22442c5ee999e2519c68de908be511875a84f2b810ed540c2dcfcbcc65031434"", 9], [""3a574fc4f0baa5ec7ff0dcc822d7c55e4f9c493c24addc217c8df3d848c16fa5"", 1], [""3a574fc4f0baa5ec7ff0dcc822d7c55e4f9c493c24addc217c8df3d848c16fa5"", 4], [""536bbce854b9406cc22697e04fcdabd645e030c0e55b918252643b00e0b2b25f"", 19], [""58eae81bf668e7f6c58619f419a49b5e35e2e5c9c7475475ace28ec562580545"", 1], [""d32e76d495ac7d855d805fb71682b98d254520e3799aa4529ebc983212648335"", 4]]","[[""1a255edc261961ec64870466a27ac4e25b5ebc2abe298e1b69f8dd2fc27288f6"", 2], [""3f8a5ea0e051ba3af7a02da340c911fe0970ebece6c852c3e61a10c00cac6d6e"", 1], [""443e04bc1a78940b3fcd5438d24b6c5f182a276d354a3108e738b193675de032"", 1], [""839de9798f377492eee68f82b202d7cd3544be83d799f6226a02f3678c9bb914"", 1]]",True,
mixed-R2,c9f0dd67c60a88de9c2c38956f2ffd7b394eb4d7568c73d1869b4182480faf64,"According to the 'IT IS HEREBY ORDERED THAT' section of case SCT 454/2024, what was the outcome of the application for permission to appeal?",free_text,"""The application for permission to appeal was refused.""","""The application for permission to appeal was refused.""",1.0,0.0,0.0,"[[""09660f78c26cd56c08c7253ed21ba01fb246092f482ccd8acd8e6f9b6fd2d917"", 2], [""09660f78c26cd56c08c7253ed21ba01fb246092f482ccd8acd8e6f9b6fd2d917"", 8], [""1b446e196b4d1752241c8ff689a31ea705e98ad0c16b9d343c303664f72b64a1"", 2], [""3a574fc4f0baa5ec7ff0dcc822d7c55e4f9c493c24addc217c8df3d848c16fa5"", 2], [""437568a801115019fe8278385c0484bdf07ab86f9a499ecaba2b7969b37c764b"", 4], [""6306079a16b1dec85690f75c715cdbd78b0685a3e19ee30250d481bc32f2e29a"", 1], [""6306079a16b1dec85690f75c715cdbd78b0685a3e19ee30250d481bc32f2e29a"", 6], [""bd2d222ee0a636a745434cfb457321cd658db5bb32b5f0a3f5643236cc1503d8"", 5]]","[[""f4c4d051d514270964adcf58e124569e396602340b7d9172671759de10a95897"", 1]]",False,"The submission matches the reference exactly: the application for permission to appeal was refused. The evidence also directly supports this outcome, and the response is clear and relevant."
mixed-R2,84a7c3564026e528c0a5e6a86a72447b4be016d6aa26ce5ce87843c58a975629,What was the plea bargain in case ARB 034/2025?,free_text,"""There is no information on this question in the provided documents.""","""There is no information on this question in the provided documents.""",1.0,,,"[[""09660f78c26cd56c08c7253ed21ba01fb246092f482ccd8acd8e6f9b6fd2d917"", 6], [""58eae81bf668e7f6c58619f419a49b5e35e2e5c9c7475475ace28ec562580545"", 1]]",[],False,"The submission correctly abstains, matching the reference that no information is available."
mixed-R2,b9e824da7bc69fa5b2f4e989a4d591d9c5196362cc985f70a9c29e6f710ea817,"According to the 'IT IS HEREBY ORDERED THAT' section of case CFI 092/2024, what was the outcome of the Defendants' application?",free_text,"""The Defendants’ application was granted.""","""The Defendants' immediate judgment application was dismissed, and the claim will proceed to trial alongside the main issues.""",0.2,0.0,0.0,"[[""437568a801115019fe8278385c0484bdf07ab86f9a499ecaba2b7969b37c764b"", 5], [""437568a801115019fe8278385c0484bdf07ab86f9a499ecaba2b7969b37c764b"", 11], [""58eae81bf668e7f6c58619f419a49b5e35e2e5c9c7475475ace28ec562580545"", 2], [""58eae81bf668e7f6c58619f419a49b5e35e2e5c9c7475475ace28ec562580545"", 4], [""897ab23ed5a70034d3d708d871ad1da8bc7b6608d94b1ca46b5d578d985d3c13"", 1], [""bd2d222ee0a636a745434cfb457321cd658db5bb32b5f0a3f5643236cc1503d8"", 5], [""d32e76d495ac7d855d805fb71682b98d254520e3799aa4529ebc983212648335"", 1]]","[[""d32e76d495ac7d855d805fb71682b98d254520e3799aa4529ebc983212648335"", 2]]",False,"The answer is incorrect: the Defendants' application was dismissed, not granted. It is also incomplete because it omits that the claim proceeds to trial alongside the main issues. The high confidence is not calibrated to the incorrect, unsupported answer."
mixed-R2,3ab3489605bc64891f36d9f3c7cf9c8608d08163b8673db41aa359097786b4bc,"According to Article 12(4) of the Common Reporting Standard Law 2018, for how many years must records be retained by Reporting Financial Institutions after the date of reporting the information?",number,6,6,1.0,0.2,1.0,"[[""fbdd7f9dd299d83b1f398778da2e6765dfaaed62005667264734a1f76ec09071"", 3], [""fbdd7f9dd299d83b1f398778da2e6765dfaaed62005667264734a1f76ec09071"", 6], [""fbdd7f9dd299d83b1f398778da2e6765dfaaed62005667264734a1f76ec09071"", 7], [""fbdd7f9dd299d83b1f398778da2e6765dfaaed62005667264734a1f76ec09071"", 8], [""fbdd7f9dd299d83b1f398778da2e6765dfaaed62005667264734a1f76ec09071"", 17]]","[[""fbdd7f9dd299d83b1f398778da2e6765dfaaed62005667264734a1f76ec09071"", 7]]",False,
mixed-R2,ec0aa6992207b818c06e57dd28b08dad22ba2de3bd9e81a9a222e2fba9814406,Who are listed as the claimants in the case documents for SCT 454/2024?,names,"[""Techteryx DMCC""]","[""Oleta""]",0.0,0.0,0.0,"[[""1a255edc261961ec64870466a27ac4e25b5ebc2abe298e1b69f8dd2fc27288f6"", 18], [""3a574fc4f0baa5ec7ff0dcc822d7c55e4f9c493c24addc217c8df3d848c16fa5"", 1], [""437568a801115019fe8278385c0484bdf07ab86f9a499ecaba2b7969b37c764b"", 3], [""58eae81bf668e7f6c58619f419a49b5e35e2e5c9c7475475ace28ec562580545"", 1], [""58eae81bf668e7f6c58619f419a49b5e35e2e5c9c7475475ace28ec562580545"", 3], [""62930da32fa3172edf2f2bbf3da268455bd99a7b5fab34d72358730d8cd5da30"", 1], [""839de9798f377492eee68f82b202d7cd3544be83d799f6226a02f3678c9bb914"", 5], [""d32e76d495ac7d855d805fb71682b98d254520e3799aa4529ebc983212648335"", 3]]","[[""f4c4d051d514270964adcf58e124569e396602340b7d9172671759de10a95897"", 1]]",False,
mixed-R2,e9b7a25f2bca575390d55244471366612a7698321f47c4f1eb28724c8448ef7d,Was the same judge involved in both case CFI 010/2024 and case CFI 016/2025?,boolean,false,false,1.0,0.0,0.0,"[[""1a255edc261961ec64870466a27ac4e25b5ebc2abe298e1b69f8dd2fc27288f6"", 2], [""22442c5ee999e2519c68de908be511875a84f2b810ed540c2dcfcbcc65031434"", 9], [""3a574fc4f0baa5ec7ff0dcc822d7c55e4f9c493c24addc217c8df3d848c16fa5"", 1], [""3a574fc4f0baa5ec7ff0dcc822d7c55e4f9c493c24addc217c8df3d848c16fa5"", 4], [""536bbce854b9406cc22697e04fcdabd645e030c0e55b918252643b00e0b2b25f"", 13], [""536bbce854b9406cc22697e04fcdabd645e030c0e55b918252643b00e0b2b25f"", 19], [""d32e76d495ac7d855d805fb71682b98d254520e3799aa4529ebc983212648335"", 4]]","[[""443e04bc1a78940b3fcd5438d24b6c5f182a276d354a3108e738b193675de032"", 1], [""6248961b681ea0deb189f354be0c8286f35974dcdb211c13c921c3dd0e566a6e"", 1]]",True,
mixed-R2,d6eb4a640e0ad690e92c1463e15f5394d36d8f5bb407f0fa4d7413c456c7a5bd,"Under Article 11(1) of the Employment Law 2019, is a provision in an agreement to waive minimum employment requirements void in all circumstances, except where expressly permitted by the Law?",boolean,true,true,1.0,0.16666666666666666,1.0,"[[""33bc02044716acdfedb164b065bdaec098aaadcae863c591f9931c88e7307d16"", 4], [""33bc02044716acdfedb164b065bdaec098aaadcae863c591f9931c88e7307d16"", 7], [""33bc02044716acdfedb164b065bdaec098aaadcae863c591f9931c88e7307d16"", 15], [""33bc02044716acdfedb164b065bdaec098aaadcae863c591f9931c88e7307d16"", 25], [""33bc02044716acdfedb164b065bdaec098aaadcae863c591f9931c88e7307d16"", 30], [""33bc02044716acdfedb164b065bdaec098aaadcae863c591f9931c88e7307d16"", 42]]","[[""33bc02044716acdfedb164b065bdaec098aaadcae863c591f9931c88e7307d16"", 7]]",True,
mixed-R2,88f62d095220495f4a36b31f9f976e726aea7b53f6aead57084c6d8b36dc9814,Which case was issued earlier by the Court of First Instance: CFI 057/2025 or CFI 067/2025?,name,null,"""CFI 057/2025""",0.0,0.0,0.0,"[[""1b446e196b4d1752241c8ff689a31ea705e98ad0c16b9d343c303664f72b64a1"", 1], [""33bc02044716acdfedb164b065bdaec098aaadcae863c591f9931c88e7307d16"", 1], [""3a574fc4f0baa5ec7ff0dcc822d7c55e4f9c493c24addc217c8df3d848c16fa5"", 1], [""536bbce854b9406cc22697e04fcdabd645e030c0e55b918252643b00e0b2b25f"", 13], [""536bbce854b9406cc22697e04fcdabd645e030c0e55b918252643b00e0b2b25f"", 19], [""58eae81bf668e7f6c58619f419a49b5e35e2e5c9c7475475ace28ec562580545"", 1], [""62930da32fa3172edf2f2bbf3da268455bd99a7b5fab34d72358730d8cd5da30"", 1]]","[[""1b446e196b4d1752241c8ff689a31ea705e98ad0c16b9d343c303664f72b64a1"", 2], [""897ab23ed5a70034d3d708d871ad1da8bc7b6608d94b1ca46b5d578d985d3c13"", 2]]",True,
mixed-R2,dd736c7955429054fc55ea9eb55b96d3feb13e410f27a25651eefe5ecb536575,Which case has an earlier Date of Issue: ENF 269/2023 or SCT 169/2025?,name,null,"""ENF 269/2023""",0.0,0.0,0.0,"[[""1a255edc261961ec64870466a27ac4e25b5ebc2abe298e1b69f8dd2fc27288f6"", 32], [""33bc02044716acdfedb164b065bdaec098aaadcae863c591f9931c88e7307d16"", 32], [""33bc02044716acdfedb164b065bdaec098aaadcae863c591f9931c88e7307d16"", 33], [""3a574fc4f0baa5ec7ff0dcc822d7c55e4f9c493c24addc217c8df3d848c16fa5"", 1], [""437568a801115019fe8278385c0484bdf07ab86f9a499ecaba2b7969b37c764b"", 15], [""536bbce854b9406cc22697e04fcdabd645e030c0e55b918252643b00e0b2b25f"", 13], [""fbdd7f9dd299d83b1f398778da2e6765dfaaed62005667264734a1f76ec09071"", 12]]","[[""3a574fc4f0baa5ec7ff0dcc822d7c55e4f9c493c24addc217c8df3d848c16fa5"", 2], [""5d3df6d69fac3ef91e13ac835b43a35e9e434fbc7e72ea5c01e288d69b66e6a2"", 3]]",True,
mixed-R2,84941458c4ade946dae84cf5ebc4abf362a6f6e6fec835ba5c43ad2d3b4b14d7,Is there any information about parole hearings in case CFI 057/2025?,free_text,"""There is no explicit information about parole hearings in the provided documents. The only hearing-related information is that the hearings on 13 and 14 May 2025 are vacated.""","""There is no information on this question in the provided documents.""",1.0,,,"[[""03b621728fe29eb6113fcdb57f6458d793fd2d5c5b833ae26d40f04a29c85359"", 2], [""1a255edc261961ec64870466a27ac4e25b5ebc2abe298e1b69f8dd2fc27288f6"", 4], [""33bc02044716acdfedb164b065bdaec098aaadcae863c591f9931c88e7307d16"", 22], [""33bc02044716acdfedb164b065bdaec098aaadcae863c591f9931c88e7307d16"", 44], [""3a574fc4f0baa5ec7ff0dcc822d7c55e4f9c493c24addc217c8df3d848c16fa5"", 1], [""58eae81bf668e7f6c58619f419a49b5e35e2e5c9c7475475ace28ec562580545"", 1], [""839de9798f377492eee68f82b202d7cd3544be83d799f6226a02f3678c9bb914"", 19]]",[],False,The submission appropriately abstains and matches the reference that no information is available about parole hearings in the provided documents.
mixed-R2,ff1b357588e9b5881ec9b1558ede2892e7cbf42a6787a1cbb922b45318f66778,"According to the title page of the DIFC Law on the Application of Civil and Commercial Laws, what is its official law number?",number,1,3,0.0,0.0,0.0,"[[""22442c5ee999e2519c68de908be511875a84f2b810ed540c2dcfcbcc65031434"", 1], [""33bc02044716acdfedb164b065bdaec098aaadcae863c591f9931c88e7307d16"", 1], [""4e387152960c1029b3711cacb05b287b13c977bc61f2558059a62b7b427a62eb"", 1], [""72ea171147bf30326fe6fd2e6798f607c7cef4bf9d43761dbccd2f1b6a356849"", 1], [""fbdd7f9dd299d83b1f398778da2e6765dfaaed62005667264734a1f76ec09071"", 1], [""ff746f7b583490a80ba104361c0a82a1ebbf7ed9097cd03dc49d744cb5057761"", 4]]","[[""ff746f7b583490a80ba104361c0a82a1ebbf7ed9097cd03dc49d744cb5057761"", 1]]",False,
mixed-R2,f2ea23e9f861379a5c049830b57dcb499d4e6ce51013e64d49722b5845139e22,"Under Article 22 of the Operating Law 2018, for how many years from the date the Registrar becomes aware of an act or omission can the Registrar exercise powers in respect of a former Registered Person removed from the Public Register?",number,3,3,1.0,0.16666666666666666,1.0,"[[""72ea171147bf30326fe6fd2e6798f607c7cef4bf9d43761dbccd2f1b6a356849"", 2], [""72ea171147bf30326fe6fd2e6798f607c7cef4bf9d43761dbccd2f1b6a356849"", 10], [""72ea171147bf30326fe6fd2e6798f607c7cef4bf9d43761dbccd2f1b6a356849"", 15], [""72ea171147bf30326fe6fd2e6798f607c7cef4bf9d43761dbccd2f1b6a356849"", 21], [""72ea171147bf30326fe6fd2e6798f607c7cef4bf9d43761dbccd2f1b6a356849"", 22], [""72ea171147bf30326fe6fd2e6798f607c7cef4bf9d43761dbccd2f1b6a356849"", 23]]","[[""72ea171147bf30326fe6fd2e6798f607c7cef4bf9d43761dbccd2f1b6a356849"", 15]]",False,
mixed-R2,095cb50318776a3b8ef11769cd941775694c194924783ee31109c25e3306600e,Who is responsible for administering the Employment Law and any Regulations made under it?,free_text,"""The Relevant Authority.""","""The DIFCA administers the Employment Law and any Regulations made under it.""",1.0,0.2,1.0,"[[""22442c5ee999e2519c68de908be511875a84f2b810ed540c2dcfcbcc65031434"", 4], [""302a0bd8d67775e8dc5960ecec7879be566300d8b32c4b0153ba15ebdb279425"", 4], [""33bc02044716acdfedb164b065bdaec098aaadcae863c591f9931c88e7307d16"", 6], [""72ea171147bf30326fe6fd2e6798f607c7cef4bf9d43761dbccd2f1b6a356849"", 19], [""fbdd7f9dd299d83b1f398778da2e6765dfaaed62005667264734a1f76ec09071"", 4]]","[[""33bc02044716acdfedb164b065bdaec098aaadcae863c591f9931c88e7307d16"", 6]]",True,"The answer matches the source text, which states the Law is administered by the Relevant Authority; this appears to correspond to DIFCA in the reference."
mixed-R2,c2cf8224f1166780b25c77feede37101c514517ed61485c9ae31f6b1eb8c744b,Who administers the Foundations Law?,free_text,"""There is no information on this question in the provided documents.""","""The Registrar administers the Foundations Law.""",0.2,0.0,0.0,"[[""22442c5ee999e2519c68de908be511875a84f2b810ed540c2dcfcbcc65031434"", 5], [""22442c5ee999e2519c68de908be511875a84f2b810ed540c2dcfcbcc65031434"", 7], [""22442c5ee999e2519c68de908be511875a84f2b810ed540c2dcfcbcc65031434"", 21], [""22442c5ee999e2519c68de908be511875a84f2b810ed540c2dcfcbcc65031434"", 25], [""22442c5ee999e2519c68de908be511875a84f2b810ed540c2dcfcbcc65031434"", 30], [""33bc02044716acdfedb164b065bdaec098aaadcae863c591f9931c88e7307d16"", 2], [""33bc02044716acdfedb164b065bdaec098aaadcae863c591f9931c88e7307d16"", 6]]","[[""22442c5ee999e2519c68de908be511875a84f2b810ed540c2dcfcbcc65031434"", 4]]",False,"The reference states that the Registrar administers the Foundations Law, so the submission’s abstention is factually incorrect and incomplete. Its claim that there is no information is not supported by the provided evidence. The confidence value is not well calibrated for an incorrect answer."
mixed-R2,cd69f5dfe06d2e7afac26c7b332ea925987864cc6730f90cce020d34d823abbe,What is the purpose of Article 9(1) of the Foundations Law?,free_text,"""Article 9(1) is the provision that states the purpose of the Foundations Law.""","""It empowers the DIFCA Board to make regulations to facilitate the administration of, or further the objects of, the Foundations Law.""",0.2,0.0,0.0,"[[""22442c5ee999e2519c68de908be511875a84f2b810ed540c2dcfcbcc65031434"", 3], [""22442c5ee999e2519c68de908be511875a84f2b810ed540c2dcfcbcc65031434"", 5], [""22442c5ee999e2519c68de908be511875a84f2b810ed540c2dcfcbcc65031434"", 7], [""22442c5ee999e2519c68de908be511875a84f2b810ed540c2dcfcbcc65031434"", 12], [""22442c5ee999e2519c68de908be511875a84f2b810ed540c2dcfcbcc65031434"", 25], [""22442c5ee999e2519c68de908be511875a84f2b810ed540c2dcfcbcc65031434"", 26], [""22442c5ee999e2519c68de908be511875a84f2b810ed540c2dcfcbcc65031434"", 42], [""33bc02044716acdfedb164b065bdaec098aaadcae863c591f9931c88e7307d16"", 4]]","[[""22442c5ee999e2519c68de908be511875a84f2b810ed540c2dcfcbcc65031434"", 4]]",False,"The submission does not state the actual purpose of Article 9(1), which is to empower the DIFCA Board to make regulations facilitating administration of, or furthering the objects of, the Foundations Law. It is also unsupported by the supplied evidence, and the confidence is too high for such an unsupported answer."
mixed-R3,30ab0e56ee0c43b5bf94fd9657c7f7ac24f0e7be29ced2933437f7a234713cd7,"Under Article 8(1) of the Operating Law 2018, is a person permitted to operate or conduct business in or from the DIFC without being incorporated, registered, or continued under a Prescribed Law or other Legislation administered by the Registrar?",boolean,false,false,1.0,0.2,1.0,"[[""72ea171147bf30326fe6fd2e6798f607c7cef4bf9d43761dbccd2f1b6a356849"", 4], [""72ea171147bf30326fe6fd2e6798f607c7cef4bf9d43761dbccd2f1b6a356849"", 8], [""72ea171147bf30326fe6fd2e6798f607c7cef4bf9d43761dbccd2f1b6a356849"", 40], [""72ea171147bf30326fe6fd2e6798f607c7cef4bf9d43761dbccd2f1b6a356849"", 41], [""b82ac8228e051d96bf8d706d3251893ebff1c9457b066fce3b7cb99af956f2a7"", 24]]","[[""72ea171147bf30326fe6fd2e6798f607c7cef4bf9d43761dbccd2f1b6a356849"", 8]]",False,
mixed-R3,331b267822eaa013b4a79d92f2ac5118052a57150df9a29d7d11c531f02d23cf,What is the Date of Issue of the document in case CFI 057/2025?,date,"""2026-01-21""","""2026-02-02""",0.0,0.0,0.0,"[[""03b621728fe29eb6113fcdb57f6458d793fd2d5c5b833ae26d40f04a29c85359"", 2], [""1a255edc261961ec64870466a27ac4e25b5ebc2abe298e1b69f8dd2fc27288f6"", 7], [""1b446e196b4d1752241c8ff689a31ea705e98ad0c16b9d343c303664f72b64a1"", 1], [""437568a801115019fe8278385c0484bdf07ab86f9a499ecaba2b7969b37c764b"", 2], [""437568a801115019fe8278385c0484bdf07ab86f9a499ecaba2b7969b37c764b"", 15], [""839de9798f377492eee68f82b202d7cd3544be83d799f6226a02f3678c9bb914"", 41], [""d32e76d495ac7d855d805fb71682b98d254520e3799aa4529ebc983212648335"", 8]]","[[""1b446e196b4d1752241c8ff689a31ea705e98ad0c16b9d343c303664f72b64a1"", 2]]",True,
mixed-R3,5d271fced60d88e008a69adc2da21de427906206bfb49f5554a3bf1dd6f72772,"According to the title page of the Common Reporting Standard Law, what is its official DIFC Law number?",number,2,2,1.0,0.25,1.0,"[[""fbdd7f9dd299d83b1f398778da2e6765dfaaed62005667264734a1f76ec09071"", 1], [""fbdd7f9dd299d83b1f398778da2e6765dfaaed62005667264734a1f76ec09071"", 3], [""fbdd7f9dd299d83b1f398778da2e6765dfaaed62005667264734a1f76ec09071"", 15], [""fbdd7f9dd299d83b1f398778da2e6765dfaaed62005667264734a1f76ec09071"", 16]]","[[""fbdd7f9dd299d83b1f398778da2e6765dfaaed62005667264734a1f76ec09071"", 1]]",False,
mixed-R3,358bf0caaa87ba7e11698c5e0bb230f5742c141f2da8a3e8969cee41ef0f7841,Do cases SCT 295/2025 and SCT 514/2025 involve any of the same legal entities or individuals as main parties?,boolean,null,false,0.0,0.0,0.0,"[[""09660f78c26cd56c08c7253ed21ba01fb246092f482ccd8acd8e6f9b6fd2d917"", 8], [""09660f78c26cd56c08c7253ed21ba01fb246092f482ccd8acd8e6f9b6fd2d917"", 11], [""3a574fc4f0baa5ec7ff0dcc822d7c55e4f9c493c24addc217c8df3d848c16fa5"", 1], [""3a574fc4f0baa5ec7ff0dcc822d7c55e4f9c493c24addc217c8df3d848c16fa5"", 3], [""3a574fc4f0baa5ec7ff0dcc822d7c55e4f9c493c24addc217c8df3d848c16fa5"", 4], [""6306079a16b1dec85690f75c715cdbd78b0685a3e19ee30250d481bc32f2e29a"", 4]]","[[""09660f78c26cd56c08c7253ed21ba01fb246092f482ccd8acd8e6f9b6fd2d917"", 1], [""6306079a16b1dec85690f75c715cdbd78b0685a3e19ee30250d481bc32f2e29a"", 1]]",True,
mixed-R3,bce4c288236518dfd08f6bac5a75c75ea79b1250347c4b998252fa9d7265a7c3,What kind of liability do Partners have under Article 28(1) of the General Partnership Law 2004?,free_text,"""There is no information on this question in the provided documents.""","""Partners are jointly and severally liable with the other Partners for all debts and obligations of the General Partnership incurred while they are Partners.""",0.6,0.25,1.0,"[[""302a0bd8d67775e8dc5960ecec7879be566300d8b32c4b0153ba15ebdb279425"", 2], [""302a0bd8d67775e8dc5960ecec7879be566300d8b32c4b0153ba15ebdb279425"", 10], [""302a0bd8d67775e8dc5960ecec7879be566300d8b32c4b0153ba15ebdb279425"", 11], [""302a0bd8d67775e8dc5960ecec7879be566300d8b32c4b0153ba15ebdb279425"", 22]]","[[""302a0bd8d67775e8dc5960ecec7879be566300d8b32c4b0153ba15ebdb279425"", 10]]",False,The submission abstains instead of answering the question. Article 28(1) states that Partners are jointly and severally liable for the General Partnership’s debts and obligations incurred while they are Partners.
mixed-R3,6863a7f4a5e76694620518758411bc743142897fa8077f2a73701b89fa2d0b0f,"Under the Foundations Law DIFC Law No. 3 of 2018, what is the maximum fine for failing to provide a copy of an assignment of rights to the Registered Agent or Registrar within 30 days?",free_text,"""The maximum fine is $1,500.""","""The maximum fine is USD 1,500.""",1.0,0.2857142857142857,1.0,"[[""22442c5ee999e2519c68de908be511875a84f2b810ed540c2dcfcbcc65031434"", 6], [""22442c5ee999e2519c68de908be511875a84f2b810ed540c2dcfcbcc65031434"", 14], [""22442c5ee999e2519c68de908be511875a84f2b810ed540c2dcfcbcc65031434"", 16], [""22442c5ee999e2519c68de908be511875a84f2b810ed540c2dcfcbcc65031434"", 21], [""22442c5ee999e2519c68de908be511875a84f2b810ed540c2dcfcbcc65031434"", 26], [""22442c5ee999e2519c68de908be511875a84f2b810ed540c2dcfcbcc65031434"", 46], [""72ea171147bf30326fe6fd2e6798f607c7cef4bf9d43761dbccd2f1b6a356849"", 43]]","[[""22442c5ee999e2519c68de908be511875a84f2b810ed540c2dcfcbcc65031434"", 6], [""22442c5ee999e2519c68de908be511875a84f2b810ed540c2dcfcbcc65031434"", 46]]",False,"The submission matches the reference answer ($1,500 / USD 1,500), is directly responsive, and is supported by the provided evidence."
mixed-R3,150d4428704ea7ce7452509bda9c25f4d242b2395114ed0ed59388b87660f218,"Under the Operating Law - DIFC Law No. 7 of 2018, who is responsible for appointing and dismissing the Registrar?",free_text,"""The Board of Directors of the DIFCA is responsible for appointing and dismissing the Registrar, after consulting the President.""","""The Board of Directors of the DIFCA appoints and may dismiss the Registrar, after consulting the President.""",1.0,0.2,1.0,"[[""72ea171147bf30326fe6fd2e6798f607c7cef4bf9d43761dbccd2f1b6a356849"", 1], [""72ea171147bf30326fe6fd2e6798f607c7cef4bf9d43761dbccd2f1b6a356849"", 5], [""72ea171147bf30326fe6fd2e6798f607c7cef4bf9d43761dbccd2f1b6a356849"", 40], [""72ea171147bf30326fe6fd2e6798f607c7cef4bf9d43761dbccd2f1b6a356849"", 41], [""b82ac8228e051d96bf8d706d3251893ebff1c9457b066fce3b7cb99af956f2a7"", 24]]","[[""72ea171147bf30326fe6fd2e6798f607c7cef4bf9d43761dbccd2f1b6a356849"", 5]]",False,All criteria met.
mixed-R3,39890efe7db1258f568e838c284020a9fc79b8bf0deddab76fdf853c9b0171ed,Is there any main party common to both case CFI 057/2025 and case SCT 295/2025?,boolean,false,false,1.0,0.4,1.0,"[[""09660f78c26cd56c08c7253ed21ba01fb246092f482ccd8acd8e6f9b6fd2d917"", 1], [""1b446e196b4d1752241c8ff689a31ea705e98ad0c16b9d343c303664f72b64a1"", 1], [""33bc02044716acdfedb164b065bdaec098aaadcae863c591f9931c88e7307d16"", 1], [""3a574fc4f0baa5ec7ff0dcc822d7c55e4f9c493c24addc217c8df3d848c16fa5"", 1], [""536bbce854b9406cc22697e04fcdabd645e030c0e55b918252643b00e0b2b25f"", 13]]","[[""09660f78c26cd56c08c7253ed21ba01fb246092f482ccd8acd8e6f9b6fd2d917"", 1], [""1b446e196b4d1752241c8ff689a31ea705e98ad0c16b9d343c303664f72b64a1"", 1]]",True,
mixed-R3,acd0ddc6715f2bccf5076dc47e6874a8ecb782dd10c0b162071f890ad96bef47,"Between SCT 295/2025 and SCT 514/2025, which document has the earlier issue date?",name,"""SCT 295/2025""","""SCT 295/2025""",1.0,0.0,0.0,"[[""09660f78c26cd56c08c7253ed21ba01fb246092f482ccd8acd8e6f9b6fd2d917"", 1], [""33bc02044716acdfedb164b065bdaec098aaadcae863c591f9931c88e7307d16"", 1], [""33bc02044716acdfedb164b065bdaec098aaadcae863c591f9931c88e7307d16"", 32], [""33bc02044716acdfedb164b065bdaec098aaadcae863c591f9931c88e7307d16"", 44], [""3a574fc4f0baa5ec7ff0dcc822d7c55e4f9c493c24addc217c8df3d848c16fa5"", 1], [""6306079a16b1dec85690f75c715cdbd78b0685a3e19ee30250d481bc32f2e29a"", 1]]","[[""09660f78c26cd56c08c7253ed21ba01fb246092f482ccd8acd8e6f9b6fd2d917"", 2], [""6306079a16b1dec85690f75c715cdbd78b0685a3e19ee30250d481bc32f2e29a"", 2]]",True,
mixed-R3,436c12cc4eb26087bd1540f5d47825712632e90b4d5b2bca6c52e3b26151f874,What was the result of the application heard in case CFI 057/2025?,free_text,"""There is no information on this question in the provided documents.""","""The Defendant's Permission to Appeal Application was refused, and the Defendant was ordered to pay the Claimant's costs of the application.""",0.2,0.0,0.0,"[[""1a255edc261961ec64870466a27ac4e25b5ebc2abe298e1b69f8dd2fc27288f6"", 2], [""1b446e196b4d1752241c8ff689a31ea705e98ad0c16b9d343c303664f72b64a1"", 1], [""437568a801115019fe8278385c0484bdf07ab86f9a499ecaba2b7969b37c764b"", 7], [""437568a801115019fe8278385c0484bdf07ab86f9a499ecaba2b7969b37c764b"", 11], [""437568a801115019fe8278385c0484bdf07ab86f9a499ecaba2b7969b37c764b"", 12], [""6248961b681ea0deb189f354be0c8286f35974dcdb211c13c921c3dd0e566a6e"", 1], [""897ab23ed5a70034d3d708d871ad1da8bc7b6608d94b1ca46b5d578d985d3c13"", 1]]","[[""1b446e196b4d1752241c8ff689a31ea705e98ad0c16b9d343c303664f72b64a1"", 2]]",True,"The submission does not answer the question and conflicts with the reference, which says the application was refused and costs were awarded against the Defendant. Its abstention is not supported by the supplied evidence, and the stated confidence is too high for an unsupported response."
mixed-R3,4fa07316db9a19980de495d2190350cc4b494ae0ab741cda7784e895709719e1,"Between CFI 010/2024 and SCT 169/2025, which document has the earlier issue date?",name,"""SCT 169/2025""","""SCT 169/2025""",1.0,0.3333333333333333,1.0,"[[""0471e83c1ea18086cfb6b3ff51da6f22b0efee337f10315b2593f782297ccb84"", 1], [""33bc02044716acdfedb164b065bdaec098aaadcae863c591f9931c88e7307d16"", 32], [""3a574fc4f0baa5ec7ff0dcc822d7c55e4f9c493c24addc217c8df3d848c16fa5"", 1], [""443e04bc1a78940b3fcd5438d24b6c5f182a276d354a3108e738b193675de032"", 1], [""443e04bc1a78940b3fcd5438d24b6c5f182a276d354a3108e738b193675de032"", 2], [""62930da32fa3172edf2f2bbf3da268455bd99a7b5fab34d72358730d8cd5da30"", 1]]","[[""3a574fc4f0baa5ec7ff0dcc822d7c55e4f9c493c24addc217c8df3d848c16fa5"", 1], [""443e04bc1a78940b3fcd5438d24b6c5f182a276d354a3108e738b193675de032"", 1]]",True,
mixed-R3,1a80e5dc69fb76a97c0ada049df2425c9f06de373bbb9ee5b39dbd1f12f85387,"From the title pages of all documents in case CA 005/2025 and case CFI 067/2025, identify whether any individual or company is named as a main party in both cases.",boolean,null,false,0.0,0.2857142857142857,0.6666666666666666,"[[""03b621728fe29eb6113fcdb57f6458d793fd2d5c5b833ae26d40f04a29c85359"", 1], [""1b446e196b4d1752241c8ff689a31ea705e98ad0c16b9d343c303664f72b64a1"", 1], [""437568a801115019fe8278385c0484bdf07ab86f9a499ecaba2b7969b37c764b"", 1], [""78ffe994cdc61ce6a2a6937c79fc52751bb5d2b4eaa4019f088fbccf70569c26"", 1], [""839de9798f377492eee68f82b202d7cd3544be83d799f6226a02f3678c9bb914"", 6], [""839de9798f377492eee68f82b202d7cd3544be83d799f6226a02f3678c9bb914"", 7], [""d32e76d495ac7d855d805fb71682b98d254520e3799aa4529ebc983212648335"", 7]]","[[""03b621728fe29eb6113fcdb57f6458d793fd2d5c5b833ae26d40f04a29c85359"", 1], [""437568a801115019fe8278385c0484bdf07ab86f9a499ecaba2b7969b37c764b"", 1], [""897ab23ed5a70034d3d708d871ad1da8bc7b6608d94b1ca46b5d578d985d3c13"", 1]]",True,
mixed-R3,9f9fb4b911d75c22f2c9a42bb852848ac45594179a7d0d126c8ef0ac8941b18d,Do cases CA 004/2025 and SCT 295/2025 involve any of the same legal entities or individuals as parties?,boolean,false,false,1.0,0.3333333333333333,1.0,"[[""03b621728fe29eb6113fcdb57f6458d793fd2d5c5b833ae26d40f04a29c85359"", 1], [""09660f78c26cd56c08c7253ed21ba01fb246092f482ccd8acd8e6f9b6fd2d917"", 1], [""3a574fc4f0baa5ec7ff0dcc822d7c55e4f9c493c24addc217c8df3d848c16fa5"", 1], [""437568a801115019fe8278385c0484bdf07ab86f9a499ecaba2b7969b37c764b"", 1], [""78ffe994cdc61ce6a2a6937c79fc52751bb5d2b4eaa4019f088fbccf70569c26"", 1], [""d32e76d495ac7d855d805fb71682b98d254520e3799aa4529ebc983212648335"", 9]]","[[""09660f78c26cd56c08c7253ed21ba01fb246092f482ccd8acd8e6f9b6fd2d917"", 1], [""78ffe994cdc61ce6a2a6937c79fc52751bb5d2b4eaa4019f088fbccf70569c26"", 1]]",True,
mixed-R3,d374bee20e02f7f384e766dd792856c6457f99fc1491e5fee2e6cd50a4d856b7,Identify whether any person or company is a main party to both ENF 269/2023 and SCT 514/2025.,boolean,false,false,1.0,0.4,1.0,"[[""33bc02044716acdfedb164b065bdaec098aaadcae863c591f9931c88e7307d16"", 44], [""3a574fc4f0baa5ec7ff0dcc822d7c55e4f9c493c24addc217c8df3d848c16fa5"", 1], [""536bbce854b9406cc22697e04fcdabd645e030c0e55b918252643b00e0b2b25f"", 9], [""5d3df6d69fac3ef91e13ac835b43a35e9e434fbc7e72ea5c01e288d69b66e6a2"", 1], [""6306079a16b1dec85690f75c715cdbd78b0685a3e19ee30250d481bc32f2e29a"", 1]]","[[""5d3df6d69fac3ef91e13ac835b43a35e9e434fbc7e72ea5c01e288d69b66e6a2"", 1], [""6306079a16b1dec85690f75c715cdbd78b0685a3e19ee30250d481bc32f2e29a"", 1]]",True,
mixed-R3,8de44b7964cdde111c1a33ac4cc13948b7b4e14fd120351fcb5a5bfb2b2dfff0,Identify the case with the higher monetary claim: SCT 169/2025 or SCT 295/2025?,name,null,"""SCT 169/2025""",0.0,0.0,0.0,"[[""09660f78c26cd56c08c7253ed21ba01fb246092f482ccd8acd8e6f9b6fd2d917"", 1], [""3a574fc4f0baa5ec7ff0dcc822d7c55e4f9c493c24addc217c8df3d848c16fa5"", 1], [""3a574fc4f0baa5ec7ff0dcc822d7c55e4f9c493c24addc217c8df3d848c16fa5"", 3], [""58eae81bf668e7f6c58619f419a49b5e35e2e5c9c7475475ace28ec562580545"", 1], [""62930da32fa3172edf2f2bbf3da268455bd99a7b5fab34d72358730d8cd5da30"", 1]]","[[""09660f78c26cd56c08c7253ed21ba01fb246092f482ccd8acd8e6f9b6fd2d917"", 2], [""3a574fc4f0baa5ec7ff0dcc822d7c55e4f9c493c24addc217c8df3d848c16fa5"", 2]]",True,
mixed-R3,a8813f8f56099bd156b5fe797cc44b061d2a54fb69ca2e748ffb7cc462eaa85e,Which case has an earlier Date of Issue: CFI 010/2024 or CFI 016/2025?,name,null,"""CFI 010/2024""",0.0,0.14285714285714285,0.5,"[[""0471e83c1ea18086cfb6b3ff51da6f22b0efee337f10315b2593f782297ccb84"", 1], [""22442c5ee999e2519c68de908be511875a84f2b810ed540c2dcfcbcc65031434"", 1], [""33bc02044716acdfedb164b065bdaec098aaadcae863c591f9931c88e7307d16"", 32], [""443e04bc1a78940b3fcd5438d24b6c5f182a276d354a3108e738b193675de032"", 1], [""443e04bc1a78940b3fcd5438d24b6c5f182a276d354a3108e738b193675de032"", 2], [""62930da32fa3172edf2f2bbf3da268455bd99a7b5fab34d72358730d8cd5da30"", 1], [""c98c1475692bc22f4abab6a7a7d7969467c94e46a7e68919aaf127179ebf3f54"", 1]]","[[""443e04bc1a78940b3fcd5438d24b6c5f182a276d354a3108e738b193675de032"", 1], [""6248961b681ea0deb189f354be0c8286f35974dcdb211c13c921c3dd0e566a6e"", 1]]",True,
mixed-R3,fcabd6aa14e2df4b7ca00fa516a70eba6de58b74dfde30270e3fe3eec6d1da7a,Which specific DIFC Laws were amended by DIFC Law No. 2 of 2022?,free_text,"""DIFC Law No. 2 of 2022 amended the Common Reporting Standard Law (DIFC Law No. 2 of 2018), the DIFC Personal Property Law (DIFC Law No. 9 of 2005), the DIFC Employment Law (DIFC Law No. 2 of 2019), and the Foundations Law (DIFC Law No. 3 of 2018).""","""Common Reporting Standard Law, Employment Law, Foundations Law, General Partnership Law, Limited Liability Partnership Law, Personal Property Law, Trust Law, and the Law on the Application of Civil and Commercial Laws in the DIFC.""",0.6,0.8333333333333334,0.625,"[[""22442c5ee999e2519c68de908be511875a84f2b810ed540c2dcfcbcc65031434"", 1], [""302a0bd8d67775e8dc5960ecec7879be566300d8b32c4b0153ba15ebdb279425"", 1], [""33bc02044716acdfedb164b065bdaec098aaadcae863c591f9931c88e7307d16"", 1], [""536bbce854b9406cc22697e04fcdabd645e030c0e55b918252643b00e0b2b25f"", 1], [""72ea171147bf30326fe6fd2e6798f607c7cef4bf9d43761dbccd2f1b6a356849"", 1], [""fbdd7f9dd299d83b1f398778da2e6765dfaaed62005667264734a1f76ec09071"", 1]]","[[""22442c5ee999e2519c68de908be511875a84f2b810ed540c2dcfcbcc65031434"", 1], [""302a0bd8d67775e8dc5960ecec7879be566300d8b32c4b0153ba15ebdb279425"", 1], [""33bc02044716acdfedb164b065bdaec098aaadcae863c591f9931c88e7307d16"", 1], [""4e387152960c1029b3711cacb05b287b13c977bc61f2558059a62b7b427a62eb"", 1], [""536bbce854b9406cc22697e04fcdabd645e030c0e55b918252643b00e0b2b25f"", 1], [""b82ac8228e051d96bf8d706d3251893ebff1c9457b066fce3b7cb99af956f2a7"", 1], [""fbdd7f9dd299d83b1f398778da2e6765dfaaed62005667264734a1f76ec09071"", 1], [""ff746f7b583490a80ba104361c0a82a1ebbf7ed9097cd03dc49d744cb5057761"", 1]]",True,"The answer correctly names four laws amended by DIFC Law No. 2 of 2022, but it omits four others from the reference (General Partnership Law, Limited Liability Partnership Law, Trust Law, and the Law on the Application of Civil and Commercial Laws in the DIFC). The high confidence is not calibrated to this incomplete coverage."
mixed-R3,e59a0dc49c291402ead91342b065bc4e9ded0043d126f73dd00ba6045aae46b7,"Under Article 14(1) of the Employment Law 2019, how many days does an Employer have to provide an Employee with a written Employment Contract after the commencement of employment?",number,7,7,1.0,0.2,1.0,"[[""33bc02044716acdfedb164b065bdaec098aaadcae863c591f9931c88e7307d16"", 7], [""33bc02044716acdfedb164b065bdaec098aaadcae863c591f9931c88e7307d16"", 11], [""33bc02044716acdfedb164b065bdaec098aaadcae863c591f9931c88e7307d16"", 12], [""33bc02044716acdfedb164b065bdaec098aaadcae863c591f9931c88e7307d16"", 28], [""33bc02044716acdfedb164b065bdaec098aaadcae863c591f9931c88e7307d16"", 42]]","[[""33bc02044716acdfedb164b065bdaec098aaadcae863c591f9931c88e7307d16"", 7]]",True,
mixed-R3,359f1c315f2ac48e6b34ecfa503c6b9c892365985b363dc9a4e3c85563550d05,Who is the defendant in case ARB 034/2025?,name,"""Onora""","""Onora""",1.0,0.3333333333333333,1.0,"[[""58eae81bf668e7f6c58619f419a49b5e35e2e5c9c7475475ace28ec562580545"", 1], [""5d3df6d69fac3ef91e13ac835b43a35e9e434fbc7e72ea5c01e288d69b66e6a2"", 1], [""78ffe994cdc61ce6a2a6937c79fc52751bb5d2b4eaa4019f088fbccf70569c26"", 1]]","[[""58eae81bf668e7f6c58619f419a49b5e35e2e5c9c7475475ace28ec562580545"", 1]]",True,
mixed-R3,2fc105ec9d11e361b057e8ce21245fbc01f14cefe5ccddada9d7541c952106d2,"If a Muslim Employee works during the holy month of Ramadan, what is the maximum number of hours they can be required to work each day according to Article 23 of the Employment Law 2019?",number,6,6,1.0,0.25,1.0,"[[""33bc02044716acdfedb164b065bdaec098aaadcae863c591f9931c88e7307d16"", 14], [""33bc02044716acdfedb164b065bdaec098aaadcae863c591f9931c88e7307d16"", 16], [""33bc02044716acdfedb164b065bdaec098aaadcae863c591f9931c88e7307d16"", 35], [""33bc02044716acdfedb164b065bdaec098aaadcae863c591f9931c88e7307d16"", 42]]","[[""33bc02044716acdfedb164b065bdaec098aaadcae863c591f9931c88e7307d16"", 14]]",True,
mixed-R3,b667804a5541a24d40f211b3febc69fa5e633d52a08baf9ce6735832ea4e5ec1,"Based on the full case files for DEC 001/2025 and CFI 057/2025, was there any judge involved in both cases?",boolean,null,false,0.0,0.16666666666666666,0.3333333333333333,"[[""1a255edc261961ec64870466a27ac4e25b5ebc2abe298e1b69f8dd2fc27288f6"", 1], [""1a255edc261961ec64870466a27ac4e25b5ebc2abe298e1b69f8dd2fc27288f6"", 2], [""1a255edc261961ec64870466a27ac4e25b5ebc2abe298e1b69f8dd2fc27288f6"", 8], [""1b446e196b4d1752241c8ff689a31ea705e98ad0c16b9d343c303664f72b64a1"", 1], [""437568a801115019fe8278385c0484bdf07ab86f9a499ecaba2b7969b37c764b"", 7], [""839de9798f377492eee68f82b202d7cd3544be83d799f6226a02f3678c9bb914"", 7]]","[[""1b446e196b4d1752241c8ff689a31ea705e98ad0c16b9d343c303664f72b64a1"", 1], [""3f8a5ea0e051ba3af7a02da340c911fe0970ebece6c852c3e61a10c00cac6d6e"", 1], [""839de9798f377492eee68f82b202d7cd3544be83d799f6226a02f3678c9bb914"", 1]]",True,
mixed-R3,b1d0245bb7c71b42f08a4cdbec612a56715295223472ac5a45af31811ada2f3b,"Under the Operating Law 2018, can the Registrar be held liable for acts or omissions in performing their functions if the act or omission is shown to have been in bad faith, according to Article 7(8)?",boolean,true,true,1.0,0.2,1.0,"[[""22442c5ee999e2519c68de908be511875a84f2b810ed540c2dcfcbcc65031434"", 22], [""72ea171147bf30326fe6fd2e6798f607c7cef4bf9d43761dbccd2f1b6a356849"", 5], [""72ea171147bf30326fe6fd2e6798f607c7cef4bf9d43761dbccd2f1b6a356849"", 6], [""72ea171147bf30326fe6fd2e6798f607c7cef4bf9d43761dbccd2f1b6a356849"", 7], [""72ea171147bf30326fe6fd2e6798f607c7cef4bf9d43761dbccd2f1b6a356849"", 33]]","[[""72ea171147bf30326fe6fd2e6798f607c7cef4bf9d43761dbccd2f1b6a356849"", 7]]",False,
mixed-R3,ad7357a7eb955085f6438dfcaf44324de7fcf88da86c846242e173eacdeebfda,What was the result of the application heard in case SCT 169/2025?,free_text,"""The provided excerpts show that the strike-out application was heard on 10 and 11 December 2025 and was later determined, but they do not state whether it was granted or dismissed.""","""The Permission to Appeal Application was refused, the adjournment request was refused, and there was no order as to costs.""",0.6,0.14285714285714285,1.0,"[[""09660f78c26cd56c08c7253ed21ba01fb246092f482ccd8acd8e6f9b6fd2d917"", 1], [""09660f78c26cd56c08c7253ed21ba01fb246092f482ccd8acd8e6f9b6fd2d917"", 8], [""3a574fc4f0baa5ec7ff0dcc822d7c55e4f9c493c24addc217c8df3d848c16fa5"", 1], [""3a574fc4f0baa5ec7ff0dcc822d7c55e4f9c493c24addc217c8df3d848c16fa5"", 2], [""437568a801115019fe8278385c0484bdf07ab86f9a499ecaba2b7969b37c764b"", 7], [""437568a801115019fe8278385c0484bdf07ab86f9a499ecaba2b7969b37c764b"", 12], [""f4c4d051d514270964adcf58e124569e396602340b7d9172671759de10a95897"", 2]]","[[""3a574fc4f0baa5ec7ff0dcc822d7c55e4f9c493c24addc217c8df3d848c16fa5"", 2]]",True,"Incorrect/incomplete: the reference says the Permission to Appeal Application and adjournment request were both refused, with no order as to costs. The submission instead says the result is not stated."
mixed-R3,0aba04f64851d1419be984476f91f278e6ada2d6c536fd119d7ab37a8ed06593,Do cases CFI 067/2025 and SCT 514/2025 involve any of the same legal entities or individuals as main parties?,boolean,false,false,1.0,0.2857142857142857,1.0,"[[""1a255edc261961ec64870466a27ac4e25b5ebc2abe298e1b69f8dd2fc27288f6"", 2], [""1b446e196b4d1752241c8ff689a31ea705e98ad0c16b9d343c303664f72b64a1"", 1], [""3a574fc4f0baa5ec7ff0dcc822d7c55e4f9c493c24addc217c8df3d848c16fa5"", 1], [""437568a801115019fe8278385c0484bdf07ab86f9a499ecaba2b7969b37c764b"", 13], [""6306079a16b1dec85690f75c715cdbd78b0685a3e19ee30250d481bc32f2e29a"", 1], [""839de9798f377492eee68f82b202d7cd3544be83d799f6226a02f3678c9bb914"", 28], [""897ab23ed5a70034d3d708d871ad1da8bc7b6608d94b1ca46b5d578d985d3c13"", 1]]","[[""6306079a16b1dec85690f75c715cdbd78b0685a3e19ee30250d481bc32f2e29a"", 1], [""897ab23ed5a70034d3d708d871ad1da8bc7b6608d94b1ca46b5d578d985d3c13"", 1]]",True,
mixed-R3,9596fb754439e6752034890c1272a2df7c0f9000db7d186db21aa232a253fca4,What is the effective date for due diligence requirements for Pre-existing Accounts and New Accounts under the Common Reporting Standard Law 2018?,free_text,"""Under the Common Reporting Standard Law 2018, the effective date for due diligence requirements is 2016-12-31 for Pre-existing Accounts and 2017-01-01 for New Accounts.""","""Pre-existing Accounts: 31 December 2016; New Accounts: 1 January 2017.""",1.0,0.3333333333333333,1.0,"[[""fbdd7f9dd299d83b1f398778da2e6765dfaaed62005667264734a1f76ec09071"", 2], [""fbdd7f9dd299d83b1f398778da2e6765dfaaed62005667264734a1f76ec09071"", 3], [""fbdd7f9dd299d83b1f398778da2e6765dfaaed62005667264734a1f76ec09071"", 16]]","[[""fbdd7f9dd299d83b1f398778da2e6765dfaaed62005667264734a1f76ec09071"", 3]]",False,The answer matches the reference and is directly supported by the cited evidence. The stated confidence is appropriate for a clearly supported factual answer.
mixed-R3,9f48d8eca6d10cf26f60226078f0d9cb32d3aa2fd25c90c312549cb6265ebd84,"According to Article 2 of the DIFC Personal Property Law 2005, who made this Law?",free_text,"""The Law was made by the Ruler of Dubai.""","""It was made by the Ruler of Dubai.""",1.0,0.2,1.0,"[[""33bc02044716acdfedb164b065bdaec098aaadcae863c591f9931c88e7307d16"", 39], [""536bbce854b9406cc22697e04fcdabd645e030c0e55b918252643b00e0b2b25f"", 1], [""536bbce854b9406cc22697e04fcdabd645e030c0e55b918252643b00e0b2b25f"", 3], [""536bbce854b9406cc22697e04fcdabd645e030c0e55b918252643b00e0b2b25f"", 18], [""536bbce854b9406cc22697e04fcdabd645e030c0e55b918252643b00e0b2b25f"", 20]]","[[""536bbce854b9406cc22697e04fcdabd645e030c0e55b918252643b00e0b2b25f"", 3]]",True,All criteria satisfied.
mixed-R3,802d12a65530cd728da4c2f4430275488285ced247123431a905f8d525e80ede,"Based on the second page of the document, was the Claimant's application for continuation of the ASI Order granted by the court in case ARB 034/2025?",boolean,false,false,1.0,0.25,1.0,"[[""58eae81bf668e7f6c58619f419a49b5e35e2e5c9c7475475ace28ec562580545"", 1], [""58eae81bf668e7f6c58619f419a49b5e35e2e5c9c7475475ace28ec562580545"", 2], [""58eae81bf668e7f6c58619f419a49b5e35e2e5c9c7475475ace28ec562580545"", 4], [""d32e76d495ac7d855d805fb71682b98d254520e3799aa4529ebc983212648335"", 3]]","[[""58eae81bf668e7f6c58619f419a49b5e35e2e5c9c7475475ace28ec562580545"", 2]]",True,
mixed-R3,84ef7f354a41168e99812515cd775297b36c35a541c5b8eb1978be771554b546,"According to Article 14(2)(l) of the Employment Law 2019, what is the maximum probation period in months for an Employee, except in specific fixed-term contract circumstances?",number,6,6,1.0,0.3333333333333333,1.0,"[[""33bc02044716acdfedb164b065bdaec098aaadcae863c591f9931c88e7307d16"", 8], [""33bc02044716acdfedb164b065bdaec098aaadcae863c591f9931c88e7307d16"", 28], [""33bc02044716acdfedb164b065bdaec098aaadcae863c591f9931c88e7307d16"", 32]]","[[""33bc02044716acdfedb164b065bdaec098aaadcae863c591f9931c88e7307d16"", 8]]",True,
mixed-R3,5046b4e3fa11a42090ae0cef08c4cd64a1c8761955eb711db396f7fb1634ea86,"According to page 2 of the judgment, from which specific claim number did the appeal in CA 009/2024 originate?",name,"""Claim No. ENF-316-2023/2""","""Claim No. ENF-316-2023/2""",1.0,0.2,1.0,"[[""0471e83c1ea18086cfb6b3ff51da6f22b0efee337f10315b2593f782297ccb84"", 1], [""62930da32fa3172edf2f2bbf3da268455bd99a7b5fab34d72358730d8cd5da30"", 1], [""bd2d222ee0a636a745434cfb457321cd658db5bb32b5f0a3f5643236cc1503d8"", 1], [""bd2d222ee0a636a745434cfb457321cd658db5bb32b5f0a3f5643236cc1503d8"", 2], [""c98c1475692bc22f4abab6a7a7d7969467c94e46a7e68919aaf127179ebf3f54"", 1]]","[[""bd2d222ee0a636a745434cfb457321cd658db5bb32b5f0a3f5643236cc1503d8"", 2]]",True,
mixed-R3,042ddf2ed161068fab8072f16e01a15e11da9d741d207bfc0185e5133a810193,Does the Law on the Application of Civil and Commercial Laws in the DIFC Law No. 3 of 2004 apply in the jurisdiction of the Dubai International Financial Centre?,boolean,true,true,1.0,0.2,1.0,"[[""ff746f7b583490a80ba104361c0a82a1ebbf7ed9097cd03dc49d744cb5057761"", 1], [""ff746f7b583490a80ba104361c0a82a1ebbf7ed9097cd03dc49d744cb5057761"", 3], [""ff746f7b583490a80ba104361c0a82a1ebbf7ed9097cd03dc49d744cb5057761"", 4], [""ff746f7b583490a80ba104361c0a82a1ebbf7ed9097cd03dc49d744cb5057761"", 5], [""ff746f7b583490a80ba104361c0a82a1ebbf7ed9097cd03dc49d744cb5057761"", 7]]","[[""ff746f7b583490a80ba104361c0a82a1ebbf7ed9097cd03dc49d744cb5057761"", 3]]",False,
mixed-R3,e14ad296801b3fb6855a3a9338f1e9b8e2d1bfb05c99682a3cf4f9140b49b17b,"Under Article 11(5) of the DIFC Trust Law 2018, is a term of the trust expressly declaring that the laws of the DIFC shall govern the trust valid, effective, and conclusive regardless of any other circumstance?",boolean,true,true,1.0,0.2,1.0,"[[""4e387152960c1029b3711cacb05b287b13c977bc61f2558059a62b7b427a62eb"", 1], [""4e387152960c1029b3711cacb05b287b13c977bc61f2558059a62b7b427a62eb"", 4], [""4e387152960c1029b3711cacb05b287b13c977bc61f2558059a62b7b427a62eb"", 6], [""4e387152960c1029b3711cacb05b287b13c977bc61f2558059a62b7b427a62eb"", 8], [""4e387152960c1029b3711cacb05b287b13c977bc61f2558059a62b7b427a62eb"", 50]]","[[""4e387152960c1029b3711cacb05b287b13c977bc61f2558059a62b7b427a62eb"", 6]]",False,
mixed-R3,f33177fc2ed5b35033bfa1c7f9fc5d7a3776feb10b498c375cdcb40e0c53ffbf,Is there any main party that appeared in both cases CA 004/2025 and SCT 514/2025?,boolean,false,false,1.0,0.3333333333333333,1.0,"[[""33bc02044716acdfedb164b065bdaec098aaadcae863c591f9931c88e7307d16"", 44], [""3a574fc4f0baa5ec7ff0dcc822d7c55e4f9c493c24addc217c8df3d848c16fa5"", 1], [""6306079a16b1dec85690f75c715cdbd78b0685a3e19ee30250d481bc32f2e29a"", 1], [""78ffe994cdc61ce6a2a6937c79fc52751bb5d2b4eaa4019f088fbccf70569c26"", 1], [""839de9798f377492eee68f82b202d7cd3544be83d799f6226a02f3678c9bb914"", 6], [""839de9798f377492eee68f82b202d7cd3544be83d799f6226a02f3678c9bb914"", 7]]","[[""6306079a16b1dec85690f75c715cdbd78b0685a3e19ee30250d481bc32f2e29a"", 1], [""78ffe994cdc61ce6a2a6937c79fc52751bb5d2b4eaa4019f088fbccf70569c26"", 1]]",True,
mixed-R3,f29159d38bf494e330b32f03507df593d5869a129796a3b7f6efe14fd1b1a0a5,What does Article 16(1)(c) of the Employment Law 2019 require an Employer to keep records of regarding an Employee's remuneration?,free_text,"""Article 16(1)(c) requires the Employer to keep records of the Employee’s remuneration, including the gross and net amounts where applicable, and the applicable Pay Period.""","""The employee's remuneration, gross and net where applicable, and the applicable pay period.""",1.0,0.2,1.0,"[[""33bc02044716acdfedb164b065bdaec098aaadcae863c591f9931c88e7307d16"", 4], [""33bc02044716acdfedb164b065bdaec098aaadcae863c591f9931c88e7307d16"", 8], [""33bc02044716acdfedb164b065bdaec098aaadcae863c591f9931c88e7307d16"", 9], [""33bc02044716acdfedb164b065bdaec098aaadcae863c591f9931c88e7307d16"", 11], [""33bc02044716acdfedb164b065bdaec098aaadcae863c591f9931c88e7307d16"", 12]]","[[""33bc02044716acdfedb164b065bdaec098aaadcae863c591f9931c88e7307d16"", 8]]",True,The answer matches the reference and is directly supported by the cited Article 16(1)(c) text. Confidence is appropriate.
mixed-R3,2e8b251fd560f4446bfc9c5fa4b83ecbce69d650a8fd00fc9815c1fb34a764ad,"Looking at the title/cover page of every document across both case TCD 001/2024 and case CFI 016/2025, is there any party (claimant or defendant) common to both cases?",boolean,null,false,0.0,0.5,0.75,"[[""0471e83c1ea18086cfb6b3ff51da6f22b0efee337f10315b2593f782297ccb84"", 1], [""1b446e196b4d1752241c8ff689a31ea705e98ad0c16b9d343c303664f72b64a1"", 1], [""62930da32fa3172edf2f2bbf3da268455bd99a7b5fab34d72358730d8cd5da30"", 1], [""c98c1475692bc22f4abab6a7a7d7969467c94e46a7e68919aaf127179ebf3f54"", 1], [""d32e76d495ac7d855d805fb71682b98d254520e3799aa4529ebc983212648335"", 1], [""d32e76d495ac7d855d805fb71682b98d254520e3799aa4529ebc983212648335"", 7]]","[[""0471e83c1ea18086cfb6b3ff51da6f22b0efee337f10315b2593f782297ccb84"", 1], [""6248961b681ea0deb189f354be0c8286f35974dcdb211c13c921c3dd0e566a6e"", 1], [""62930da32fa3172edf2f2bbf3da268455bd99a7b5fab34d72358730d8cd5da30"", 1], [""c98c1475692bc22f4abab6a7a7d7969467c94e46a7e68919aaf127179ebf3f54"", 1]]",False,
mixed-R3,fa672c84261a575ba49aba560b6a00c5d944ab9373b764c743d79821658e0052,"What was the outcome of the specific order or application described in case CFI 016/2025, based on the last page of the document?",free_text,"""There is no information on this question in the provided documents.""","""The No Costs Application was rejected, no costs were ordered on that application, and the Defendant was awarded AED 70,000 in costs for the claim.""",0.2,0.0,0.0,"[[""03b621728fe29eb6113fcdb57f6458d793fd2d5c5b833ae26d40f04a29c85359"", 2], [""1a255edc261961ec64870466a27ac4e25b5ebc2abe298e1b69f8dd2fc27288f6"", 2], [""1a255edc261961ec64870466a27ac4e25b5ebc2abe298e1b69f8dd2fc27288f6"", 7], [""437568a801115019fe8278385c0484bdf07ab86f9a499ecaba2b7969b37c764b"", 2], [""437568a801115019fe8278385c0484bdf07ab86f9a499ecaba2b7969b37c764b"", 7], [""437568a801115019fe8278385c0484bdf07ab86f9a499ecaba2b7969b37c764b"", 11], [""6248961b681ea0deb189f354be0c8286f35974dcdb211c13c921c3dd0e566a6e"", 1], [""897ab23ed5a70034d3d708d871ad1da8bc7b6608d94b1ca46b5d578d985d3c13"", 1]]","[[""6248961b681ea0deb189f354be0c8286f35974dcdb211c13c921c3dd0e566a6e"", 7]]",False,"The reference says the No Costs Application was rejected, no costs were ordered on that application, and the Defendant received AED 70,000 in costs for the claim. The submission incorrectly abstains instead of answering. Its claim that there is no information is not supported by the supplied evidence, and the confidence/abstention is therefore inappropriate."
mixed-R3,7aae865f328e2012c31b41b6e2cccac715c14df5b56ec548d3fa9cb6bc46dcd1,"Under Article 11 of the General Partnership Law 2004, is an unincorporated body of persons carrying on business for profit automatically deemed a partnership if there is an agreement specifying it as a body corporate?",boolean,false,false,1.0,0.3333333333333333,1.0,"[[""302a0bd8d67775e8dc5960ecec7879be566300d8b32c4b0153ba15ebdb279425"", 5], [""302a0bd8d67775e8dc5960ecec7879be566300d8b32c4b0153ba15ebdb279425"", 22], [""b82ac8228e051d96bf8d706d3251893ebff1c9457b066fce3b7cb99af956f2a7"", 8]]","[[""302a0bd8d67775e8dc5960ecec7879be566300d8b32c4b0153ba15ebdb279425"", 5]]",False,
mixed-R3,e0798bd394af022603f1ed7a09641de2bb414bd14a9d6a2c494980c86095ccff,"If the Relevant Authority confirms a fine or action after an appeal under Article 21(5) of the Common Reporting Standard Law 2018, how many business days does the Reporting Financial Institution have to pay the fine or perform the action?",number,15,15,1.0,0.3333333333333333,1.0,"[[""fbdd7f9dd299d83b1f398778da2e6765dfaaed62005667264734a1f76ec09071"", 11], [""fbdd7f9dd299d83b1f398778da2e6765dfaaed62005667264734a1f76ec09071"", 12], [""fbdd7f9dd299d83b1f398778da2e6765dfaaed62005667264734a1f76ec09071"", 13]]","[[""fbdd7f9dd299d83b1f398778da2e6765dfaaed62005667264734a1f76ec09071"", 13]]",False,
mixed-R3,32bb32856c65215eddb17d2b5b938f58b4bec525af96f8637686e33b0d696e89,"According to Article 28(4) of the DIFC Trust Law 2018, can an order made consequential to a declaration under Articles 24 to 27 prejudice a purchaser in good faith for value of trust property without notice of the voidable matters?",boolean,false,false,1.0,0.25,1.0,"[[""1a255edc261961ec64870466a27ac4e25b5ebc2abe298e1b69f8dd2fc27288f6"", 101], [""4e387152960c1029b3711cacb05b287b13c977bc61f2558059a62b7b427a62eb"", 2], [""4e387152960c1029b3711cacb05b287b13c977bc61f2558059a62b7b427a62eb"", 8], [""4e387152960c1029b3711cacb05b287b13c977bc61f2558059a62b7b427a62eb"", 15]]","[[""4e387152960c1029b3711cacb05b287b13c977bc61f2558059a62b7b427a62eb"", 15]]",False,
mixed-R3,698e30385362eebe29a7fd618bb6d5fc2d213fca30eb008f0496d3887d6b4677,Is there any main party that appeared in both cases ARB 034/2025 and SCT 514/2025?,boolean,null,false,0.0,0.3333333333333333,0.5,"[[""3a574fc4f0baa5ec7ff0dcc822d7c55e4f9c493c24addc217c8df3d848c16fa5"", 1], [""58eae81bf668e7f6c58619f419a49b5e35e2e5c9c7475475ace28ec562580545"", 1], [""839de9798f377492eee68f82b202d7cd3544be83d799f6226a02f3678c9bb914"", 6]]","[[""58eae81bf668e7f6c58619f419a49b5e35e2e5c9c7475475ace28ec562580545"", 1], [""6306079a16b1dec85690f75c715cdbd78b0685a3e19ee30250d481bc32f2e29a"", 1]]",True,
mixed-R3,52a35cfabe76f2c538c6f72a841a08e0cc85bbe8f732874a4d2827383794c213,Did cases CA 004/2025 and ARB 034/2025 have any judges in common?,boolean,false,false,1.0,0.6666666666666666,1.0,"[[""09660f78c26cd56c08c7253ed21ba01fb246092f482ccd8acd8e6f9b6fd2d917"", 6], [""58eae81bf668e7f6c58619f419a49b5e35e2e5c9c7475475ace28ec562580545"", 1], [""78ffe994cdc61ce6a2a6937c79fc52751bb5d2b4eaa4019f088fbccf70569c26"", 1]]","[[""58eae81bf668e7f6c58619f419a49b5e35e2e5c9c7475475ace28ec562580545"", 1], [""78ffe994cdc61ce6a2a6937c79fc52751bb5d2b4eaa4019f088fbccf70569c26"", 1]]",True,
mixed-R3,a341025df493b0e6a962fa637e3df6fe053c3de28cb2f5c8eb0814067af32b95,"According to Article 12(4) of the Common Reporting Standard Law and Article 18(2)(b) of the General Partnership Law, what are the retention periods for records?",free_text,"""Article 12(4) of the Common Reporting Standard Law requires records to be retained for six (6) years after the date of reporting the information. The provided evidence for Article 18(2)(b) of the General Partnership Law does not state a retention period for records.""","""Under the CRS Law, records must be retained for 6 years after reporting. Under the General Partnership Law, accounting records must be preserved for at least 6 years from creation, or longer if prescribed by Regulations.""",0.4,0.14285714285714285,0.5,"[[""302a0bd8d67775e8dc5960ecec7879be566300d8b32c4b0153ba15ebdb279425"", 23], [""fbdd7f9dd299d83b1f398778da2e6765dfaaed62005667264734a1f76ec09071"", 2], [""fbdd7f9dd299d83b1f398778da2e6765dfaaed62005667264734a1f76ec09071"", 3], [""fbdd7f9dd299d83b1f398778da2e6765dfaaed62005667264734a1f76ec09071"", 4], [""fbdd7f9dd299d83b1f398778da2e6765dfaaed62005667264734a1f76ec09071"", 6], [""fbdd7f9dd299d83b1f398778da2e6765dfaaed62005667264734a1f76ec09071"", 7], [""fbdd7f9dd299d83b1f398778da2e6765dfaaed62005667264734a1f76ec09071"", 16]]","[[""302a0bd8d67775e8dc5960ecec7879be566300d8b32c4b0153ba15ebdb279425"", 7], [""fbdd7f9dd299d83b1f398778da2e6765dfaaed62005667264734a1f76ec09071"", 7]]",False,"The CRS retention period is correct, but the answer is incomplete/incorrect on the General Partnership Law: it should state that accounting records are preserved for at least 6 years from creation (or longer if Regulations prescribe). The confidence is too high for an answer that misses that required second part."
mixed-R3,acd7d2aea67ff920768aae75300837412f603e0e29f048ea33171ba52c1c0cd8,Which case has an earlier Date of Issue: ENF 269/2023 or SCT 514/2025?,name,"""ENF 269/2023""","""ENF 269/2023""",1.0,0.0,0.0,"[[""3a574fc4f0baa5ec7ff0dcc822d7c55e4f9c493c24addc217c8df3d848c16fa5"", 1], [""437568a801115019fe8278385c0484bdf07ab86f9a499ecaba2b7969b37c764b"", 15], [""5d3df6d69fac3ef91e13ac835b43a35e9e434fbc7e72ea5c01e288d69b66e6a2"", 1], [""6306079a16b1dec85690f75c715cdbd78b0685a3e19ee30250d481bc32f2e29a"", 1], [""fbdd7f9dd299d83b1f398778da2e6765dfaaed62005667264734a1f76ec09071"", 12]]","[[""5d3df6d69fac3ef91e13ac835b43a35e9e434fbc7e72ea5c01e288d69b66e6a2"", 3], [""6306079a16b1dec85690f75c715cdbd78b0685a3e19ee30250d481bc32f2e29a"", 2]]",True,
mixed-R3,f2a28b01dbdda99ec2b09a7001ea72e35b94a42c14c4bc5e5206c59857770306,Is there a judge who presided over both case CFI 057/2025 and case ENF 269/2023?,boolean,null,false,0.0,0.2857142857142857,1.0,"[[""1a255edc261961ec64870466a27ac4e25b5ebc2abe298e1b69f8dd2fc27288f6"", 2], [""1b446e196b4d1752241c8ff689a31ea705e98ad0c16b9d343c303664f72b64a1"", 1], [""3a574fc4f0baa5ec7ff0dcc822d7c55e4f9c493c24addc217c8df3d848c16fa5"", 1], [""437568a801115019fe8278385c0484bdf07ab86f9a499ecaba2b7969b37c764b"", 7], [""536bbce854b9406cc22697e04fcdabd645e030c0e55b918252643b00e0b2b25f"", 19], [""5d3df6d69fac3ef91e13ac835b43a35e9e434fbc7e72ea5c01e288d69b66e6a2"", 1], [""6248961b681ea0deb189f354be0c8286f35974dcdb211c13c921c3dd0e566a6e"", 1]]","[[""1b446e196b4d1752241c8ff689a31ea705e98ad0c16b9d343c303664f72b64a1"", 1], [""5d3df6d69fac3ef91e13ac835b43a35e9e434fbc7e72ea5c01e288d69b66e6a2"", 1]]",True,
mixed-R3,3c33f9a4de9bac177c65e3c3bd986ef05e527095e4c96aabbbed76599b727eb0,Who are listed as the claimants in the case documents for SCT 295/2025?,names,"[""OLEXA""]","[""Olexa""]",1.0,0.2,1.0,"[[""09660f78c26cd56c08c7253ed21ba01fb246092f482ccd8acd8e6f9b6fd2d917"", 1], [""3a574fc4f0baa5ec7ff0dcc822d7c55e4f9c493c24addc217c8df3d848c16fa5"", 1], [""3a574fc4f0baa5ec7ff0dcc822d7c55e4f9c493c24addc217c8df3d848c16fa5"", 2], [""3a574fc4f0baa5ec7ff0dcc822d7c55e4f9c493c24addc217c8df3d848c16fa5"", 3], [""3f8a5ea0e051ba3af7a02da340c911fe0970ebece6c852c3e61a10c00cac6d6e"", 4]]","[[""09660f78c26cd56c08c7253ed21ba01fb246092f482ccd8acd8e6f9b6fd2d917"", 1]]",False,
mixed-R3,b982f3b308042c0eb23dfe264a56ab53866fbea5d3981c4bfcf3ffb6de22054e,What was the result of the application heard in case CFI 067/2025?,free_text,"""The application was dismissed, and the applicant was ordered to pay the respondent's costs of the application on the standard basis.""","""The Defendant's application for immediate judgment and/or strike out was dismissed, and the Applicant was ordered to pay 80% of the Respondent's costs, assessed at USD 155,879.50.""",0.8,0.14285714285714285,1.0,"[[""1a255edc261961ec64870466a27ac4e25b5ebc2abe298e1b69f8dd2fc27288f6"", 2], [""437568a801115019fe8278385c0484bdf07ab86f9a499ecaba2b7969b37c764b"", 1], [""437568a801115019fe8278385c0484bdf07ab86f9a499ecaba2b7969b37c764b"", 7], [""437568a801115019fe8278385c0484bdf07ab86f9a499ecaba2b7969b37c764b"", 11], [""437568a801115019fe8278385c0484bdf07ab86f9a499ecaba2b7969b37c764b"", 12], [""6248961b681ea0deb189f354be0c8286f35974dcdb211c13c921c3dd0e566a6e"", 1], [""897ab23ed5a70034d3d708d871ad1da8bc7b6608d94b1ca46b5d578d985d3c13"", 1]]","[[""897ab23ed5a70034d3d708d871ad1da8bc7b6608d94b1ca46b5d578d985d3c13"", 1]]",True,"The answer is factually consistent with the record on the core outcome (dismissed; costs awarded on the standard basis), but it omits the specific costs allocation of 80% and the assessed amount of USD 155,879.50."
mixed-R3,cdddeb6a063f29cbea5f10b3dccbd83aa16849e1f3124e223d141d1578efeb0a,Who were the claimants in case CFI 010/2024?,names,"[""Fursa Consulting""]","[""Fursa Consulting""]",1.0,0.2,1.0,"[[""0471e83c1ea18086cfb6b3ff51da6f22b0efee337f10315b2593f782297ccb84"", 1], [""1a255edc261961ec64870466a27ac4e25b5ebc2abe298e1b69f8dd2fc27288f6"", 2], [""443e04bc1a78940b3fcd5438d24b6c5f182a276d354a3108e738b193675de032"", 1], [""443e04bc1a78940b3fcd5438d24b6c5f182a276d354a3108e738b193675de032"", 2], [""d32e76d495ac7d855d805fb71682b98d254520e3799aa4529ebc983212648335"", 1]]","[[""443e04bc1a78940b3fcd5438d24b6c5f182a276d354a3108e738b193675de032"", 1]]",True,
mixed-R3,f5c27c961e218728abde9ff9031d1701cb36db4a2e590d2dbd8914dd28a27b20,"According to Article 19(2)(c) of the Common Reporting Standard Law 2018, how many days does a Reporting Financial Institution have to pay a fine for opening a New Account without a valid self-certification after receiving notification?",number,30,30,1.0,0.5,1.0,"[[""fbdd7f9dd299d83b1f398778da2e6765dfaaed62005667264734a1f76ec09071"", 11], [""fbdd7f9dd299d83b1f398778da2e6765dfaaed62005667264734a1f76ec09071"", 17]]","[[""fbdd7f9dd299d83b1f398778da2e6765dfaaed62005667264734a1f76ec09071"", 11]]",False,
mixed-R3,7b31467fd9f391a836ecd316b258a6d5e849cb62a9a0c95573b084c1d1338ba0,"According to Article 9(9)(a) of the Operating Law 2018, how many months does a Licence typically have effect from its issue date by the Registrar?",number,12,12,1.0,0.2,1.0,"[[""22442c5ee999e2519c68de908be511875a84f2b810ed540c2dcfcbcc65031434"", 11], [""302a0bd8d67775e8dc5960ecec7879be566300d8b32c4b0153ba15ebdb279425"", 22], [""72ea171147bf30326fe6fd2e6798f607c7cef4bf9d43761dbccd2f1b6a356849"", 9], [""b82ac8228e051d96bf8d706d3251893ebff1c9457b066fce3b7cb99af956f2a7"", 7], [""b82ac8228e051d96bf8d706d3251893ebff1c9457b066fce3b7cb99af956f2a7"", 17]]","[[""72ea171147bf30326fe6fd2e6798f607c7cef4bf9d43761dbccd2f1b6a356849"", 9]]",False,
mixed-R3,6b20dd63f6b2072c51f7063e32f5accf7218fd36fdfcc3fb627867139b41359e,Which case has an earlier Date of Issue: SCT 169/2025 or SCT 295/2025?,name,"""SCT 295/2025""","""SCT 295/2025""",1.0,0.14285714285714285,0.5,"[[""09660f78c26cd56c08c7253ed21ba01fb246092f482ccd8acd8e6f9b6fd2d917"", 2], [""09660f78c26cd56c08c7253ed21ba01fb246092f482ccd8acd8e6f9b6fd2d917"", 8], [""33bc02044716acdfedb164b065bdaec098aaadcae863c591f9931c88e7307d16"", 32], [""3a574fc4f0baa5ec7ff0dcc822d7c55e4f9c493c24addc217c8df3d848c16fa5"", 1], [""3a574fc4f0baa5ec7ff0dcc822d7c55e4f9c493c24addc217c8df3d848c16fa5"", 3], [""6306079a16b1dec85690f75c715cdbd78b0685a3e19ee30250d481bc32f2e29a"", 4], [""839de9798f377492eee68f82b202d7cd3544be83d799f6226a02f3678c9bb914"", 41]]","[[""09660f78c26cd56c08c7253ed21ba01fb246092f482ccd8acd8e6f9b6fd2d917"", 2], [""3a574fc4f0baa5ec7ff0dcc822d7c55e4f9c493c24addc217c8df3d848c16fa5"", 2]]",True,
mixed-R3,a499c8553e73100d9ecc8ccd1164beea4b82fa6b32c519de1a37c861925076a1,"If a Reporting Financial Institution fails to provide specified information during an investigation, does this constitute obstruction of Inspectors under Article 17(b) of the Common Reporting Standard Law 2018?",boolean,true,true,1.0,0.25,1.0,"[[""fbdd7f9dd299d83b1f398778da2e6765dfaaed62005667264734a1f76ec09071"", 3], [""fbdd7f9dd299d83b1f398778da2e6765dfaaed62005667264734a1f76ec09071"", 8], [""fbdd7f9dd299d83b1f398778da2e6765dfaaed62005667264734a1f76ec09071"", 9], [""fbdd7f9dd299d83b1f398778da2e6765dfaaed62005667264734a1f76ec09071"", 10]]","[[""fbdd7f9dd299d83b1f398778da2e6765dfaaed62005667264734a1f76ec09071"", 10]]",False,
mixed-R3,de67a8574c9e4352ba32d662761e8b2e59ce1d2ae36c33cf5c563dfc5d879920,"Considering all documents across case CA 005/2025 and case TCD 001/2024, was there any judge who participated in both cases?",boolean,null,true,0.0,0.14285714285714285,0.5,"[[""0471e83c1ea18086cfb6b3ff51da6f22b0efee337f10315b2593f782297ccb84"", 1], [""1a255edc261961ec64870466a27ac4e25b5ebc2abe298e1b69f8dd2fc27288f6"", 2], [""437568a801115019fe8278385c0484bdf07ab86f9a499ecaba2b7969b37c764b"", 7], [""62930da32fa3172edf2f2bbf3da268455bd99a7b5fab34d72358730d8cd5da30"", 1], [""78ffe994cdc61ce6a2a6937c79fc52751bb5d2b4eaa4019f088fbccf70569c26"", 1], [""bd2d222ee0a636a745434cfb457321cd658db5bb32b5f0a3f5643236cc1503d8"", 1], [""c98c1475692bc22f4abab6a7a7d7969467c94e46a7e68919aaf127179ebf3f54"", 1]]","[[""0471e83c1ea18086cfb6b3ff51da6f22b0efee337f10315b2593f782297ccb84"", 1], [""437568a801115019fe8278385c0484bdf07ab86f9a499ecaba2b7969b37c764b"", 1]]",False,
mixed-R3,e153746c20cc385a520728ac381151f424c9eee10e4c582904fee70afe9af243,"According to Article 10 of the Employment Law 2019, how many months after the Termination Date must a claim under this Law be presented to the Court, unless otherwise specified?",number,6,6,1.0,0.16666666666666666,1.0,"[[""09660f78c26cd56c08c7253ed21ba01fb246092f482ccd8acd8e6f9b6fd2d917"", 2], [""09660f78c26cd56c08c7253ed21ba01fb246092f482ccd8acd8e6f9b6fd2d917"", 3], [""09660f78c26cd56c08c7253ed21ba01fb246092f482ccd8acd8e6f9b6fd2d917"", 4], [""33bc02044716acdfedb164b065bdaec098aaadcae863c591f9931c88e7307d16"", 6], [""33bc02044716acdfedb164b065bdaec098aaadcae863c591f9931c88e7307d16"", 9], [""33bc02044716acdfedb164b065bdaec098aaadcae863c591f9931c88e7307d16"", 11]]","[[""33bc02044716acdfedb164b065bdaec098aaadcae863c591f9931c88e7307d16"", 6]]",True,
mixed-R3,922dcd5ae0d2420ec5577ed8094f593124f7b69f7e61b12c24ad46410114e8ae,What official law number is stated on the cover page of the DIFC Trust Law?,number,4,4,1.0,0.16666666666666666,1.0,"[[""22442c5ee999e2519c68de908be511875a84f2b810ed540c2dcfcbcc65031434"", 40], [""302a0bd8d67775e8dc5960ecec7879be566300d8b32c4b0153ba15ebdb279425"", 20], [""4e387152960c1029b3711cacb05b287b13c977bc61f2558059a62b7b427a62eb"", 1], [""4e387152960c1029b3711cacb05b287b13c977bc61f2558059a62b7b427a62eb"", 50], [""839de9798f377492eee68f82b202d7cd3544be83d799f6226a02f3678c9bb914"", 24], [""ff746f7b583490a80ba104361c0a82a1ebbf7ed9097cd03dc49d744cb5057761"", 4]]","[[""4e387152960c1029b3711cacb05b287b13c977bc61f2558059a62b7b427a62eb"", 1]]",False,
mixed-R3,f950917f9b85f687161b1022a11c3ce31e4f6ab459af69dfea311c20893fc8a7,Who are listed as the claimants in the case documents for CFI 067/2025?,names,"[""Coinmena B.S.C. (C)""]","[""COINMENA B.S.C. (C)""]",1.0,0.16666666666666666,1.0,"[[""03b621728fe29eb6113fcdb57f6458d793fd2d5c5b833ae26d40f04a29c85359"", 2], [""1a255edc261961ec64870466a27ac4e25b5ebc2abe298e1b69f8dd2fc27288f6"", 2], [""1b446e196b4d1752241c8ff689a31ea705e98ad0c16b9d343c303664f72b64a1"", 1], [""437568a801115019fe8278385c0484bdf07ab86f9a499ecaba2b7969b37c764b"", 2], [""6248961b681ea0deb189f354be0c8286f35974dcdb211c13c921c3dd0e566a6e"", 1], [""897ab23ed5a70034d3d708d871ad1da8bc7b6608d94b1ca46b5d578d985d3c13"", 1]]","[[""897ab23ed5a70034d3d708d871ad1da8bc7b6608d94b1ca46b5d578d985d3c13"", 1]]",True,
mixed-R3,254c8499b22ba05b0b1536c111b23e8afb031d0ed14af5970f665d6b1e821e65,"Under Article 26(2) of the Employment Law 2019, for how many months after the actual date of childbirth is a female Employee returning from Maternity Leave entitled to nursing breaks if her working time exceeds six hours?",number,6,6,1.0,0.3333333333333333,1.0,"[[""33bc02044716acdfedb164b065bdaec098aaadcae863c591f9931c88e7307d16"", 14], [""33bc02044716acdfedb164b065bdaec098aaadcae863c591f9931c88e7307d16"", 17], [""33bc02044716acdfedb164b065bdaec098aaadcae863c591f9931c88e7307d16"", 19]]","[[""33bc02044716acdfedb164b065bdaec098aaadcae863c591f9931c88e7307d16"", 14]]",True,
mixed-R3,322674cd65809bde505d9f50edb1bf7e1674f7e118a8179617732a3942b52d74,"According to Article 19(4) of the General Partnership Law 2004, how many months after the end of the financial year must the accounts for that year be prepared and approved by the Partners?",number,6,6,1.0,0.3333333333333333,1.0,"[[""302a0bd8d67775e8dc5960ecec7879be566300d8b32c4b0153ba15ebdb279425"", 7], [""302a0bd8d67775e8dc5960ecec7879be566300d8b32c4b0153ba15ebdb279425"", 8], [""b82ac8228e051d96bf8d706d3251893ebff1c9457b066fce3b7cb99af956f2a7"", 13]]","[[""302a0bd8d67775e8dc5960ecec7879be566300d8b32c4b0153ba15ebdb279425"", 8]]",False,
mixed-R3,87a1294f4e8414adaf49579d914252f4c7a9e90c54a452b5a420bed4934ce335,"If a Reporting Financial Institution obtains or creates records in a language other than English under the Common Reporting Standard Law 2018, what must it provide upon request to the Relevant Authority?",free_text,"""It must provide an English translation to the Relevant Authority upon request.""","""It must provide an English translation to the Relevant Authority upon request.""",1.0,0.3333333333333333,1.0,"[[""fbdd7f9dd299d83b1f398778da2e6765dfaaed62005667264734a1f76ec09071"", 3], [""fbdd7f9dd299d83b1f398778da2e6765dfaaed62005667264734a1f76ec09071"", 7], [""fbdd7f9dd299d83b1f398778da2e6765dfaaed62005667264734a1f76ec09071"", 16]]","[[""fbdd7f9dd299d83b1f398778da2e6765dfaaed62005667264734a1f76ec09071"", 7]]",False,All criteria met.
mixed-R3,b2fcc22c0bfc27e799fec5df74c911114a91f83d0aa2995729390d6c8cb80c1a,On what date was the DIFC Personal Property Law 2005 enacted?,free_text,"""There is no information on this question in the provided documents.""","""There is no information on this question in the provided documents.""",1.0,,,"[[""33bc02044716acdfedb164b065bdaec098aaadcae863c591f9931c88e7307d16"", 39], [""536bbce854b9406cc22697e04fcdabd645e030c0e55b918252643b00e0b2b25f"", 1], [""536bbce854b9406cc22697e04fcdabd645e030c0e55b918252643b00e0b2b25f"", 3], [""536bbce854b9406cc22697e04fcdabd645e030c0e55b918252643b00e0b2b25f"", 20]]",[],False,"The submission matches the reference by appropriately abstaining, and its confidence is reasonable given the lack of a specific enactment date in the provided evidence."
mixed-R3,8167b0cfeb476ce373ca991b28b3b35f78a8c3c9a5e3d1b682fdbb0ed5604ef4,"Looking only at the last page of the document in case SCT 514/2025, what was the outcome of the specific order or application described?",free_text,"""The Permission to Appeal Application was refused.""","""The Defendant's Application for Permission to Appeal was refused.""",1.0,0.0,0.0,"[[""3a574fc4f0baa5ec7ff0dcc822d7c55e4f9c493c24addc217c8df3d848c16fa5"", 1], [""3f8a5ea0e051ba3af7a02da340c911fe0970ebece6c852c3e61a10c00cac6d6e"", 16], [""6248961b681ea0deb189f354be0c8286f35974dcdb211c13c921c3dd0e566a6e"", 4], [""6306079a16b1dec85690f75c715cdbd78b0685a3e19ee30250d481bc32f2e29a"", 1], [""d32e76d495ac7d855d805fb71682b98d254520e3799aa4529ebc983212648335"", 9]]","[[""6306079a16b1dec85690f75c715cdbd78b0685a3e19ee30250d481bc32f2e29a"", 6]]",True,All criteria are met. The answer matches the order on the last page and is directly supported by the provided evidence.
mixed-R3,2e211d0cdb29134de759b277c8b8ed5b8fe43f033dcec1e4bd15feafb1dbb8ab,"Across all documents in case DEC 001/2025 and case SCT 514/2025, is there any legal entity or individual that appears as a main party in both cases?",boolean,null,false,0.0,0.3333333333333333,0.6666666666666666,"[[""1a255edc261961ec64870466a27ac4e25b5ebc2abe298e1b69f8dd2fc27288f6"", 1], [""1a255edc261961ec64870466a27ac4e25b5ebc2abe298e1b69f8dd2fc27288f6"", 8], [""3a574fc4f0baa5ec7ff0dcc822d7c55e4f9c493c24addc217c8df3d848c16fa5"", 1], [""3f8a5ea0e051ba3af7a02da340c911fe0970ebece6c852c3e61a10c00cac6d6e"", 1], [""839de9798f377492eee68f82b202d7cd3544be83d799f6226a02f3678c9bb914"", 1], [""839de9798f377492eee68f82b202d7cd3544be83d799f6226a02f3678c9bb914"", 7]]","[[""3f8a5ea0e051ba3af7a02da340c911fe0970ebece6c852c3e61a10c00cac6d6e"", 1], [""6306079a16b1dec85690f75c715cdbd78b0685a3e19ee30250d481bc32f2e29a"", 1], [""839de9798f377492eee68f82b202d7cd3544be83d799f6226a02f3678c9bb914"", 1]]",True,
mixed-R3,89f4b2e86cf7e48e185b9d5775d67e7c8a51beccbb20abce8dac2a1b0e80b723,Were the Miranda rights properly administered in case ENF 269/2023?,free_text,"""There is no information on this question in the provided documents.""","""There is no information on this question in the provided documents.""",1.0,,,"[[""22442c5ee999e2519c68de908be511875a84f2b810ed540c2dcfcbcc65031434"", 30], [""33bc02044716acdfedb164b065bdaec098aaadcae863c591f9931c88e7307d16"", 29], [""536bbce854b9406cc22697e04fcdabd645e030c0e55b918252643b00e0b2b25f"", 16], [""5d3df6d69fac3ef91e13ac835b43a35e9e434fbc7e72ea5c01e288d69b66e6a2"", 1], [""fbdd7f9dd299d83b1f398778da2e6765dfaaed62005667264734a1f76ec09071"", 9], [""fbdd7f9dd299d83b1f398778da2e6765dfaaed62005667264734a1f76ec09071"", 12]]",[],False,All criteria met.
mixed-R3,98d473221f50a845466544b43d6bb52b0497893aade63a8659db228459c271b4,When was the consolidated version of the Law on the Application of Civil and Commercial Laws in the DIFC published?,free_text,"""The consolidated version was published in November 2024.""","""The consolidated version was published in November 2024.""",1.0,0.16666666666666666,1.0,"[[""ff746f7b583490a80ba104361c0a82a1ebbf7ed9097cd03dc49d744cb5057761"", 1], [""ff746f7b583490a80ba104361c0a82a1ebbf7ed9097cd03dc49d744cb5057761"", 2], [""ff746f7b583490a80ba104361c0a82a1ebbf7ed9097cd03dc49d744cb5057761"", 3], [""ff746f7b583490a80ba104361c0a82a1ebbf7ed9097cd03dc49d744cb5057761"", 4], [""ff746f7b583490a80ba104361c0a82a1ebbf7ed9097cd03dc49d744cb5057761"", 5], [""ff746f7b583490a80ba104361c0a82a1ebbf7ed9097cd03dc49d744cb5057761"", 7]]","[[""ff746f7b583490a80ba104361c0a82a1ebbf7ed9097cd03dc49d744cb5057761"", 1]]",False,The answer matches the reference exactly and is directly supported by the evidence stating “Consolidated Version (November 2024).”
mixed-R3,5cb2e9e631929fec4306d0bf7cbf145bcfe5f29d86eade85178d359852626cbf,Does the DIFC law numbered DIFC Law No. 7 of 2018 deal with insolvency and preferential debts?,boolean,false,false,1.0,0.14285714285714285,1.0,"[[""22442c5ee999e2519c68de908be511875a84f2b810ed540c2dcfcbcc65031434"", 1], [""4e387152960c1029b3711cacb05b287b13c977bc61f2558059a62b7b427a62eb"", 1], [""72ea171147bf30326fe6fd2e6798f607c7cef4bf9d43761dbccd2f1b6a356849"", 1], [""72ea171147bf30326fe6fd2e6798f607c7cef4bf9d43761dbccd2f1b6a356849"", 40], [""72ea171147bf30326fe6fd2e6798f607c7cef4bf9d43761dbccd2f1b6a356849"", 41], [""b82ac8228e051d96bf8d706d3251893ebff1c9457b066fce3b7cb99af956f2a7"", 24], [""fbdd7f9dd299d83b1f398778da2e6765dfaaed62005667264734a1f76ec09071"", 1]]","[[""72ea171147bf30326fe6fd2e6798f607c7cef4bf9d43761dbccd2f1b6a356849"", 1]]",False,
mixed-R3,30167c4bda50157907608b180c50e4e49902b0cb6bd09b6461b6c7cb75961a1b,"Summarize the court's final ruling in case CFI 010/2024, as stated on the first page of the document.",free_text,"""In CFI 010/2024, the court dismissed the Claimant’s application for a Default Costs Certificate and ordered that the Claimant bear its own costs of the application.""","""The court dismissed the Claimant's application for a Default Costs Certificate and ordered the Claimant to bear its own costs of the application.""",1.0,0.16666666666666666,1.0,"[[""1a255edc261961ec64870466a27ac4e25b5ebc2abe298e1b69f8dd2fc27288f6"", 2], [""437568a801115019fe8278385c0484bdf07ab86f9a499ecaba2b7969b37c764b"", 2], [""443e04bc1a78940b3fcd5438d24b6c5f182a276d354a3108e738b193675de032"", 1], [""443e04bc1a78940b3fcd5438d24b6c5f182a276d354a3108e738b193675de032"", 2], [""897ab23ed5a70034d3d708d871ad1da8bc7b6608d94b1ca46b5d578d985d3c13"", 1], [""d32e76d495ac7d855d805fb71682b98d254520e3799aa4529ebc983212648335"", 1]]","[[""443e04bc1a78940b3fcd5438d24b6c5f182a276d354a3108e738b193675de032"", 1]]",True,The submission matches the reference exactly and is supported by the first-page evidence.
mixed-R3,30040cc854022341de6bb9ee7dc3e932d540666a1addda4750bf974ce9d9292f,Which case has an earlier Date of Issue: CFI 016/2025 or ENF 269/2023?,name,"""ENF 269/2023""","""ENF 269/2023""",1.0,0.0,0.0,"[[""33bc02044716acdfedb164b065bdaec098aaadcae863c591f9931c88e7307d16"", 1], [""33bc02044716acdfedb164b065bdaec098aaadcae863c591f9931c88e7307d16"", 32], [""3a574fc4f0baa5ec7ff0dcc822d7c55e4f9c493c24addc217c8df3d848c16fa5"", 1], [""437568a801115019fe8278385c0484bdf07ab86f9a499ecaba2b7969b37c764b"", 15], [""58eae81bf668e7f6c58619f419a49b5e35e2e5c9c7475475ace28ec562580545"", 1], [""5d3df6d69fac3ef91e13ac835b43a35e9e434fbc7e72ea5c01e288d69b66e6a2"", 1], [""6248961b681ea0deb189f354be0c8286f35974dcdb211c13c921c3dd0e566a6e"", 1]]","[[""5d3df6d69fac3ef91e13ac835b43a35e9e434fbc7e72ea5c01e288d69b66e6a2"", 3], [""6248961b681ea0deb189f354be0c8286f35974dcdb211c13c921c3dd0e566a6e"", 2]]",False,
mixed-R3,33060f268efcac79c65cd3e0a39bc0f7d91d9bb1802bc2e08bfa43ec5a5cd355,"According to Article 16(1) of the Operating Law 2018, what document must every Registered Person file with the Registrar at the same time as applying for Licence renewal?",name,"""Confirmation Statement""","""Confirmation Statement""",1.0,0.25,1.0,"[[""72ea171147bf30326fe6fd2e6798f607c7cef4bf9d43761dbccd2f1b6a356849"", 9], [""72ea171147bf30326fe6fd2e6798f607c7cef4bf9d43761dbccd2f1b6a356849"", 11], [""72ea171147bf30326fe6fd2e6798f607c7cef4bf9d43761dbccd2f1b6a356849"", 41], [""b82ac8228e051d96bf8d706d3251893ebff1c9457b066fce3b7cb99af956f2a7"", 17]]","[[""72ea171147bf30326fe6fd2e6798f607c7cef4bf9d43761dbccd2f1b6a356849"", 11]]",False,
mixed-R3,0149374f1699ab209f6169cffcdd94f45072fca07fbf7a580720760f5c32f658,"Under Article 11(2)(b) of the Employment Law 2019, can an Employee waive any right under this Law by entering into a written agreement with their Employer to terminate employment, provided they were given an opportunity to receive independent legal advice or took part in mediation?",boolean,true,true,1.0,0.3333333333333333,1.0,"[[""33bc02044716acdfedb164b065bdaec098aaadcae863c591f9931c88e7307d16"", 7], [""33bc02044716acdfedb164b065bdaec098aaadcae863c591f9931c88e7307d16"", 9], [""33bc02044716acdfedb164b065bdaec098aaadcae863c591f9931c88e7307d16"", 28]]","[[""33bc02044716acdfedb164b065bdaec098aaadcae863c591f9931c88e7307d16"", 7]]",True,
mixed-R3,5c3ca60614572a117bb7436e202cb32249c186ad8c5526b35a3556b54ff425b7,Which case has an earlier Date of Issue: CA 004/2025 or SCT 295/2025?,name,null,"""CA 004/2025""",0.0,0.0,0.0,"[[""33bc02044716acdfedb164b065bdaec098aaadcae863c591f9931c88e7307d16"", 32], [""3a574fc4f0baa5ec7ff0dcc822d7c55e4f9c493c24addc217c8df3d848c16fa5"", 1], [""3a574fc4f0baa5ec7ff0dcc822d7c55e4f9c493c24addc217c8df3d848c16fa5"", 2], [""78ffe994cdc61ce6a2a6937c79fc52751bb5d2b4eaa4019f088fbccf70569c26"", 1], [""d32e76d495ac7d855d805fb71682b98d254520e3799aa4529ebc983212648335"", 4], [""f4c4d051d514270964adcf58e124569e396602340b7d9172671759de10a95897"", 2]]","[[""09660f78c26cd56c08c7253ed21ba01fb246092f482ccd8acd8e6f9b6fd2d917"", 2], [""78ffe994cdc61ce6a2a6937c79fc52751bb5d2b4eaa4019f088fbccf70569c26"", 2]]",True,
mixed-R3,52e9e31a6d7a80a597147115b3d38065da495a41e7c11e797d0a190c9a580bcf,What was the outcome of the specific order or application described in case SCT 295/2025?,free_text,"""There is no information on this question in the provided documents.""","""The permission to appeal application was refused, and there was no order as to costs.""",0.2,0.0,0.0,"[[""09660f78c26cd56c08c7253ed21ba01fb246092f482ccd8acd8e6f9b6fd2d917"", 1], [""1a255edc261961ec64870466a27ac4e25b5ebc2abe298e1b69f8dd2fc27288f6"", 75], [""3a574fc4f0baa5ec7ff0dcc822d7c55e4f9c493c24addc217c8df3d848c16fa5"", 1], [""437568a801115019fe8278385c0484bdf07ab86f9a499ecaba2b7969b37c764b"", 2], [""437568a801115019fe8278385c0484bdf07ab86f9a499ecaba2b7969b37c764b"", 7], [""437568a801115019fe8278385c0484bdf07ab86f9a499ecaba2b7969b37c764b"", 10]]","[[""09660f78c26cd56c08c7253ed21ba01fb246092f482ccd8acd8e6f9b6fd2d917"", 2]]",False,"The submission incorrectly abstains even though the record states the permission to appeal application was refused and there was no order as to costs. It is therefore incomplete, not grounded in the evidence, and its low-confidence abstention is inappropriate."
mixed-R3,fdeb03aecacff6f7d78a86ff22a13e95abe014855c18282b142d6ad1f46daa0a,Review the full case files for DEC 001/2025 and TCD 001/2024 — did any judge preside over proceedings in both cases?,boolean,null,false,0.0,0.5,0.5,"[[""0471e83c1ea18086cfb6b3ff51da6f22b0efee337f10315b2593f782297ccb84"", 1], [""1a255edc261961ec64870466a27ac4e25b5ebc2abe298e1b69f8dd2fc27288f6"", 7], [""1a255edc261961ec64870466a27ac4e25b5ebc2abe298e1b69f8dd2fc27288f6"", 8], [""62930da32fa3172edf2f2bbf3da268455bd99a7b5fab34d72358730d8cd5da30"", 1], [""839de9798f377492eee68f82b202d7cd3544be83d799f6226a02f3678c9bb914"", 7], [""c98c1475692bc22f4abab6a7a7d7969467c94e46a7e68919aaf127179ebf3f54"", 1]]","[[""0471e83c1ea18086cfb6b3ff51da6f22b0efee337f10315b2593f782297ccb84"", 1], [""1a255edc261961ec64870466a27ac4e25b5ebc2abe298e1b69f8dd2fc27288f6"", 2], [""3f8a5ea0e051ba3af7a02da340c911fe0970ebece6c852c3e61a10c00cac6d6e"", 1], [""62930da32fa3172edf2f2bbf3da268455bd99a7b5fab34d72358730d8cd5da30"", 1], [""839de9798f377492eee68f82b202d7cd3544be83d799f6226a02f3678c9bb914"", 1], [""c98c1475692bc22f4abab6a7a7d7969467c94e46a7e68919aaf127179ebf3f54"", 1]]",False,
mixed-R3,eeffebf44c689e60729c466dd3fda5e7c2731c84220464c1808ef661452d1de0,"According to the Conclusion section of case CA 009/2024, how did the Court of Appeal rule, and what costs were awarded?",free_text,"""The Court of Appeal ruled that the Defendant should be awarded AED 70,000 in costs.""","""The Court of Appeal allowed the appeal to the extent shown in its order, restored the amended Second Part 50 order against Ms Onita, dismissed the appeal as to Mr Oron, and awarded the appellant USD 60,541.25 in costs.""",0.4,0.0,0.0,"[[""3f8a5ea0e051ba3af7a02da340c911fe0970ebece6c852c3e61a10c00cac6d6e"", 18], [""437568a801115019fe8278385c0484bdf07ab86f9a499ecaba2b7969b37c764b"", 5], [""6248961b681ea0deb189f354be0c8286f35974dcdb211c13c921c3dd0e566a6e"", 6], [""78ffe994cdc61ce6a2a6937c79fc52751bb5d2b4eaa4019f088fbccf70569c26"", 1], [""78ffe994cdc61ce6a2a6937c79fc52751bb5d2b4eaa4019f088fbccf70569c26"", 5], [""bd2d222ee0a636a745434cfb457321cd658db5bb32b5f0a3f5643236cc1503d8"", 1]]","[[""bd2d222ee0a636a745434cfb457321cd658db5bb32b5f0a3f5643236cc1503d8"", 14]]",True,"Incorrect and incomplete: the reference says the appeal was allowed only in part, the amended Second Part 50 order against Ms Onita was restored, the appeal as to Mr Oron was dismissed, and costs were USD 60,541.25, not AED 70,000. The response is concise and on-topic, and its cost figure is echoed in one evidence snippet, but its confidence is not calibrated to the actual correctness."
mixed-R3,6c32a091c7108047fabbea4f78137837d79c46a5a864963872cb7035ea9cce0f,What was the claim value in AED referenced in the appeal judgment CA 005/2025?,number,4200000,405351504,0.0,0.0,0.0,"[[""6248961b681ea0deb189f354be0c8286f35974dcdb211c13c921c3dd0e566a6e"", 5], [""6248961b681ea0deb189f354be0c8286f35974dcdb211c13c921c3dd0e566a6e"", 6], [""6248961b681ea0deb189f354be0c8286f35974dcdb211c13c921c3dd0e566a6e"", 7], [""62930da32fa3172edf2f2bbf3da268455bd99a7b5fab34d72358730d8cd5da30"", 3], [""78ffe994cdc61ce6a2a6937c79fc52751bb5d2b4eaa4019f088fbccf70569c26"", 1], [""f4c4d051d514270964adcf58e124569e396602340b7d9172671759de10a95897"", 2]]","[[""437568a801115019fe8278385c0484bdf07ab86f9a499ecaba2b7969b37c764b"", 3]]",False,
mixed-R3,f564b1fd7332944fa826e3af69330b53e8fed018c370dde5b57a8e338d4ecd62,"Between CFI 016/2025 and CFI 057/2025, which document has the earlier issue date?",name,"""CFI 057/2025""","""CFI 057/2025""",1.0,0.3333333333333333,1.0,"[[""1b446e196b4d1752241c8ff689a31ea705e98ad0c16b9d343c303664f72b64a1"", 1], [""33bc02044716acdfedb164b065bdaec098aaadcae863c591f9931c88e7307d16"", 1], [""33bc02044716acdfedb164b065bdaec098aaadcae863c591f9931c88e7307d16"", 32], [""3a574fc4f0baa5ec7ff0dcc822d7c55e4f9c493c24addc217c8df3d848c16fa5"", 1], [""536bbce854b9406cc22697e04fcdabd645e030c0e55b918252643b00e0b2b25f"", 1], [""6248961b681ea0deb189f354be0c8286f35974dcdb211c13c921c3dd0e566a6e"", 1]]","[[""1b446e196b4d1752241c8ff689a31ea705e98ad0c16b9d343c303664f72b64a1"", 1], [""6248961b681ea0deb189f354be0c8286f35974dcdb211c13c921c3dd0e566a6e"", 1]]",True,
mixed-R3,b31a702f36e2c43e845e13f160ebc35d3d6ea27eb66a351561a94f0ce56b8667,"According to Article 13 of the Employment Law 2019, can an Employer employ a child who is under sixteen years of age?",boolean,false,false,1.0,0.16666666666666666,1.0,"[[""33bc02044716acdfedb164b065bdaec098aaadcae863c591f9931c88e7307d16"", 4], [""33bc02044716acdfedb164b065bdaec098aaadcae863c591f9931c88e7307d16"", 5], [""33bc02044716acdfedb164b065bdaec098aaadcae863c591f9931c88e7307d16"", 6], [""33bc02044716acdfedb164b065bdaec098aaadcae863c591f9931c88e7307d16"", 7], [""33bc02044716acdfedb164b065bdaec098aaadcae863c591f9931c88e7307d16"", 24], [""33bc02044716acdfedb164b065bdaec098aaadcae863c591f9931c88e7307d16"", 44]]","[[""33bc02044716acdfedb164b065bdaec098aaadcae863c591f9931c88e7307d16"", 7]]",True,
mixed-R3,b13500141f04c86f328b49c56ba01c7bc13bce5afee9646860912718291a5c1a,"According to Article 7(3)(j) of the Operating Law 2018, can the Registrar delegate its functions and powers to officers or employees of the DIFCA without the approval of the Board of Directors of the DIFCA?",boolean,true,true,1.0,0.5,1.0,"[[""72ea171147bf30326fe6fd2e6798f607c7cef4bf9d43761dbccd2f1b6a356849"", 6], [""72ea171147bf30326fe6fd2e6798f607c7cef4bf9d43761dbccd2f1b6a356849"", 29]]","[[""72ea171147bf30326fe6fd2e6798f607c7cef4bf9d43761dbccd2f1b6a356849"", 6]]",False,
mixed-R3,43f77ed8a37c7af9b3e52b0532c593c768f8f1159db9b9ca717a700d6b0a47f9,"From the header/caption section of each document in case TCD 001/2024, identify all parties listed as Claimant.",names,"[""Architeriors Interior Design (L.L.C)""]","[""ARCHITERIORS INTERIOR DESIGN (L.L.C)""]",1.0,0.6,1.0,"[[""0471e83c1ea18086cfb6b3ff51da6f22b0efee337f10315b2593f782297ccb84"", 1], [""437568a801115019fe8278385c0484bdf07ab86f9a499ecaba2b7969b37c764b"", 3], [""62930da32fa3172edf2f2bbf3da268455bd99a7b5fab34d72358730d8cd5da30"", 1], [""839de9798f377492eee68f82b202d7cd3544be83d799f6226a02f3678c9bb914"", 5], [""c98c1475692bc22f4abab6a7a7d7969467c94e46a7e68919aaf127179ebf3f54"", 1]]","[[""0471e83c1ea18086cfb6b3ff51da6f22b0efee337f10315b2593f782297ccb84"", 1], [""62930da32fa3172edf2f2bbf3da268455bd99a7b5fab34d72358730d8cd5da30"", 1], [""c98c1475692bc22f4abab6a7a7d7969467c94e46a7e68919aaf127179ebf3f54"", 1]]",False,
mixed-R3,12eaaba41338f13b21be7ab9fa1d754390b7aab512e9f33ea7184cc2b2f54d86,Is there a judge who presided over both case CA 004/2025 and case CFI 010/2024?,boolean,null,false,0.0,0.16666666666666666,0.5,"[[""1a255edc261961ec64870466a27ac4e25b5ebc2abe298e1b69f8dd2fc27288f6"", 2], [""1b446e196b4d1752241c8ff689a31ea705e98ad0c16b9d343c303664f72b64a1"", 1], [""6248961b681ea0deb189f354be0c8286f35974dcdb211c13c921c3dd0e566a6e"", 1], [""78ffe994cdc61ce6a2a6937c79fc52751bb5d2b4eaa4019f088fbccf70569c26"", 1], [""bd2d222ee0a636a745434cfb457321cd658db5bb32b5f0a3f5643236cc1503d8"", 1], [""f4c4d051d514270964adcf58e124569e396602340b7d9172671759de10a95897"", 1]]","[[""443e04bc1a78940b3fcd5438d24b6c5f182a276d354a3108e738b193675de032"", 1], [""78ffe994cdc61ce6a2a6937c79fc52751bb5d2b4eaa4019f088fbccf70569c26"", 1]]",True,
mixed-R3,1097af38db84c4d507357bfbdcbbcc1de60a0ccb10752bad8091a75b8f53eb5c,What is the minimum period for which a DIFC-incorporated General Partnership and a DIFC-incorporated Limited Liability Partnership must preserve their accounting records?,free_text,"""Both must preserve their accounting records for at least six (6) years from the date they were created.""","""Both must preserve their accounting records for at least six years from the date they were created.""",1.0,0.4,1.0,"[[""302a0bd8d67775e8dc5960ecec7879be566300d8b32c4b0153ba15ebdb279425"", 2], [""302a0bd8d67775e8dc5960ecec7879be566300d8b32c4b0153ba15ebdb279425"", 7], [""b82ac8228e051d96bf8d706d3251893ebff1c9457b066fce3b7cb99af956f2a7"", 2], [""b82ac8228e051d96bf8d706d3251893ebff1c9457b066fce3b7cb99af956f2a7"", 13], [""b82ac8228e051d96bf8d706d3251893ebff1c9457b066fce3b7cb99af956f2a7"", 24]]","[[""302a0bd8d67775e8dc5960ecec7879be566300d8b32c4b0153ba15ebdb279425"", 7], [""b82ac8228e051d96bf8d706d3251893ebff1c9457b066fce3b7cb99af956f2a7"", 13]]",False,The submission matches the reference and is directly supported by the cited evidence.
mixed-R3,0a414e1d999bcde13b5dac055194ed52527555ac577946acef75372eaad360fa,What did the jury decide in case ENF 269/2023?,free_text,"""There is no information on this question in the provided documents.""","""There is no information on this question in the provided documents.""",1.0,,,"[[""22442c5ee999e2519c68de908be511875a84f2b810ed540c2dcfcbcc65031434"", 9], [""3a574fc4f0baa5ec7ff0dcc822d7c55e4f9c493c24addc217c8df3d848c16fa5"", 4], [""536bbce854b9406cc22697e04fcdabd645e030c0e55b918252643b00e0b2b25f"", 20], [""5d3df6d69fac3ef91e13ac835b43a35e9e434fbc7e72ea5c01e288d69b66e6a2"", 1], [""839de9798f377492eee68f82b202d7cd3544be83d799f6226a02f3678c9bb914"", 3], [""bd2d222ee0a636a745434cfb457321cd658db5bb32b5f0a3f5643236cc1503d8"", 1], [""bd2d222ee0a636a745434cfb457321cd658db5bb32b5f0a3f5643236cc1503d8"", 3]]",[],False,
mixed-R3,146567e3d096312584103b24983e3ff8e904e4ec5dea993d9774d24fef15fce7,"According to Article 14(2)(b) of the General Partnership Law 2004, how many years must a Recognised Partnership's Accounting Records be preserved?",number,6,6,1.0,0.25,1.0,"[[""302a0bd8d67775e8dc5960ecec7879be566300d8b32c4b0153ba15ebdb279425"", 6], [""302a0bd8d67775e8dc5960ecec7879be566300d8b32c4b0153ba15ebdb279425"", 7], [""302a0bd8d67775e8dc5960ecec7879be566300d8b32c4b0153ba15ebdb279425"", 23], [""b82ac8228e051d96bf8d706d3251893ebff1c9457b066fce3b7cb99af956f2a7"", 18]]","[[""302a0bd8d67775e8dc5960ecec7879be566300d8b32c4b0153ba15ebdb279425"", 6]]",False,
mixed-R3,81d5652bd7e7518381629876f05fdded589e1acc60c8e93aae54488d23493214,Is there a judge who presided over both case ARB 034/2025 and case CFI 067/2025?,boolean,null,true,0.0,0.25,0.5,"[[""1a255edc261961ec64870466a27ac4e25b5ebc2abe298e1b69f8dd2fc27288f6"", 2], [""437568a801115019fe8278385c0484bdf07ab86f9a499ecaba2b7969b37c764b"", 5], [""58eae81bf668e7f6c58619f419a49b5e35e2e5c9c7475475ace28ec562580545"", 1], [""78ffe994cdc61ce6a2a6937c79fc52751bb5d2b4eaa4019f088fbccf70569c26"", 1]]","[[""58eae81bf668e7f6c58619f419a49b5e35e2e5c9c7475475ace28ec562580545"", 1], [""897ab23ed5a70034d3d708d871ad1da8bc7b6608d94b1ca46b5d578d985d3c13"", 1]]",True,
mixed-R3,ca8aebcc86f2b1ea064a28736c67b04357474bcf1128890991c73a237091638a,"Under Article 10(3) of the Operating Law 2018, how many days does a Registered Person have to change its name if it becomes misleading, deceptive, or conflicting?",number,30,30,1.0,0.5,1.0,"[[""72ea171147bf30326fe6fd2e6798f607c7cef4bf9d43761dbccd2f1b6a356849"", 9], [""72ea171147bf30326fe6fd2e6798f607c7cef4bf9d43761dbccd2f1b6a356849"", 10]]","[[""72ea171147bf30326fe6fd2e6798f607c7cef4bf9d43761dbccd2f1b6a356849"", 9]]",False,
mixed-R3,d9d27c9cace6eafd11dbb349244e0443e16c8cc0efdf516514cc945135e1a597,"Between ARB 034/2025 and SCT 295/2025, which was issued first?",name,null,"""SCT 295/2025""",0.0,0.0,0.0,"[[""3a574fc4f0baa5ec7ff0dcc822d7c55e4f9c493c24addc217c8df3d848c16fa5"", 1], [""58eae81bf668e7f6c58619f419a49b5e35e2e5c9c7475475ace28ec562580545"", 1]]","[[""09660f78c26cd56c08c7253ed21ba01fb246092f482ccd8acd8e6f9b6fd2d917"", 2], [""58eae81bf668e7f6c58619f419a49b5e35e2e5c9c7475475ace28ec562580545"", 2]]",True,
mixed-R3,be35b591e2e2383879988055e11ebf31df0e145903e04b4e0c6fca1786ff634d,"According to the 'IT IS HEREBY ORDERED THAT' section of arbitration case ARB 034/2025, what did the court decide?",free_text,"""There is no information on this question in the provided documents.""","""The ASI Order was discharged, the Defendant's Set Aside Application was granted, and the Claimant was ordered to pay the Defendant's costs, with a costs statement due within 5 days.""",0.6,0.25,1.0,"[[""09660f78c26cd56c08c7253ed21ba01fb246092f482ccd8acd8e6f9b6fd2d917"", 2], [""3a574fc4f0baa5ec7ff0dcc822d7c55e4f9c493c24addc217c8df3d848c16fa5"", 2], [""58eae81bf668e7f6c58619f419a49b5e35e2e5c9c7475475ace28ec562580545"", 1], [""58eae81bf668e7f6c58619f419a49b5e35e2e5c9c7475475ace28ec562580545"", 2]]","[[""58eae81bf668e7f6c58619f419a49b5e35e2e5c9c7475475ace28ec562580545"", 2]]",True,"The response abstains instead of giving the court’s actual orders. The correct decision was that the ASI Order was discharged, the Defendant’s Set Aside Application was granted, and the Claimant was ordered to pay the Defendant’s costs, with a costs statement due within 5 days."
mixed-R3,8bf189fe861d79f2e2dfb2e9126fe590c41f6034afc0ee1ef5aefa61202b9d01,"Based on all documents in case CFI 010/2024 and case DEC 001/2025, did any judge appear in both cases?",boolean,false,false,1.0,0.3333333333333333,0.5,"[[""1a255edc261961ec64870466a27ac4e25b5ebc2abe298e1b69f8dd2fc27288f6"", 2], [""3a574fc4f0baa5ec7ff0dcc822d7c55e4f9c493c24addc217c8df3d848c16fa5"", 4], [""437568a801115019fe8278385c0484bdf07ab86f9a499ecaba2b7969b37c764b"", 7], [""443e04bc1a78940b3fcd5438d24b6c5f182a276d354a3108e738b193675de032"", 1], [""d32e76d495ac7d855d805fb71682b98d254520e3799aa4529ebc983212648335"", 1], [""f4c4d051d514270964adcf58e124569e396602340b7d9172671759de10a95897"", 1]]","[[""1a255edc261961ec64870466a27ac4e25b5ebc2abe298e1b69f8dd2fc27288f6"", 2], [""3f8a5ea0e051ba3af7a02da340c911fe0970ebece6c852c3e61a10c00cac6d6e"", 1], [""443e04bc1a78940b3fcd5438d24b6c5f182a276d354a3108e738b193675de032"", 1], [""839de9798f377492eee68f82b202d7cd3544be83d799f6226a02f3678c9bb914"", 1]]",True,
mixed-R3,c9f0dd67c60a88de9c2c38956f2ffd7b394eb4d7568c73d1869b4182480faf64,"According to the 'IT IS HEREBY ORDERED THAT' section of case SCT 454/2024, what was the outcome of the application for permission to appeal?",free_text,"""The application for permission to appeal was refused; the request for an oral hearing of the application was also refused.""","""The application for permission to appeal was refused.""",1.0,0.16666666666666666,1.0,"[[""09660f78c26cd56c08c7253ed21ba01fb246092f482ccd8acd8e6f9b6fd2d917"", 8], [""6306079a16b1dec85690f75c715cdbd78b0685a3e19ee30250d481bc32f2e29a"", 4], [""bd2d222ee0a636a745434cfb457321cd658db5bb32b5f0a3f5643236cc1503d8"", 2], [""f4c4d051d514270964adcf58e124569e396602340b7d9172671759de10a95897"", 1], [""f4c4d051d514270964adcf58e124569e396602340b7d9172671759de10a95897"", 2], [""f4c4d051d514270964adcf58e124569e396602340b7d9172671759de10a95897"", 3]]","[[""f4c4d051d514270964adcf58e124569e396602340b7d9172671759de10a95897"", 1]]",False,
mixed-R3,84a7c3564026e528c0a5e6a86a72447b4be016d6aa26ce5ce87843c58a975629,What was the plea bargain in case ARB 034/2025?,free_text,"""There is no information on this question in the provided documents.""","""There is no information on this question in the provided documents.""",1.0,,,"[[""1b446e196b4d1752241c8ff689a31ea705e98ad0c16b9d343c303664f72b64a1"", 3], [""58eae81bf668e7f6c58619f419a49b5e35e2e5c9c7475475ace28ec562580545"", 1], [""78ffe994cdc61ce6a2a6937c79fc52751bb5d2b4eaa4019f088fbccf70569c26"", 1], [""d32e76d495ac7d855d805fb71682b98d254520e3799aa4529ebc983212648335"", 3]]",[],False,"The submission correctly abstains, matching the reference that no information is available in the provided documents."
mixed-R3,b9e824da7bc69fa5b2f4e989a4d591d9c5196362cc985f70a9c29e6f710ea817,"According to the 'IT IS HEREBY ORDERED THAT' section of case CFI 092/2024, what was the outcome of the Defendants' application?",free_text,"""There is no information on this question in the provided documents.""","""The Defendants' immediate judgment application was dismissed, and the claim will proceed to trial alongside the main issues.""",0.4,0.0,0.0,"[[""437568a801115019fe8278385c0484bdf07ab86f9a499ecaba2b7969b37c764b"", 5], [""437568a801115019fe8278385c0484bdf07ab86f9a499ecaba2b7969b37c764b"", 11], [""437568a801115019fe8278385c0484bdf07ab86f9a499ecaba2b7969b37c764b"", 14], [""6248961b681ea0deb189f354be0c8286f35974dcdb211c13c921c3dd0e566a6e"", 1], [""897ab23ed5a70034d3d708d871ad1da8bc7b6608d94b1ca46b5d578d985d3c13"", 1], [""d32e76d495ac7d855d805fb71682b98d254520e3799aa4529ebc983212648335"", 1]]","[[""d32e76d495ac7d855d805fb71682b98d254520e3799aa4529ebc983212648335"", 2]]",False,"The submission incorrectly abstains instead of stating the outcome in the order: the Defendants’ immediate judgment application was dismissed and the claim proceeds to trial. Because the answer says there is no information, it is not complete or correct, and the high confidence is not appropriate for an unsupported abstention."
mixed-R3,3ab3489605bc64891f36d9f3c7cf9c8608d08163b8673db41aa359097786b4bc,"According to Article 12(4) of the Common Reporting Standard Law 2018, for how many years must records be retained by Reporting Financial Institutions after the date of reporting the information?",number,6,6,1.0,0.2,1.0,"[[""fbdd7f9dd299d83b1f398778da2e6765dfaaed62005667264734a1f76ec09071"", 3], [""fbdd7f9dd299d83b1f398778da2e6765dfaaed62005667264734a1f76ec09071"", 6], [""fbdd7f9dd299d83b1f398778da2e6765dfaaed62005667264734a1f76ec09071"", 7], [""fbdd7f9dd299d83b1f398778da2e6765dfaaed62005667264734a1f76ec09071"", 13], [""fbdd7f9dd299d83b1f398778da2e6765dfaaed62005667264734a1f76ec09071"", 16]]","[[""fbdd7f9dd299d83b1f398778da2e6765dfaaed62005667264734a1f76ec09071"", 7]]",False,
mixed-R3,ec0aa6992207b818c06e57dd28b08dad22ba2de3bd9e81a9a222e2fba9814406,Who are listed as the claimants in the case documents for SCT 454/2024?,names,"[""Oleta""]","[""Oleta""]",1.0,0.16666666666666666,1.0,"[[""3a574fc4f0baa5ec7ff0dcc822d7c55e4f9c493c24addc217c8df3d848c16fa5"", 1], [""3a574fc4f0baa5ec7ff0dcc822d7c55e4f9c493c24addc217c8df3d848c16fa5"", 2], [""3a574fc4f0baa5ec7ff0dcc822d7c55e4f9c493c24addc217c8df3d848c16fa5"", 3], [""3f8a5ea0e051ba3af7a02da340c911fe0970ebece6c852c3e61a10c00cac6d6e"", 4], [""6306079a16b1dec85690f75c715cdbd78b0685a3e19ee30250d481bc32f2e29a"", 1], [""f4c4d051d514270964adcf58e124569e396602340b7d9172671759de10a95897"", 1]]","[[""f4c4d051d514270964adcf58e124569e396602340b7d9172671759de10a95897"", 1]]",False,
mixed-R3,e9b7a25f2bca575390d55244471366612a7698321f47c4f1eb28724c8448ef7d,Was the same judge involved in both case CFI 010/2024 and case CFI 016/2025?,boolean,null,false,0.0,0.16666666666666666,0.5,"[[""1a255edc261961ec64870466a27ac4e25b5ebc2abe298e1b69f8dd2fc27288f6"", 2], [""1b446e196b4d1752241c8ff689a31ea705e98ad0c16b9d343c303664f72b64a1"", 1], [""437568a801115019fe8278385c0484bdf07ab86f9a499ecaba2b7969b37c764b"", 13], [""6248961b681ea0deb189f354be0c8286f35974dcdb211c13c921c3dd0e566a6e"", 1], [""d32e76d495ac7d855d805fb71682b98d254520e3799aa4529ebc983212648335"", 1], [""f4c4d051d514270964adcf58e124569e396602340b7d9172671759de10a95897"", 1]]","[[""443e04bc1a78940b3fcd5438d24b6c5f182a276d354a3108e738b193675de032"", 1], [""6248961b681ea0deb189f354be0c8286f35974dcdb211c13c921c3dd0e566a6e"", 1]]",True,
mixed-R3,d6eb4a640e0ad690e92c1463e15f5394d36d8f5bb407f0fa4d7413c456c7a5bd,"Under Article 11(1) of the Employment Law 2019, is a provision in an agreement to waive minimum employment requirements void in all circumstances, except where expressly permitted by the Law?",boolean,true,true,1.0,0.25,1.0,"[[""33bc02044716acdfedb164b065bdaec098aaadcae863c591f9931c88e7307d16"", 4], [""33bc02044716acdfedb164b065bdaec098aaadcae863c591f9931c88e7307d16"", 7], [""33bc02044716acdfedb164b065bdaec098aaadcae863c591f9931c88e7307d16"", 11], [""33bc02044716acdfedb164b065bdaec098aaadcae863c591f9931c88e7307d16"", 20]]","[[""33bc02044716acdfedb164b065bdaec098aaadcae863c591f9931c88e7307d16"", 7]]",True,
mixed-R3,88f62d095220495f4a36b31f9f976e726aea7b53f6aead57084c6d8b36dc9814,Which case was issued earlier by the Court of First Instance: CFI 057/2025 or CFI 067/2025?,name,"""CFI 057/2025""","""CFI 057/2025""",1.0,0.0,0.0,"[[""1a255edc261961ec64870466a27ac4e25b5ebc2abe298e1b69f8dd2fc27288f6"", 2], [""1b446e196b4d1752241c8ff689a31ea705e98ad0c16b9d343c303664f72b64a1"", 1], [""3a574fc4f0baa5ec7ff0dcc822d7c55e4f9c493c24addc217c8df3d848c16fa5"", 1], [""58eae81bf668e7f6c58619f419a49b5e35e2e5c9c7475475ace28ec562580545"", 1], [""62930da32fa3172edf2f2bbf3da268455bd99a7b5fab34d72358730d8cd5da30"", 1], [""897ab23ed5a70034d3d708d871ad1da8bc7b6608d94b1ca46b5d578d985d3c13"", 1]]","[[""1b446e196b4d1752241c8ff689a31ea705e98ad0c16b9d343c303664f72b64a1"", 2], [""897ab23ed5a70034d3d708d871ad1da8bc7b6608d94b1ca46b5d578d985d3c13"", 2]]",True,
mixed-R3,dd736c7955429054fc55ea9eb55b96d3feb13e410f27a25651eefe5ecb536575,Which case has an earlier Date of Issue: ENF 269/2023 or SCT 169/2025?,name,"""ENF 269/2023""","""ENF 269/2023""",1.0,0.0,0.0,"[[""33bc02044716acdfedb164b065bdaec098aaadcae863c591f9931c88e7307d16"", 32], [""3a574fc4f0baa5ec7ff0dcc822d7c55e4f9c493c24addc217c8df3d848c16fa5"", 1], [""437568a801115019fe8278385c0484bdf07ab86f9a499ecaba2b7969b37c764b"", 15], [""5d3df6d69fac3ef91e13ac835b43a35e9e434fbc7e72ea5c01e288d69b66e6a2"", 1], [""c98c1475692bc22f4abab6a7a7d7969467c94e46a7e68919aaf127179ebf3f54"", 8]]","[[""3a574fc4f0baa5ec7ff0dcc822d7c55e4f9c493c24addc217c8df3d848c16fa5"", 2], [""5d3df6d69fac3ef91e13ac835b43a35e9e434fbc7e72ea5c01e288d69b66e6a2"", 3]]",True,
mixed-R3,84941458c4ade946dae84cf5ebc4abf362a6f6e6fec835ba5c43ad2d3b4b14d7,Is there any information about parole hearings in case CFI 057/2025?,free_text,"""There is no information on this question in the provided documents.""","""There is no information on this question in the provided documents.""",1.0,,,"[[""03b621728fe29eb6113fcdb57f6458d793fd2d5c5b833ae26d40f04a29c85359"", 2], [""1a255edc261961ec64870466a27ac4e25b5ebc2abe298e1b69f8dd2fc27288f6"", 2], [""437568a801115019fe8278385c0484bdf07ab86f9a499ecaba2b7969b37c764b"", 2], [""437568a801115019fe8278385c0484bdf07ab86f9a499ecaba2b7969b37c764b"", 12], [""839de9798f377492eee68f82b202d7cd3544be83d799f6226a02f3678c9bb914"", 19]]",[],False,The submission appropriately abstains and matches the reference; the provided evidence does not contain specific parole-hearing information for case CFI 057/2025.
mixed-R3,ff1b357588e9b5881ec9b1558ede2892e7cbf42a6787a1cbb922b45318f66778,"According to the title page of the DIFC Law on the Application of Civil and Commercial Laws, what is its official law number?",number,3,3,1.0,0.2,1.0,"[[""ff746f7b583490a80ba104361c0a82a1ebbf7ed9097cd03dc49d744cb5057761"", 1], [""ff746f7b583490a80ba104361c0a82a1ebbf7ed9097cd03dc49d744cb5057761"", 2], [""ff746f7b583490a80ba104361c0a82a1ebbf7ed9097cd03dc49d744cb5057761"", 3], [""ff746f7b583490a80ba104361c0a82a1ebbf7ed9097cd03dc49d744cb5057761"", 5], [""ff746f7b583490a80ba104361c0a82a1ebbf7ed9097cd03dc49d744cb5057761"", 7]]","[[""ff746f7b583490a80ba104361c0a82a1ebbf7ed9097cd03dc49d744cb5057761"", 1]]",False,
mixed-R3,f2ea23e9f861379a5c049830b57dcb499d4e6ce51013e64d49722b5845139e22,"Under Article 22 of the Operating Law 2018, for how many years from the date the Registrar becomes aware of an act or omission can the Registrar exercise powers in respect of a former Registered Person removed from the Public Register?",number,3,3,1.0,0.25,1.0,"[[""72ea171147bf30326fe6fd2e6798f607c7cef4bf9d43761dbccd2f1b6a356849"", 2], [""72ea171147bf30326fe6fd2e6798f607c7cef4bf9d43761dbccd2f1b6a356849"", 15], [""72ea171147bf30326fe6fd2e6798f607c7cef4bf9d43761dbccd2f1b6a356849"", 22], [""72ea171147bf30326fe6fd2e6798f607c7cef4bf9d43761dbccd2f1b6a356849"", 23]]","[[""72ea171147bf30326fe6fd2e6798f607c7cef4bf9d43761dbccd2f1b6a356849"", 15]]",False,
mixed-R3,095cb50318776a3b8ef11769cd941775694c194924783ee31109c25e3306600e,Who is responsible for administering the Employment Law and any Regulations made under it?,free_text,"""The DIFCA is responsible for administering the Employment Law and any Regulations made under it.""","""The DIFCA administers the Employment Law and any Regulations made under it.""",1.0,0.16666666666666666,1.0,"[[""22442c5ee999e2519c68de908be511875a84f2b810ed540c2dcfcbcc65031434"", 7], [""33bc02044716acdfedb164b065bdaec098aaadcae863c591f9931c88e7307d16"", 6], [""33bc02044716acdfedb164b065bdaec098aaadcae863c591f9931c88e7307d16"", 22], [""536bbce854b9406cc22697e04fcdabd645e030c0e55b918252643b00e0b2b25f"", 7], [""72ea171147bf30326fe6fd2e6798f607c7cef4bf9d43761dbccd2f1b6a356849"", 31], [""fbdd7f9dd299d83b1f398778da2e6765dfaaed62005667264734a1f76ec09071"", 4]]","[[""33bc02044716acdfedb164b065bdaec098aaadcae863c591f9931c88e7307d16"", 6]]",True,The submission matches the reference and is directly supported by the evidence stating that the Employment Law and its Regulations are administered by the DIFCA.
mixed-R3,c2cf8224f1166780b25c77feede37101c514517ed61485c9ae31f6b1eb8c744b,Who administers the Foundations Law?,free_text,"""There is no information on this question in the provided documents.""","""The Registrar administers the Foundations Law.""",0.2,0.0,0.0,"[[""22442c5ee999e2519c68de908be511875a84f2b810ed540c2dcfcbcc65031434"", 1], [""22442c5ee999e2519c68de908be511875a84f2b810ed540c2dcfcbcc65031434"", 2], [""22442c5ee999e2519c68de908be511875a84f2b810ed540c2dcfcbcc65031434"", 5], [""22442c5ee999e2519c68de908be511875a84f2b810ed540c2dcfcbcc65031434"", 10], [""22442c5ee999e2519c68de908be511875a84f2b810ed540c2dcfcbcc65031434"", 18], [""22442c5ee999e2519c68de908be511875a84f2b810ed540c2dcfcbcc65031434"", 21], [""22442c5ee999e2519c68de908be511875a84f2b810ed540c2dcfcbcc65031434"", 46], [""22442c5ee999e2519c68de908be511875a84f2b810ed540c2dcfcbcc65031434"", 47]]","[[""22442c5ee999e2519c68de908be511875a84f2b810ed540c2dcfcbcc65031434"", 4]]",False,"The reference states that the Registrar administers the Foundations Law, so the submission’s abstention is incorrect and incomplete. Its claim that there is no information in the provided documents is not supported by the evidence shown, and the high confidence is not calibrated to the actual answer availability."
mixed-R3,cd69f5dfe06d2e7afac26c7b332ea925987864cc6730f90cce020d34d823abbe,What is the purpose of Article 9(1) of the Foundations Law?,free_text,"""There is no information on this question in the provided documents.""","""It empowers the DIFCA Board to make regulations to facilitate the administration of, or further the objects of, the Foundations Law.""",0.4,0.0,0.0,"[[""22442c5ee999e2519c68de908be511875a84f2b810ed540c2dcfcbcc65031434"", 1], [""22442c5ee999e2519c68de908be511875a84f2b810ed540c2dcfcbcc65031434"", 2], [""22442c5ee999e2519c68de908be511875a84f2b810ed540c2dcfcbcc65031434"", 5], [""22442c5ee999e2519c68de908be511875a84f2b810ed540c2dcfcbcc65031434"", 12], [""22442c5ee999e2519c68de908be511875a84f2b810ed540c2dcfcbcc65031434"", 14], [""22442c5ee999e2519c68de908be511875a84f2b810ed540c2dcfcbcc65031434"", 18], [""22442c5ee999e2519c68de908be511875a84f2b810ed540c2dcfcbcc65031434"", 46], [""22442c5ee999e2519c68de908be511875a84f2b810ed540c2dcfcbcc65031434"", 47]]","[[""22442c5ee999e2519c68de908be511875a84f2b810ed540c2dcfcbcc65031434"", 4]]",False,"The submission does not answer the question. The reference says Article 9(1) empowers the DIFCA Board to make regulations to facilitate administration of, or further the objects of, the Foundations Law. The response incorrectly abstains and its 0.95 confidence is not appropriate for an unsupported non-answer."
mixed-R4,30ab0e56ee0c43b5bf94fd9657c7f7ac24f0e7be29ced2933437f7a234713cd7,"Under Article 8(1) of the Operating Law 2018, is a person permitted to operate or conduct business in or from the DIFC without being incorporated, registered, or continued under a Prescribed Law or other Legislation administered by the Registrar?",boolean,false,false,1.0,0.2,1.0,"[[""72ea171147bf30326fe6fd2e6798f607c7cef4bf9d43761dbccd2f1b6a356849"", 4], [""72ea171147bf30326fe6fd2e6798f607c7cef4bf9d43761dbccd2f1b6a356849"", 8], [""72ea171147bf30326fe6fd2e6798f607c7cef4bf9d43761dbccd2f1b6a356849"", 40], [""72ea171147bf30326fe6fd2e6798f607c7cef4bf9d43761dbccd2f1b6a356849"", 41], [""72ea171147bf30326fe6fd2e6798f607c7cef4bf9d43761dbccd2f1b6a356849"", 42]]","[[""72ea171147bf30326fe6fd2e6798f607c7cef4bf9d43761dbccd2f1b6a356849"", 8]]",False,
mixed-R4,331b267822eaa013b4a79d92f2ac5118052a57150df9a29d7d11c531f02d23cf,What is the Date of Issue of the document in case CFI 057/2025?,date,"""2026-02-02""","""2026-02-02""",1.0,0.0,0.0,"[[""1a255edc261961ec64870466a27ac4e25b5ebc2abe298e1b69f8dd2fc27288f6"", 2], [""1b446e196b4d1752241c8ff689a31ea705e98ad0c16b9d343c303664f72b64a1"", 1], [""3f8a5ea0e051ba3af7a02da340c911fe0970ebece6c852c3e61a10c00cac6d6e"", 3], [""437568a801115019fe8278385c0484bdf07ab86f9a499ecaba2b7969b37c764b"", 15], [""839de9798f377492eee68f82b202d7cd3544be83d799f6226a02f3678c9bb914"", 33], [""839de9798f377492eee68f82b202d7cd3544be83d799f6226a02f3678c9bb914"", 41]]","[[""1b446e196b4d1752241c8ff689a31ea705e98ad0c16b9d343c303664f72b64a1"", 2]]",True,
mixed-R4,5d271fced60d88e008a69adc2da21de427906206bfb49f5554a3bf1dd6f72772,"According to the title page of the Common Reporting Standard Law, what is its official DIFC Law number?",number,2,2,1.0,0.14285714285714285,1.0,"[[""22442c5ee999e2519c68de908be511875a84f2b810ed540c2dcfcbcc65031434"", 1], [""33bc02044716acdfedb164b065bdaec098aaadcae863c591f9931c88e7307d16"", 1], [""fbdd7f9dd299d83b1f398778da2e6765dfaaed62005667264734a1f76ec09071"", 1], [""fbdd7f9dd299d83b1f398778da2e6765dfaaed62005667264734a1f76ec09071"", 2], [""fbdd7f9dd299d83b1f398778da2e6765dfaaed62005667264734a1f76ec09071"", 3], [""fbdd7f9dd299d83b1f398778da2e6765dfaaed62005667264734a1f76ec09071"", 15], [""fbdd7f9dd299d83b1f398778da2e6765dfaaed62005667264734a1f76ec09071"", 16]]","[[""fbdd7f9dd299d83b1f398778da2e6765dfaaed62005667264734a1f76ec09071"", 1]]",False,
mixed-R4,358bf0caaa87ba7e11698c5e0bb230f5742c141f2da8a3e8969cee41ef0f7841,Do cases SCT 295/2025 and SCT 514/2025 involve any of the same legal entities or individuals as main parties?,boolean,false,false,1.0,0.6666666666666666,1.0,"[[""09660f78c26cd56c08c7253ed21ba01fb246092f482ccd8acd8e6f9b6fd2d917"", 1], [""3a574fc4f0baa5ec7ff0dcc822d7c55e4f9c493c24addc217c8df3d848c16fa5"", 1], [""6306079a16b1dec85690f75c715cdbd78b0685a3e19ee30250d481bc32f2e29a"", 1]]","[[""09660f78c26cd56c08c7253ed21ba01fb246092f482ccd8acd8e6f9b6fd2d917"", 1], [""6306079a16b1dec85690f75c715cdbd78b0685a3e19ee30250d481bc32f2e29a"", 1]]",True,
mixed-R4,bce4c288236518dfd08f6bac5a75c75ea79b1250347c4b998252fa9d7265a7c3,What kind of liability do Partners have under Article 28(1) of the General Partnership Law 2004?,free_text,"""Under Article 28(1), each Partner is jointly and severally liable with the other Partners for all debts and obligations of the General Partnership incurred while he is a Partner, unless otherwise agreed by all the other Partners.""","""Partners are jointly and severally liable with the other Partners for all debts and obligations of the General Partnership incurred while they are Partners.""",1.0,0.3333333333333333,1.0,"[[""302a0bd8d67775e8dc5960ecec7879be566300d8b32c4b0153ba15ebdb279425"", 2], [""302a0bd8d67775e8dc5960ecec7879be566300d8b32c4b0153ba15ebdb279425"", 10], [""302a0bd8d67775e8dc5960ecec7879be566300d8b32c4b0153ba15ebdb279425"", 11]]","[[""302a0bd8d67775e8dc5960ecec7879be566300d8b32c4b0153ba15ebdb279425"", 10]]",False,The answer matches the reference and is supported by the evidence. It correctly states that partners are jointly and severally liable for partnership debts and obligations incurred while they are partners.
mixed-R4,6863a7f4a5e76694620518758411bc743142897fa8077f2a73701b89fa2d0b0f,"Under the Foundations Law DIFC Law No. 3 of 2018, what is the maximum fine for failing to provide a copy of an assignment of rights to the Registered Agent or Registrar within 30 days?",free_text,"""The maximum fine is USD 1,500.""","""The maximum fine is USD 1,500.""",1.0,0.2857142857142857,1.0,"[[""22442c5ee999e2519c68de908be511875a84f2b810ed540c2dcfcbcc65031434"", 6], [""22442c5ee999e2519c68de908be511875a84f2b810ed540c2dcfcbcc65031434"", 14], [""22442c5ee999e2519c68de908be511875a84f2b810ed540c2dcfcbcc65031434"", 16], [""22442c5ee999e2519c68de908be511875a84f2b810ed540c2dcfcbcc65031434"", 26], [""22442c5ee999e2519c68de908be511875a84f2b810ed540c2dcfcbcc65031434"", 39], [""22442c5ee999e2519c68de908be511875a84f2b810ed540c2dcfcbcc65031434"", 41], [""22442c5ee999e2519c68de908be511875a84f2b810ed540c2dcfcbcc65031434"", 46]]","[[""22442c5ee999e2519c68de908be511875a84f2b810ed540c2dcfcbcc65031434"", 6], [""22442c5ee999e2519c68de908be511875a84f2b810ed540c2dcfcbcc65031434"", 46]]",False,"The answer matches the reference and is directly supported by Schedule 3, which lists the maximum fine for Article 10(7) as USD 1,500."
mixed-R4,150d4428704ea7ce7452509bda9c25f4d242b2395114ed0ed59388b87660f218,"Under the Operating Law - DIFC Law No. 7 of 2018, who is responsible for appointing and dismissing the Registrar?",free_text,"""The Board of Directors of the DIFCA is responsible for appointing the Registrar and may dismiss the Registrar, but it must consult the President before doing so.""","""The Board of Directors of the DIFCA appoints and may dismiss the Registrar, after consulting the President.""",1.0,0.2,1.0,"[[""302a0bd8d67775e8dc5960ecec7879be566300d8b32c4b0153ba15ebdb279425"", 22], [""72ea171147bf30326fe6fd2e6798f607c7cef4bf9d43761dbccd2f1b6a356849"", 1], [""72ea171147bf30326fe6fd2e6798f607c7cef4bf9d43761dbccd2f1b6a356849"", 5], [""72ea171147bf30326fe6fd2e6798f607c7cef4bf9d43761dbccd2f1b6a356849"", 40], [""b82ac8228e051d96bf8d706d3251893ebff1c9457b066fce3b7cb99af956f2a7"", 24]]","[[""72ea171147bf30326fe6fd2e6798f607c7cef4bf9d43761dbccd2f1b6a356849"", 5]]",False,All criteria met. The answer matches the reference and is directly supported by the cited Operating Law text.
mixed-R4,39890efe7db1258f568e838c284020a9fc79b8bf0deddab76fdf853c9b0171ed,Is there any main party common to both case CFI 057/2025 and case SCT 295/2025?,boolean,false,false,1.0,0.4,1.0,"[[""09660f78c26cd56c08c7253ed21ba01fb246092f482ccd8acd8e6f9b6fd2d917"", 1], [""1a255edc261961ec64870466a27ac4e25b5ebc2abe298e1b69f8dd2fc27288f6"", 2], [""1b446e196b4d1752241c8ff689a31ea705e98ad0c16b9d343c303664f72b64a1"", 1], [""3a574fc4f0baa5ec7ff0dcc822d7c55e4f9c493c24addc217c8df3d848c16fa5"", 1], [""839de9798f377492eee68f82b202d7cd3544be83d799f6226a02f3678c9bb914"", 6]]","[[""09660f78c26cd56c08c7253ed21ba01fb246092f482ccd8acd8e6f9b6fd2d917"", 1], [""1b446e196b4d1752241c8ff689a31ea705e98ad0c16b9d343c303664f72b64a1"", 1]]",True,
mixed-R4,acd0ddc6715f2bccf5076dc47e6874a8ecb782dd10c0b162071f890ad96bef47,"Between SCT 295/2025 and SCT 514/2025, which document has the earlier issue date?",name,"""SCT 295/2025""","""SCT 295/2025""",1.0,0.2,0.5,"[[""09660f78c26cd56c08c7253ed21ba01fb246092f482ccd8acd8e6f9b6fd2d917"", 1], [""09660f78c26cd56c08c7253ed21ba01fb246092f482ccd8acd8e6f9b6fd2d917"", 2], [""3a574fc4f0baa5ec7ff0dcc822d7c55e4f9c493c24addc217c8df3d848c16fa5"", 1], [""6306079a16b1dec85690f75c715cdbd78b0685a3e19ee30250d481bc32f2e29a"", 1], [""f4c4d051d514270964adcf58e124569e396602340b7d9172671759de10a95897"", 2]]","[[""09660f78c26cd56c08c7253ed21ba01fb246092f482ccd8acd8e6f9b6fd2d917"", 2], [""6306079a16b1dec85690f75c715cdbd78b0685a3e19ee30250d481bc32f2e29a"", 2]]",True,
mixed-R4,436c12cc4eb26087bd1540f5d47825712632e90b4d5b2bca6c52e3b26151f874,What was the result of the application heard in case CFI 057/2025?,free_text,"""There is no information on this question in the provided documents.""","""The Defendant's Permission to Appeal Application was refused, and the Defendant was ordered to pay the Claimant's costs of the application.""",0.2,0.0,0.0,"[[""1b446e196b4d1752241c8ff689a31ea705e98ad0c16b9d343c303664f72b64a1"", 1], [""437568a801115019fe8278385c0484bdf07ab86f9a499ecaba2b7969b37c764b"", 7], [""6248961b681ea0deb189f354be0c8286f35974dcdb211c13c921c3dd0e566a6e"", 1], [""839de9798f377492eee68f82b202d7cd3544be83d799f6226a02f3678c9bb914"", 17], [""839de9798f377492eee68f82b202d7cd3544be83d799f6226a02f3678c9bb914"", 19], [""839de9798f377492eee68f82b202d7cd3544be83d799f6226a02f3678c9bb914"", 33], [""bd2d222ee0a636a745434cfb457321cd658db5bb32b5f0a3f5643236cc1503d8"", 5]]","[[""1b446e196b4d1752241c8ff689a31ea705e98ad0c16b9d343c303664f72b64a1"", 2]]",True,The submission does not answer the question: the reference says the Permission to Appeal Application was refused and costs were awarded against the Defendant. The answer incorrectly abstains despite the provided evidence containing the result. Its high confidence is also not calibrated to the available evidence.
mixed-R4,4fa07316db9a19980de495d2190350cc4b494ae0ab741cda7784e895709719e1,"Between CFI 010/2024 and SCT 169/2025, which document has the earlier issue date?",name,"""SCT 169/2025""","""SCT 169/2025""",1.0,0.6666666666666666,1.0,"[[""3a574fc4f0baa5ec7ff0dcc822d7c55e4f9c493c24addc217c8df3d848c16fa5"", 1], [""443e04bc1a78940b3fcd5438d24b6c5f182a276d354a3108e738b193675de032"", 1], [""443e04bc1a78940b3fcd5438d24b6c5f182a276d354a3108e738b193675de032"", 2]]","[[""3a574fc4f0baa5ec7ff0dcc822d7c55e4f9c493c24addc217c8df3d848c16fa5"", 1], [""443e04bc1a78940b3fcd5438d24b6c5f182a276d354a3108e738b193675de032"", 1]]",True,
mixed-R4,1a80e5dc69fb76a97c0ada049df2425c9f06de373bbb9ee5b39dbd1f12f85387,"From the title pages of all documents in case CA 005/2025 and case CFI 067/2025, identify whether any individual or company is named as a main party in both cases.",boolean,false,false,1.0,0.75,1.0,"[[""03b621728fe29eb6113fcdb57f6458d793fd2d5c5b833ae26d40f04a29c85359"", 1], [""437568a801115019fe8278385c0484bdf07ab86f9a499ecaba2b7969b37c764b"", 1], [""839de9798f377492eee68f82b202d7cd3544be83d799f6226a02f3678c9bb914"", 6], [""897ab23ed5a70034d3d708d871ad1da8bc7b6608d94b1ca46b5d578d985d3c13"", 1]]","[[""03b621728fe29eb6113fcdb57f6458d793fd2d5c5b833ae26d40f04a29c85359"", 1], [""437568a801115019fe8278385c0484bdf07ab86f9a499ecaba2b7969b37c764b"", 1], [""897ab23ed5a70034d3d708d871ad1da8bc7b6608d94b1ca46b5d578d985d3c13"", 1]]",True,
mixed-R4,9f9fb4b911d75c22f2c9a42bb852848ac45594179a7d0d126c8ef0ac8941b18d,Do cases CA 004/2025 and SCT 295/2025 involve any of the same legal entities or individuals as parties?,boolean,false,false,1.0,0.4,1.0,"[[""03b621728fe29eb6113fcdb57f6458d793fd2d5c5b833ae26d40f04a29c85359"", 1], [""09660f78c26cd56c08c7253ed21ba01fb246092f482ccd8acd8e6f9b6fd2d917"", 1], [""3a574fc4f0baa5ec7ff0dcc822d7c55e4f9c493c24addc217c8df3d848c16fa5"", 1], [""437568a801115019fe8278385c0484bdf07ab86f9a499ecaba2b7969b37c764b"", 1], [""78ffe994cdc61ce6a2a6937c79fc52751bb5d2b4eaa4019f088fbccf70569c26"", 1]]","[[""09660f78c26cd56c08c7253ed21ba01fb246092f482ccd8acd8e6f9b6fd2d917"", 1], [""78ffe994cdc61ce6a2a6937c79fc52751bb5d2b4eaa4019f088fbccf70569c26"", 1]]",True,
mixed-R4,d374bee20e02f7f384e766dd792856c6457f99fc1491e5fee2e6cd50a4d856b7,Identify whether any person or company is a main party to both ENF 269/2023 and SCT 514/2025.,boolean,false,false,1.0,0.5,1.0,"[[""09660f78c26cd56c08c7253ed21ba01fb246092f482ccd8acd8e6f9b6fd2d917"", 11], [""3a574fc4f0baa5ec7ff0dcc822d7c55e4f9c493c24addc217c8df3d848c16fa5"", 1], [""5d3df6d69fac3ef91e13ac835b43a35e9e434fbc7e72ea5c01e288d69b66e6a2"", 1], [""6306079a16b1dec85690f75c715cdbd78b0685a3e19ee30250d481bc32f2e29a"", 1]]","[[""5d3df6d69fac3ef91e13ac835b43a35e9e434fbc7e72ea5c01e288d69b66e6a2"", 1], [""6306079a16b1dec85690f75c715cdbd78b0685a3e19ee30250d481bc32f2e29a"", 1]]",True,
mixed-R4,8de44b7964cdde111c1a33ac4cc13948b7b4e14fd120351fcb5a5bfb2b2dfff0,Identify the case with the higher monetary claim: SCT 169/2025 or SCT 295/2025?,name,null,"""SCT 169/2025""",0.0,0.0,0.0,"[[""09660f78c26cd56c08c7253ed21ba01fb246092f482ccd8acd8e6f9b6fd2d917"", 1], [""3a574fc4f0baa5ec7ff0dcc822d7c55e4f9c493c24addc217c8df3d848c16fa5"", 1], [""3a574fc4f0baa5ec7ff0dcc822d7c55e4f9c493c24addc217c8df3d848c16fa5"", 3], [""58eae81bf668e7f6c58619f419a49b5e35e2e5c9c7475475ace28ec562580545"", 1]]","[[""09660f78c26cd56c08c7253ed21ba01fb246092f482ccd8acd8e6f9b6fd2d917"", 2], [""3a574fc4f0baa5ec7ff0dcc822d7c55e4f9c493c24addc217c8df3d848c16fa5"", 2]]",True,
mixed-R4,a8813f8f56099bd156b5fe797cc44b061d2a54fb69ca2e748ffb7cc462eaa85e,Which case has an earlier Date of Issue: CFI 010/2024 or CFI 016/2025?,name,"""CFI 010/2024""","""CFI 010/2024""",1.0,0.6666666666666666,1.0,"[[""443e04bc1a78940b3fcd5438d24b6c5f182a276d354a3108e738b193675de032"", 1], [""443e04bc1a78940b3fcd5438d24b6c5f182a276d354a3108e738b193675de032"", 2], [""6248961b681ea0deb189f354be0c8286f35974dcdb211c13c921c3dd0e566a6e"", 1]]","[[""443e04bc1a78940b3fcd5438d24b6c5f182a276d354a3108e738b193675de032"", 1], [""6248961b681ea0deb189f354be0c8286f35974dcdb211c13c921c3dd0e566a6e"", 1]]",True,
mixed-R4,fcabd6aa14e2df4b7ca00fa516a70eba6de58b74dfde30270e3fe3eec6d1da7a,Which specific DIFC Laws were amended by DIFC Law No. 2 of 2022?,free_text,"""The provided evidence specifically shows that the DIFC Personal Property Law (DIFC Law No. 9 of 2005) was amended by DIFC Law No. 2 of 2022.""","""Common Reporting Standard Law, Employment Law, Foundations Law, General Partnership Law, Limited Liability Partnership Law, Personal Property Law, Trust Law, and the Law on the Application of Civil and Commercial Laws in the DIFC.""",0.6,0.8571428571428571,0.75,"[[""22442c5ee999e2519c68de908be511875a84f2b810ed540c2dcfcbcc65031434"", 1], [""302a0bd8d67775e8dc5960ecec7879be566300d8b32c4b0153ba15ebdb279425"", 1], [""33bc02044716acdfedb164b065bdaec098aaadcae863c591f9931c88e7307d16"", 1], [""4e387152960c1029b3711cacb05b287b13c977bc61f2558059a62b7b427a62eb"", 1], [""536bbce854b9406cc22697e04fcdabd645e030c0e55b918252643b00e0b2b25f"", 1], [""72ea171147bf30326fe6fd2e6798f607c7cef4bf9d43761dbccd2f1b6a356849"", 1], [""fbdd7f9dd299d83b1f398778da2e6765dfaaed62005667264734a1f76ec09071"", 1]]","[[""22442c5ee999e2519c68de908be511875a84f2b810ed540c2dcfcbcc65031434"", 1], [""302a0bd8d67775e8dc5960ecec7879be566300d8b32c4b0153ba15ebdb279425"", 1], [""33bc02044716acdfedb164b065bdaec098aaadcae863c591f9931c88e7307d16"", 1], [""4e387152960c1029b3711cacb05b287b13c977bc61f2558059a62b7b427a62eb"", 1], [""536bbce854b9406cc22697e04fcdabd645e030c0e55b918252643b00e0b2b25f"", 1], [""b82ac8228e051d96bf8d706d3251893ebff1c9457b066fce3b7cb99af956f2a7"", 1], [""fbdd7f9dd299d83b1f398778da2e6765dfaaed62005667264734a1f76ec09071"", 1], [""ff746f7b583490a80ba104361c0a82a1ebbf7ed9097cd03dc49d744cb5057761"", 1]]",True,"The statement about the Personal Property Law is supported by the evidence, but it does not answer the full question. The reference lists eight DIFC Laws amended by DIFC Law No. 2 of 2022: Common Reporting Standard Law, Employment Law, Foundations Law, General Partnership Law, Limited Liability Partnership Law, Personal Property Law, Trust Law, and the Law on the Application of Civil and Commercial Laws in the DIFC. The confidence is too high for this incomplete answer."
mixed-R4,e59a0dc49c291402ead91342b065bc4e9ded0043d126f73dd00ba6045aae46b7,"Under Article 14(1) of the Employment Law 2019, how many days does an Employer have to provide an Employee with a written Employment Contract after the commencement of employment?",number,7,7,1.0,0.16666666666666666,1.0,"[[""33bc02044716acdfedb164b065bdaec098aaadcae863c591f9931c88e7307d16"", 6], [""33bc02044716acdfedb164b065bdaec098aaadcae863c591f9931c88e7307d16"", 7], [""33bc02044716acdfedb164b065bdaec098aaadcae863c591f9931c88e7307d16"", 12], [""33bc02044716acdfedb164b065bdaec098aaadcae863c591f9931c88e7307d16"", 16], [""33bc02044716acdfedb164b065bdaec098aaadcae863c591f9931c88e7307d16"", 29], [""33bc02044716acdfedb164b065bdaec098aaadcae863c591f9931c88e7307d16"", 42]]","[[""33bc02044716acdfedb164b065bdaec098aaadcae863c591f9931c88e7307d16"", 7]]",True,
mixed-R4,359f1c315f2ac48e6b34ecfa503c6b9c892365985b363dc9a4e3c85563550d05,Who is the defendant in case ARB 034/2025?,name,"""Onora""","""Onora""",1.0,0.3333333333333333,1.0,"[[""58eae81bf668e7f6c58619f419a49b5e35e2e5c9c7475475ace28ec562580545"", 1], [""62930da32fa3172edf2f2bbf3da268455bd99a7b5fab34d72358730d8cd5da30"", 1], [""c98c1475692bc22f4abab6a7a7d7969467c94e46a7e68919aaf127179ebf3f54"", 1]]","[[""58eae81bf668e7f6c58619f419a49b5e35e2e5c9c7475475ace28ec562580545"", 1]]",True,
mixed-R4,2fc105ec9d11e361b057e8ce21245fbc01f14cefe5ccddada9d7541c952106d2,"If a Muslim Employee works during the holy month of Ramadan, what is the maximum number of hours they can be required to work each day according to Article 23 of the Employment Law 2019?",number,6,6,1.0,0.2,1.0,"[[""33bc02044716acdfedb164b065bdaec098aaadcae863c591f9931c88e7307d16"", 4], [""33bc02044716acdfedb164b065bdaec098aaadcae863c591f9931c88e7307d16"", 8], [""33bc02044716acdfedb164b065bdaec098aaadcae863c591f9931c88e7307d16"", 10], [""33bc02044716acdfedb164b065bdaec098aaadcae863c591f9931c88e7307d16"", 14], [""33bc02044716acdfedb164b065bdaec098aaadcae863c591f9931c88e7307d16"", 35]]","[[""33bc02044716acdfedb164b065bdaec098aaadcae863c591f9931c88e7307d16"", 14]]",True,
mixed-R4,b667804a5541a24d40f211b3febc69fa5e633d52a08baf9ce6735832ea4e5ec1,"Based on the full case files for DEC 001/2025 and CFI 057/2025, was there any judge involved in both cases?",boolean,null,false,0.0,0.2,0.3333333333333333,"[[""1a255edc261961ec64870466a27ac4e25b5ebc2abe298e1b69f8dd2fc27288f6"", 1], [""1a255edc261961ec64870466a27ac4e25b5ebc2abe298e1b69f8dd2fc27288f6"", 2], [""1a255edc261961ec64870466a27ac4e25b5ebc2abe298e1b69f8dd2fc27288f6"", 8], [""3a574fc4f0baa5ec7ff0dcc822d7c55e4f9c493c24addc217c8df3d848c16fa5"", 1], [""3f8a5ea0e051ba3af7a02da340c911fe0970ebece6c852c3e61a10c00cac6d6e"", 1]]","[[""1b446e196b4d1752241c8ff689a31ea705e98ad0c16b9d343c303664f72b64a1"", 1], [""3f8a5ea0e051ba3af7a02da340c911fe0970ebece6c852c3e61a10c00cac6d6e"", 1], [""839de9798f377492eee68f82b202d7cd3544be83d799f6226a02f3678c9bb914"", 1]]",True,
mixed-R4,b1d0245bb7c71b42f08a4cdbec612a56715295223472ac5a45af31811ada2f3b,"Under the Operating Law 2018, can the Registrar be held liable for acts or omissions in performing their functions if the act or omission is shown to have been in bad faith, according to Article 7(8)?",boolean,true,true,1.0,0.2,1.0,"[[""22442c5ee999e2519c68de908be511875a84f2b810ed540c2dcfcbcc65031434"", 22], [""72ea171147bf30326fe6fd2e6798f607c7cef4bf9d43761dbccd2f1b6a356849"", 7], [""72ea171147bf30326fe6fd2e6798f607c7cef4bf9d43761dbccd2f1b6a356849"", 33], [""b82ac8228e051d96bf8d706d3251893ebff1c9457b066fce3b7cb99af956f2a7"", 24], [""fbdd7f9dd299d83b1f398778da2e6765dfaaed62005667264734a1f76ec09071"", 6]]","[[""72ea171147bf30326fe6fd2e6798f607c7cef4bf9d43761dbccd2f1b6a356849"", 7]]",False,
mixed-R4,ad7357a7eb955085f6438dfcaf44324de7fcf88da86c846242e173eacdeebfda,What was the result of the application heard in case SCT 169/2025?,free_text,"""There is no information on this question in the provided documents.""","""The Permission to Appeal Application was refused, the adjournment request was refused, and there was no order as to costs.""",0.4,0.2,1.0,"[[""3a574fc4f0baa5ec7ff0dcc822d7c55e4f9c493c24addc217c8df3d848c16fa5"", 1], [""3a574fc4f0baa5ec7ff0dcc822d7c55e4f9c493c24addc217c8df3d848c16fa5"", 2], [""437568a801115019fe8278385c0484bdf07ab86f9a499ecaba2b7969b37c764b"", 7], [""bd2d222ee0a636a745434cfb457321cd658db5bb32b5f0a3f5643236cc1503d8"", 5], [""f4c4d051d514270964adcf58e124569e396602340b7d9172671759de10a95897"", 2]]","[[""3a574fc4f0baa5ec7ff0dcc822d7c55e4f9c493c24addc217c8df3d848c16fa5"", 2]]",True,"The submission is a clear abstention, but the reference gives the actual result: permission to appeal was refused, the adjournment request was refused, and no costs order was made. So it is not correct or complete. The abstention is grounded as a meta-statement about the provided excerpt, but the high confidence is not well calibrated because the question has an answer in the reference."
mixed-R4,0aba04f64851d1419be984476f91f278e6ada2d6c536fd119d7ab37a8ed06593,Do cases CFI 067/2025 and SCT 514/2025 involve any of the same legal entities or individuals as main parties?,boolean,false,false,1.0,0.4,1.0,"[[""1a255edc261961ec64870466a27ac4e25b5ebc2abe298e1b69f8dd2fc27288f6"", 2], [""1b446e196b4d1752241c8ff689a31ea705e98ad0c16b9d343c303664f72b64a1"", 1], [""3a574fc4f0baa5ec7ff0dcc822d7c55e4f9c493c24addc217c8df3d848c16fa5"", 1], [""6306079a16b1dec85690f75c715cdbd78b0685a3e19ee30250d481bc32f2e29a"", 1], [""897ab23ed5a70034d3d708d871ad1da8bc7b6608d94b1ca46b5d578d985d3c13"", 1]]","[[""6306079a16b1dec85690f75c715cdbd78b0685a3e19ee30250d481bc32f2e29a"", 1], [""897ab23ed5a70034d3d708d871ad1da8bc7b6608d94b1ca46b5d578d985d3c13"", 1]]",True,
mixed-R4,9596fb754439e6752034890c1272a2df7c0f9000db7d186db21aa232a253fca4,What is the effective date for due diligence requirements for Pre-existing Accounts and New Accounts under the Common Reporting Standard Law 2018?,free_text,"""For Pre-existing Accounts, the effective date is 2016-12-31. For New Accounts, the effective date is 2017-01-01.""","""Pre-existing Accounts: 31 December 2016; New Accounts: 1 January 2017.""",1.0,0.3333333333333333,1.0,"[[""fbdd7f9dd299d83b1f398778da2e6765dfaaed62005667264734a1f76ec09071"", 3], [""fbdd7f9dd299d83b1f398778da2e6765dfaaed62005667264734a1f76ec09071"", 4], [""fbdd7f9dd299d83b1f398778da2e6765dfaaed62005667264734a1f76ec09071"", 16]]","[[""fbdd7f9dd299d83b1f398778da2e6765dfaaed62005667264734a1f76ec09071"", 3]]",False,"The answer matches the reference dates for both Pre-existing Accounts and New Accounts, and the supplied evidence directly supports those dates. Confidence is appropriate given the clear support."
mixed-R4,9f48d8eca6d10cf26f60226078f0d9cb32d3aa2fd25c90c312549cb6265ebd84,"According to Article 2 of the DIFC Personal Property Law 2005, who made this Law?",free_text,"""It was made by the Ruler.""","""It was made by the Ruler of Dubai.""",1.0,0.125,1.0,"[[""22442c5ee999e2519c68de908be511875a84f2b810ed540c2dcfcbcc65031434"", 41], [""302a0bd8d67775e8dc5960ecec7879be566300d8b32c4b0153ba15ebdb279425"", 21], [""4e387152960c1029b3711cacb05b287b13c977bc61f2558059a62b7b427a62eb"", 50], [""536bbce854b9406cc22697e04fcdabd645e030c0e55b918252643b00e0b2b25f"", 3], [""536bbce854b9406cc22697e04fcdabd645e030c0e55b918252643b00e0b2b25f"", 18], [""72ea171147bf30326fe6fd2e6798f607c7cef4bf9d43761dbccd2f1b6a356849"", 40], [""b82ac8228e051d96bf8d706d3251893ebff1c9457b066fce3b7cb99af956f2a7"", 23], [""fbdd7f9dd299d83b1f398778da2e6765dfaaed62005667264734a1f76ec09071"", 15]]","[[""536bbce854b9406cc22697e04fcdabd645e030c0e55b918252643b00e0b2b25f"", 3]]",True,
mixed-R4,802d12a65530cd728da4c2f4430275488285ced247123431a905f8d525e80ede,"Based on the second page of the document, was the Claimant's application for continuation of the ASI Order granted by the court in case ARB 034/2025?",boolean,false,false,1.0,0.0,0.0,"[[""58eae81bf668e7f6c58619f419a49b5e35e2e5c9c7475475ace28ec562580545"", 1], [""58eae81bf668e7f6c58619f419a49b5e35e2e5c9c7475475ace28ec562580545"", 3], [""58eae81bf668e7f6c58619f419a49b5e35e2e5c9c7475475ace28ec562580545"", 4], [""d32e76d495ac7d855d805fb71682b98d254520e3799aa4529ebc983212648335"", 3]]","[[""58eae81bf668e7f6c58619f419a49b5e35e2e5c9c7475475ace28ec562580545"", 2]]",True,
mixed-R4,84ef7f354a41168e99812515cd775297b36c35a541c5b8eb1978be771554b546,"According to Article 14(2)(l) of the Employment Law 2019, what is the maximum probation period in months for an Employee, except in specific fixed-term contract circumstances?",number,6,6,1.0,0.2,1.0,"[[""33bc02044716acdfedb164b065bdaec098aaadcae863c591f9931c88e7307d16"", 8], [""33bc02044716acdfedb164b065bdaec098aaadcae863c591f9931c88e7307d16"", 28], [""33bc02044716acdfedb164b065bdaec098aaadcae863c591f9931c88e7307d16"", 30], [""33bc02044716acdfedb164b065bdaec098aaadcae863c591f9931c88e7307d16"", 31], [""33bc02044716acdfedb164b065bdaec098aaadcae863c591f9931c88e7307d16"", 32]]","[[""33bc02044716acdfedb164b065bdaec098aaadcae863c591f9931c88e7307d16"", 8]]",True,
mixed-R4,5046b4e3fa11a42090ae0cef08c4cd64a1c8761955eb711db396f7fb1634ea86,"According to page 2 of the judgment, from which specific claim number did the appeal in CA 009/2024 originate?",name,"""ENF-316-2023/2""","""Claim No. ENF-316-2023/2""",0.0,0.16666666666666666,1.0,"[[""03b621728fe29eb6113fcdb57f6458d793fd2d5c5b833ae26d40f04a29c85359"", 1], [""0471e83c1ea18086cfb6b3ff51da6f22b0efee337f10315b2593f782297ccb84"", 1], [""62930da32fa3172edf2f2bbf3da268455bd99a7b5fab34d72358730d8cd5da30"", 1], [""bd2d222ee0a636a745434cfb457321cd658db5bb32b5f0a3f5643236cc1503d8"", 1], [""bd2d222ee0a636a745434cfb457321cd658db5bb32b5f0a3f5643236cc1503d8"", 2], [""c98c1475692bc22f4abab6a7a7d7969467c94e46a7e68919aaf127179ebf3f54"", 1]]","[[""bd2d222ee0a636a745434cfb457321cd658db5bb32b5f0a3f5643236cc1503d8"", 2]]",True,
mixed-R4,042ddf2ed161068fab8072f16e01a15e11da9d741d207bfc0185e5133a810193,Does the Law on the Application of Civil and Commercial Laws in the DIFC Law No. 3 of 2004 apply in the jurisdiction of the Dubai International Financial Centre?,boolean,true,true,1.0,0.2,1.0,"[[""ff746f7b583490a80ba104361c0a82a1ebbf7ed9097cd03dc49d744cb5057761"", 1], [""ff746f7b583490a80ba104361c0a82a1ebbf7ed9097cd03dc49d744cb5057761"", 3], [""ff746f7b583490a80ba104361c0a82a1ebbf7ed9097cd03dc49d744cb5057761"", 4], [""ff746f7b583490a80ba104361c0a82a1ebbf7ed9097cd03dc49d744cb5057761"", 5], [""ff746f7b583490a80ba104361c0a82a1ebbf7ed9097cd03dc49d744cb5057761"", 7]]","[[""ff746f7b583490a80ba104361c0a82a1ebbf7ed9097cd03dc49d744cb5057761"", 3]]",False,
mixed-R4,e14ad296801b3fb6855a3a9338f1e9b8e2d1bfb05c99682a3cf4f9140b49b17b,"Under Article 11(5) of the DIFC Trust Law 2018, is a term of the trust expressly declaring that the laws of the DIFC shall govern the trust valid, effective, and conclusive regardless of any other circumstance?",boolean,true,true,1.0,0.25,1.0,"[[""4e387152960c1029b3711cacb05b287b13c977bc61f2558059a62b7b427a62eb"", 6], [""4e387152960c1029b3711cacb05b287b13c977bc61f2558059a62b7b427a62eb"", 7], [""4e387152960c1029b3711cacb05b287b13c977bc61f2558059a62b7b427a62eb"", 50], [""4e387152960c1029b3711cacb05b287b13c977bc61f2558059a62b7b427a62eb"", 51]]","[[""4e387152960c1029b3711cacb05b287b13c977bc61f2558059a62b7b427a62eb"", 6]]",False,
mixed-R4,f33177fc2ed5b35033bfa1c7f9fc5d7a3776feb10b498c375cdcb40e0c53ffbf,Is there any main party that appeared in both cases CA 004/2025 and SCT 514/2025?,boolean,false,false,1.0,0.6666666666666666,1.0,"[[""3a574fc4f0baa5ec7ff0dcc822d7c55e4f9c493c24addc217c8df3d848c16fa5"", 1], [""6306079a16b1dec85690f75c715cdbd78b0685a3e19ee30250d481bc32f2e29a"", 1], [""78ffe994cdc61ce6a2a6937c79fc52751bb5d2b4eaa4019f088fbccf70569c26"", 1]]","[[""6306079a16b1dec85690f75c715cdbd78b0685a3e19ee30250d481bc32f2e29a"", 1], [""78ffe994cdc61ce6a2a6937c79fc52751bb5d2b4eaa4019f088fbccf70569c26"", 1]]",True,
mixed-R4,f29159d38bf494e330b32f03507df593d5869a129796a3b7f6efe14fd1b1a0a5,What does Article 16(1)(c) of the Employment Law 2019 require an Employer to keep records of regarding an Employee's remuneration?,free_text,"""Article 16(1)(c) requires an Employer to keep records of the Employee's remuneration, including the gross and net amount where applicable, and the applicable Pay Period.""","""The employee's remuneration, gross and net where applicable, and the applicable pay period.""",1.0,0.2,1.0,"[[""33bc02044716acdfedb164b065bdaec098aaadcae863c591f9931c88e7307d16"", 8], [""33bc02044716acdfedb164b065bdaec098aaadcae863c591f9931c88e7307d16"", 9], [""33bc02044716acdfedb164b065bdaec098aaadcae863c591f9931c88e7307d16"", 11], [""33bc02044716acdfedb164b065bdaec098aaadcae863c591f9931c88e7307d16"", 12], [""33bc02044716acdfedb164b065bdaec098aaadcae863c591f9931c88e7307d16"", 35]]","[[""33bc02044716acdfedb164b065bdaec098aaadcae863c591f9931c88e7307d16"", 8]]",True,All criteria met; the answer matches the reference and is directly supported by the cited evidence.
mixed-R4,2e8b251fd560f4446bfc9c5fa4b83ecbce69d650a8fd00fc9815c1fb34a764ad,"Looking at the title/cover page of every document across both case TCD 001/2024 and case CFI 016/2025, is there any party (claimant or defendant) common to both cases?",boolean,false,false,1.0,1.0,1.0,"[[""0471e83c1ea18086cfb6b3ff51da6f22b0efee337f10315b2593f782297ccb84"", 1], [""6248961b681ea0deb189f354be0c8286f35974dcdb211c13c921c3dd0e566a6e"", 1], [""62930da32fa3172edf2f2bbf3da268455bd99a7b5fab34d72358730d8cd5da30"", 1], [""c98c1475692bc22f4abab6a7a7d7969467c94e46a7e68919aaf127179ebf3f54"", 1]]","[[""0471e83c1ea18086cfb6b3ff51da6f22b0efee337f10315b2593f782297ccb84"", 1], [""6248961b681ea0deb189f354be0c8286f35974dcdb211c13c921c3dd0e566a6e"", 1], [""62930da32fa3172edf2f2bbf3da268455bd99a7b5fab34d72358730d8cd5da30"", 1], [""c98c1475692bc22f4abab6a7a7d7969467c94e46a7e68919aaf127179ebf3f54"", 1]]",False,
mixed-R4,fa672c84261a575ba49aba560b6a00c5d944ab9373b764c743d79821658e0052,"What was the outcome of the specific order or application described in case CFI 016/2025, based on the last page of the document?",free_text,"""The No Costs Application was dismissed. There was no order as to costs for that application, and the Claimant was ordered to pay AED 70,000 in costs to the Defendant pursuant to the Judgment.""","""The No Costs Application was rejected, no costs were ordered on that application, and the Defendant was awarded AED 70,000 in costs for the claim.""",1.0,0.0,0.0,"[[""437568a801115019fe8278385c0484bdf07ab86f9a499ecaba2b7969b37c764b"", 4], [""437568a801115019fe8278385c0484bdf07ab86f9a499ecaba2b7969b37c764b"", 5], [""437568a801115019fe8278385c0484bdf07ab86f9a499ecaba2b7969b37c764b"", 7], [""437568a801115019fe8278385c0484bdf07ab86f9a499ecaba2b7969b37c764b"", 10], [""6248961b681ea0deb189f354be0c8286f35974dcdb211c13c921c3dd0e566a6e"", 1], [""839de9798f377492eee68f82b202d7cd3544be83d799f6226a02f3678c9bb914"", 1]]","[[""6248961b681ea0deb189f354be0c8286f35974dcdb211c13c921c3dd0e566a6e"", 7]]",False,"The submission matches the order: the No Costs Application was dismissed/rejected, there was no order as to costs for that application, and AED 70,000 in costs was awarded to the Defendant."
mixed-R4,7aae865f328e2012c31b41b6e2cccac715c14df5b56ec548d3fa9cb6bc46dcd1,"Under Article 11 of the General Partnership Law 2004, is an unincorporated body of persons carrying on business for profit automatically deemed a partnership if there is an agreement specifying it as a body corporate?",boolean,false,false,1.0,0.2,1.0,"[[""302a0bd8d67775e8dc5960ecec7879be566300d8b32c4b0153ba15ebdb279425"", 4], [""302a0bd8d67775e8dc5960ecec7879be566300d8b32c4b0153ba15ebdb279425"", 5], [""302a0bd8d67775e8dc5960ecec7879be566300d8b32c4b0153ba15ebdb279425"", 21], [""302a0bd8d67775e8dc5960ecec7879be566300d8b32c4b0153ba15ebdb279425"", 22], [""72ea171147bf30326fe6fd2e6798f607c7cef4bf9d43761dbccd2f1b6a356849"", 41]]","[[""302a0bd8d67775e8dc5960ecec7879be566300d8b32c4b0153ba15ebdb279425"", 5]]",False,
mixed-R4,e0798bd394af022603f1ed7a09641de2bb414bd14a9d6a2c494980c86095ccff,"If the Relevant Authority confirms a fine or action after an appeal under Article 21(5) of the Common Reporting Standard Law 2018, how many business days does the Reporting Financial Institution have to pay the fine or perform the action?",number,15,15,1.0,0.3333333333333333,1.0,"[[""fbdd7f9dd299d83b1f398778da2e6765dfaaed62005667264734a1f76ec09071"", 11], [""fbdd7f9dd299d83b1f398778da2e6765dfaaed62005667264734a1f76ec09071"", 12], [""fbdd7f9dd299d83b1f398778da2e6765dfaaed62005667264734a1f76ec09071"", 13]]","[[""fbdd7f9dd299d83b1f398778da2e6765dfaaed62005667264734a1f76ec09071"", 13]]",False,
mixed-R4,32bb32856c65215eddb17d2b5b938f58b4bec525af96f8637686e33b0d696e89,"According to Article 28(4) of the DIFC Trust Law 2018, can an order made consequential to a declaration under Articles 24 to 27 prejudice a purchaser in good faith for value of trust property without notice of the voidable matters?",boolean,false,false,1.0,0.25,1.0,"[[""22442c5ee999e2519c68de908be511875a84f2b810ed540c2dcfcbcc65031434"", 28], [""4e387152960c1029b3711cacb05b287b13c977bc61f2558059a62b7b427a62eb"", 7], [""4e387152960c1029b3711cacb05b287b13c977bc61f2558059a62b7b427a62eb"", 8], [""4e387152960c1029b3711cacb05b287b13c977bc61f2558059a62b7b427a62eb"", 15]]","[[""4e387152960c1029b3711cacb05b287b13c977bc61f2558059a62b7b427a62eb"", 15]]",False,
mixed-R4,698e30385362eebe29a7fd618bb6d5fc2d213fca30eb008f0496d3887d6b4677,Is there any main party that appeared in both cases ARB 034/2025 and SCT 514/2025?,boolean,false,false,1.0,0.6666666666666666,1.0,"[[""3a574fc4f0baa5ec7ff0dcc822d7c55e4f9c493c24addc217c8df3d848c16fa5"", 1], [""58eae81bf668e7f6c58619f419a49b5e35e2e5c9c7475475ace28ec562580545"", 1], [""6306079a16b1dec85690f75c715cdbd78b0685a3e19ee30250d481bc32f2e29a"", 1]]","[[""58eae81bf668e7f6c58619f419a49b5e35e2e5c9c7475475ace28ec562580545"", 1], [""6306079a16b1dec85690f75c715cdbd78b0685a3e19ee30250d481bc32f2e29a"", 1]]",True,
mixed-R4,52a35cfabe76f2c538c6f72a841a08e0cc85bbe8f732874a4d2827383794c213,Did cases CA 004/2025 and ARB 034/2025 have any judges in common?,boolean,false,false,1.0,0.6666666666666666,1.0,"[[""437568a801115019fe8278385c0484bdf07ab86f9a499ecaba2b7969b37c764b"", 1], [""58eae81bf668e7f6c58619f419a49b5e35e2e5c9c7475475ace28ec562580545"", 1], [""78ffe994cdc61ce6a2a6937c79fc52751bb5d2b4eaa4019f088fbccf70569c26"", 1]]","[[""58eae81bf668e7f6c58619f419a49b5e35e2e5c9c7475475ace28ec562580545"", 1], [""78ffe994cdc61ce6a2a6937c79fc52751bb5d2b4eaa4019f088fbccf70569c26"", 1]]",True,
mixed-R4,a341025df493b0e6a962fa637e3df6fe053c3de28cb2f5c8eb0814067af32b95,"According to Article 12(4) of the Common Reporting Standard Law and Article 18(2)(b) of the General Partnership Law, what are the retention periods for records?",free_text,"""Article 12(4) of the Common Reporting Standard Law requires records to be retained for six (6) years after the date of reporting the information. Article 18(2)(b) of the General Partnership Law requires records to be preserved for at least six (6) years from the date they were of""","""Under the CRS Law, records must be retained for 6 years after reporting. Under the General Partnership Law, accounting records must be preserved for at least 6 years from creation, or longer if prescribed by Regulations.""",0.4,0.2857142857142857,1.0,"[[""302a0bd8d67775e8dc5960ecec7879be566300d8b32c4b0153ba15ebdb279425"", 7], [""fbdd7f9dd299d83b1f398778da2e6765dfaaed62005667264734a1f76ec09071"", 2], [""fbdd7f9dd299d83b1f398778da2e6765dfaaed62005667264734a1f76ec09071"", 4], [""fbdd7f9dd299d83b1f398778da2e6765dfaaed62005667264734a1f76ec09071"", 6], [""fbdd7f9dd299d83b1f398778da2e6765dfaaed62005667264734a1f76ec09071"", 7], [""fbdd7f9dd299d83b1f398778da2e6765dfaaed62005667264734a1f76ec09071"", 13], [""fbdd7f9dd299d83b1f398778da2e6765dfaaed62005667264734a1f76ec09071"", 16]]","[[""302a0bd8d67775e8dc5960ecec7879be566300d8b32c4b0153ba15ebdb279425"", 7], [""fbdd7f9dd299d83b1f398778da2e6765dfaaed62005667264734a1f76ec09071"", 7]]",False,"Completeness: it omits the General Partnership Law qualifier that records may need to be kept longer if Regulations prescribe a longer period. Confidence calibration: 0.99 is too high for a partially incomplete answer. Clarity and relevance: the response is cut off mid-sentence, so it is not fully clear or complete."
mixed-R4,acd7d2aea67ff920768aae75300837412f603e0e29f048ea33171ba52c1c0cd8,Which case has an earlier Date of Issue: ENF 269/2023 or SCT 514/2025?,name,"""ENF 269/2023""","""ENF 269/2023""",1.0,0.0,0.0,"[[""09660f78c26cd56c08c7253ed21ba01fb246092f482ccd8acd8e6f9b6fd2d917"", 2], [""3a574fc4f0baa5ec7ff0dcc822d7c55e4f9c493c24addc217c8df3d848c16fa5"", 1], [""5d3df6d69fac3ef91e13ac835b43a35e9e434fbc7e72ea5c01e288d69b66e6a2"", 1], [""6306079a16b1dec85690f75c715cdbd78b0685a3e19ee30250d481bc32f2e29a"", 1], [""f4c4d051d514270964adcf58e124569e396602340b7d9172671759de10a95897"", 2]]","[[""5d3df6d69fac3ef91e13ac835b43a35e9e434fbc7e72ea5c01e288d69b66e6a2"", 3], [""6306079a16b1dec85690f75c715cdbd78b0685a3e19ee30250d481bc32f2e29a"", 2]]",True,
mixed-R4,f2a28b01dbdda99ec2b09a7001ea72e35b94a42c14c4bc5e5206c59857770306,Is there a judge who presided over both case CFI 057/2025 and case ENF 269/2023?,boolean,false,false,1.0,0.3333333333333333,1.0,"[[""1a255edc261961ec64870466a27ac4e25b5ebc2abe298e1b69f8dd2fc27288f6"", 2], [""1b446e196b4d1752241c8ff689a31ea705e98ad0c16b9d343c303664f72b64a1"", 1], [""3f8a5ea0e051ba3af7a02da340c911fe0970ebece6c852c3e61a10c00cac6d6e"", 22], [""5d3df6d69fac3ef91e13ac835b43a35e9e434fbc7e72ea5c01e288d69b66e6a2"", 1], [""6248961b681ea0deb189f354be0c8286f35974dcdb211c13c921c3dd0e566a6e"", 1], [""bd2d222ee0a636a745434cfb457321cd658db5bb32b5f0a3f5643236cc1503d8"", 3]]","[[""1b446e196b4d1752241c8ff689a31ea705e98ad0c16b9d343c303664f72b64a1"", 1], [""5d3df6d69fac3ef91e13ac835b43a35e9e434fbc7e72ea5c01e288d69b66e6a2"", 1]]",True,
mixed-R4,3c33f9a4de9bac177c65e3c3bd986ef05e527095e4c96aabbbed76599b727eb0,Who are listed as the claimants in the case documents for SCT 295/2025?,names,"[""Olexa""]","[""Olexa""]",1.0,0.2,1.0,"[[""09660f78c26cd56c08c7253ed21ba01fb246092f482ccd8acd8e6f9b6fd2d917"", 1], [""3a574fc4f0baa5ec7ff0dcc822d7c55e4f9c493c24addc217c8df3d848c16fa5"", 1], [""3a574fc4f0baa5ec7ff0dcc822d7c55e4f9c493c24addc217c8df3d848c16fa5"", 2], [""58eae81bf668e7f6c58619f419a49b5e35e2e5c9c7475475ace28ec562580545"", 1], [""62930da32fa3172edf2f2bbf3da268455bd99a7b5fab34d72358730d8cd5da30"", 1]]","[[""09660f78c26cd56c08c7253ed21ba01fb246092f482ccd8acd8e6f9b6fd2d917"", 1]]",False,
mixed-R4,b982f3b308042c0eb23dfe264a56ab53866fbea5d3981c4bfcf3ffb6de22054e,What was the result of the application heard in case CFI 067/2025?,free_text,"""The application was dismissed, and the Applicant was ordered to pay 80% of the Respondent's costs, totaling USD 155,879.50.""","""The Defendant's application for immediate judgment and/or strike out was dismissed, and the Applicant was ordered to pay 80% of the Respondent's costs, assessed at USD 155,879.50.""",1.0,0.14285714285714285,1.0,"[[""3f8a5ea0e051ba3af7a02da340c911fe0970ebece6c852c3e61a10c00cac6d6e"", 4], [""437568a801115019fe8278385c0484bdf07ab86f9a499ecaba2b7969b37c764b"", 7], [""443e04bc1a78940b3fcd5438d24b6c5f182a276d354a3108e738b193675de032"", 2], [""839de9798f377492eee68f82b202d7cd3544be83d799f6226a02f3678c9bb914"", 17], [""839de9798f377492eee68f82b202d7cd3544be83d799f6226a02f3678c9bb914"", 19], [""897ab23ed5a70034d3d708d871ad1da8bc7b6608d94b1ca46b5d578d985d3c13"", 1], [""bd2d222ee0a636a745434cfb457321cd658db5bb32b5f0a3f5643236cc1503d8"", 5]]","[[""897ab23ed5a70034d3d708d871ad1da8bc7b6608d94b1ca46b5d578d985d3c13"", 1]]",True,No issues: the submission matches the order’s outcome and costs award.
mixed-R4,cdddeb6a063f29cbea5f10b3dccbd83aa16849e1f3124e223d141d1578efeb0a,Who were the claimants in case CFI 010/2024?,names,"[""Fursa Consulting""]","[""Fursa Consulting""]",1.0,0.2,1.0,"[[""443e04bc1a78940b3fcd5438d24b6c5f182a276d354a3108e738b193675de032"", 1], [""443e04bc1a78940b3fcd5438d24b6c5f182a276d354a3108e738b193675de032"", 2], [""58eae81bf668e7f6c58619f419a49b5e35e2e5c9c7475475ace28ec562580545"", 1], [""62930da32fa3172edf2f2bbf3da268455bd99a7b5fab34d72358730d8cd5da30"", 1], [""d32e76d495ac7d855d805fb71682b98d254520e3799aa4529ebc983212648335"", 1]]","[[""443e04bc1a78940b3fcd5438d24b6c5f182a276d354a3108e738b193675de032"", 1]]",True,
mixed-R4,f5c27c961e218728abde9ff9031d1701cb36db4a2e590d2dbd8914dd28a27b20,"According to Article 19(2)(c) of the Common Reporting Standard Law 2018, how many days does a Reporting Financial Institution have to pay a fine for opening a New Account without a valid self-certification after receiving notification?",number,30,30,1.0,0.3333333333333333,1.0,"[[""fbdd7f9dd299d83b1f398778da2e6765dfaaed62005667264734a1f76ec09071"", 11], [""fbdd7f9dd299d83b1f398778da2e6765dfaaed62005667264734a1f76ec09071"", 13], [""fbdd7f9dd299d83b1f398778da2e6765dfaaed62005667264734a1f76ec09071"", 17]]","[[""fbdd7f9dd299d83b1f398778da2e6765dfaaed62005667264734a1f76ec09071"", 11]]",False,
mixed-R4,7b31467fd9f391a836ecd316b258a6d5e849cb62a9a0c95573b084c1d1338ba0,"According to Article 9(9)(a) of the Operating Law 2018, how many months does a Licence typically have effect from its issue date by the Registrar?",number,12,12,1.0,0.2,1.0,"[[""22442c5ee999e2519c68de908be511875a84f2b810ed540c2dcfcbcc65031434"", 11], [""302a0bd8d67775e8dc5960ecec7879be566300d8b32c4b0153ba15ebdb279425"", 22], [""72ea171147bf30326fe6fd2e6798f607c7cef4bf9d43761dbccd2f1b6a356849"", 4], [""72ea171147bf30326fe6fd2e6798f607c7cef4bf9d43761dbccd2f1b6a356849"", 9], [""b82ac8228e051d96bf8d706d3251893ebff1c9457b066fce3b7cb99af956f2a7"", 17]]","[[""72ea171147bf30326fe6fd2e6798f607c7cef4bf9d43761dbccd2f1b6a356849"", 9]]",False,
mixed-R4,6b20dd63f6b2072c51f7063e32f5accf7218fd36fdfcc3fb627867139b41359e,Which case has an earlier Date of Issue: SCT 169/2025 or SCT 295/2025?,name,"""SCT 169/2025""","""SCT 295/2025""",0.0,0.25,0.5,"[[""09660f78c26cd56c08c7253ed21ba01fb246092f482ccd8acd8e6f9b6fd2d917"", 1], [""09660f78c26cd56c08c7253ed21ba01fb246092f482ccd8acd8e6f9b6fd2d917"", 2], [""3a574fc4f0baa5ec7ff0dcc822d7c55e4f9c493c24addc217c8df3d848c16fa5"", 1], [""f4c4d051d514270964adcf58e124569e396602340b7d9172671759de10a95897"", 2]]","[[""09660f78c26cd56c08c7253ed21ba01fb246092f482ccd8acd8e6f9b6fd2d917"", 2], [""3a574fc4f0baa5ec7ff0dcc822d7c55e4f9c493c24addc217c8df3d848c16fa5"", 2]]",True,
mixed-R4,a499c8553e73100d9ecc8ccd1164beea4b82fa6b32c519de1a37c861925076a1,"If a Reporting Financial Institution fails to provide specified information during an investigation, does this constitute obstruction of Inspectors under Article 17(b) of the Common Reporting Standard Law 2018?",boolean,true,true,1.0,0.2,1.0,"[[""72ea171147bf30326fe6fd2e6798f607c7cef4bf9d43761dbccd2f1b6a356849"", 18], [""fbdd7f9dd299d83b1f398778da2e6765dfaaed62005667264734a1f76ec09071"", 8], [""fbdd7f9dd299d83b1f398778da2e6765dfaaed62005667264734a1f76ec09071"", 9], [""fbdd7f9dd299d83b1f398778da2e6765dfaaed62005667264734a1f76ec09071"", 10], [""fbdd7f9dd299d83b1f398778da2e6765dfaaed62005667264734a1f76ec09071"", 17]]","[[""fbdd7f9dd299d83b1f398778da2e6765dfaaed62005667264734a1f76ec09071"", 10]]",False,
mixed-R4,de67a8574c9e4352ba32d662761e8b2e59ce1d2ae36c33cf5c563dfc5d879920,"Considering all documents across case CA 005/2025 and case TCD 001/2024, was there any judge who participated in both cases?",boolean,null,true,0.0,0.25,0.5,"[[""03b621728fe29eb6113fcdb57f6458d793fd2d5c5b833ae26d40f04a29c85359"", 1], [""0471e83c1ea18086cfb6b3ff51da6f22b0efee337f10315b2593f782297ccb84"", 1], [""62930da32fa3172edf2f2bbf3da268455bd99a7b5fab34d72358730d8cd5da30"", 1], [""c98c1475692bc22f4abab6a7a7d7969467c94e46a7e68919aaf127179ebf3f54"", 1]]","[[""0471e83c1ea18086cfb6b3ff51da6f22b0efee337f10315b2593f782297ccb84"", 1], [""437568a801115019fe8278385c0484bdf07ab86f9a499ecaba2b7969b37c764b"", 1]]",False,
mixed-R4,e153746c20cc385a520728ac381151f424c9eee10e4c582904fee70afe9af243,"According to Article 10 of the Employment Law 2019, how many months after the Termination Date must a claim under this Law be presented to the Court, unless otherwise specified?",number,6,6,1.0,0.2,1.0,"[[""09660f78c26cd56c08c7253ed21ba01fb246092f482ccd8acd8e6f9b6fd2d917"", 2], [""09660f78c26cd56c08c7253ed21ba01fb246092f482ccd8acd8e6f9b6fd2d917"", 4], [""33bc02044716acdfedb164b065bdaec098aaadcae863c591f9931c88e7307d16"", 6], [""33bc02044716acdfedb164b065bdaec098aaadcae863c591f9931c88e7307d16"", 9], [""33bc02044716acdfedb164b065bdaec098aaadcae863c591f9931c88e7307d16"", 12]]","[[""33bc02044716acdfedb164b065bdaec098aaadcae863c591f9931c88e7307d16"", 6]]",True,
mixed-R4,922dcd5ae0d2420ec5577ed8094f593124f7b69f7e61b12c24ad46410114e8ae,What official law number is stated on the cover page of the DIFC Trust Law?,number,4,4,1.0,0.14285714285714285,1.0,"[[""22442c5ee999e2519c68de908be511875a84f2b810ed540c2dcfcbcc65031434"", 1], [""33bc02044716acdfedb164b065bdaec098aaadcae863c591f9931c88e7307d16"", 1], [""4e387152960c1029b3711cacb05b287b13c977bc61f2558059a62b7b427a62eb"", 1], [""4e387152960c1029b3711cacb05b287b13c977bc61f2558059a62b7b427a62eb"", 50], [""536bbce854b9406cc22697e04fcdabd645e030c0e55b918252643b00e0b2b25f"", 20], [""72ea171147bf30326fe6fd2e6798f607c7cef4bf9d43761dbccd2f1b6a356849"", 1], [""ff746f7b583490a80ba104361c0a82a1ebbf7ed9097cd03dc49d744cb5057761"", 4]]","[[""4e387152960c1029b3711cacb05b287b13c977bc61f2558059a62b7b427a62eb"", 1]]",False,
mixed-R4,f950917f9b85f687161b1022a11c3ce31e4f6ab459af69dfea311c20893fc8a7,Who are listed as the claimants in the case documents for CFI 067/2025?,names,"[""Coinmena B.S.C. (C)""]","[""COINMENA B.S.C. (C)""]",1.0,0.16666666666666666,1.0,"[[""1b446e196b4d1752241c8ff689a31ea705e98ad0c16b9d343c303664f72b64a1"", 1], [""3a574fc4f0baa5ec7ff0dcc822d7c55e4f9c493c24addc217c8df3d848c16fa5"", 1], [""58eae81bf668e7f6c58619f419a49b5e35e2e5c9c7475475ace28ec562580545"", 1], [""6248961b681ea0deb189f354be0c8286f35974dcdb211c13c921c3dd0e566a6e"", 1], [""62930da32fa3172edf2f2bbf3da268455bd99a7b5fab34d72358730d8cd5da30"", 1], [""897ab23ed5a70034d3d708d871ad1da8bc7b6608d94b1ca46b5d578d985d3c13"", 1]]","[[""897ab23ed5a70034d3d708d871ad1da8bc7b6608d94b1ca46b5d578d985d3c13"", 1]]",True,
mixed-R4,254c8499b22ba05b0b1536c111b23e8afb031d0ed14af5970f665d6b1e821e65,"Under Article 26(2) of the Employment Law 2019, for how many months after the actual date of childbirth is a female Employee returning from Maternity Leave entitled to nursing breaks if her working time exceeds six hours?",number,6,6,1.0,0.25,1.0,"[[""33bc02044716acdfedb164b065bdaec098aaadcae863c591f9931c88e7307d16"", 9], [""33bc02044716acdfedb164b065bdaec098aaadcae863c591f9931c88e7307d16"", 14], [""33bc02044716acdfedb164b065bdaec098aaadcae863c591f9931c88e7307d16"", 17], [""33bc02044716acdfedb164b065bdaec098aaadcae863c591f9931c88e7307d16"", 18]]","[[""33bc02044716acdfedb164b065bdaec098aaadcae863c591f9931c88e7307d16"", 14]]",True,
mixed-R4,322674cd65809bde505d9f50edb1bf7e1674f7e118a8179617732a3942b52d74,"According to Article 19(4) of the General Partnership Law 2004, how many months after the end of the financial year must the accounts for that year be prepared and approved by the Partners?",number,6,6,1.0,0.2,1.0,"[[""302a0bd8d67775e8dc5960ecec7879be566300d8b32c4b0153ba15ebdb279425"", 7], [""302a0bd8d67775e8dc5960ecec7879be566300d8b32c4b0153ba15ebdb279425"", 8], [""302a0bd8d67775e8dc5960ecec7879be566300d8b32c4b0153ba15ebdb279425"", 22], [""302a0bd8d67775e8dc5960ecec7879be566300d8b32c4b0153ba15ebdb279425"", 23], [""b82ac8228e051d96bf8d706d3251893ebff1c9457b066fce3b7cb99af956f2a7"", 13]]","[[""302a0bd8d67775e8dc5960ecec7879be566300d8b32c4b0153ba15ebdb279425"", 8]]",False,
mixed-R4,87a1294f4e8414adaf49579d914252f4c7a9e90c54a452b5a420bed4934ce335,"If a Reporting Financial Institution obtains or creates records in a language other than English under the Common Reporting Standard Law 2018, what must it provide upon request to the Relevant Authority?",free_text,"""It must provide an English translation to the Relevant Authority upon request.""","""It must provide an English translation to the Relevant Authority upon request.""",1.0,0.3333333333333333,1.0,"[[""fbdd7f9dd299d83b1f398778da2e6765dfaaed62005667264734a1f76ec09071"", 3], [""fbdd7f9dd299d83b1f398778da2e6765dfaaed62005667264734a1f76ec09071"", 7], [""fbdd7f9dd299d83b1f398778da2e6765dfaaed62005667264734a1f76ec09071"", 8]]","[[""fbdd7f9dd299d83b1f398778da2e6765dfaaed62005667264734a1f76ec09071"", 7]]",False,
mixed-R4,b2fcc22c0bfc27e799fec5df74c911114a91f83d0aa2995729390d6c8cb80c1a,On what date was the DIFC Personal Property Law 2005 enacted?,free_text,"""There is no information on this question in the provided documents.""","""There is no information on this question in the provided documents.""",1.0,,,"[[""33bc02044716acdfedb164b065bdaec098aaadcae863c591f9931c88e7307d16"", 39], [""4e387152960c1029b3711cacb05b287b13c977bc61f2558059a62b7b427a62eb"", 4], [""536bbce854b9406cc22697e04fcdabd645e030c0e55b918252643b00e0b2b25f"", 1], [""536bbce854b9406cc22697e04fcdabd645e030c0e55b918252643b00e0b2b25f"", 3], [""536bbce854b9406cc22697e04fcdabd645e030c0e55b918252643b00e0b2b25f"", 20], [""ff746f7b583490a80ba104361c0a82a1ebbf7ed9097cd03dc49d744cb5057761"", 3]]",[],False,"The submission appropriately abstains, matching the reference and the available evidence, which does not provide the enactment date."
mixed-R4,8167b0cfeb476ce373ca991b28b3b35f78a8c3c9a5e3d1b682fdbb0ed5604ef4,"Looking only at the last page of the document in case SCT 514/2025, what was the outcome of the specific order or application described?",free_text,"""The Permission to Appeal Application was refused.""","""The Defendant's Application for Permission to Appeal was refused.""",1.0,0.0,0.0,"[[""3a574fc4f0baa5ec7ff0dcc822d7c55e4f9c493c24addc217c8df3d848c16fa5"", 1], [""437568a801115019fe8278385c0484bdf07ab86f9a499ecaba2b7969b37c764b"", 10], [""58eae81bf668e7f6c58619f419a49b5e35e2e5c9c7475475ace28ec562580545"", 1], [""62930da32fa3172edf2f2bbf3da268455bd99a7b5fab34d72358730d8cd5da30"", 1], [""6306079a16b1dec85690f75c715cdbd78b0685a3e19ee30250d481bc32f2e29a"", 1], [""c98c1475692bc22f4abab6a7a7d7969467c94e46a7e68919aaf127179ebf3f54"", 1]]","[[""6306079a16b1dec85690f75c715cdbd78b0685a3e19ee30250d481bc32f2e29a"", 6]]",True,The answer matches the reference and is directly supported by the last-page evidence.
mixed-R4,2e211d0cdb29134de759b277c8b8ed5b8fe43f033dcec1e4bd15feafb1dbb8ab,"Across all documents in case DEC 001/2025 and case SCT 514/2025, is there any legal entity or individual that appears as a main party in both cases?",boolean,null,false,0.0,0.5,0.6666666666666666,"[[""1a255edc261961ec64870466a27ac4e25b5ebc2abe298e1b69f8dd2fc27288f6"", 1], [""3f8a5ea0e051ba3af7a02da340c911fe0970ebece6c852c3e61a10c00cac6d6e"", 1], [""839de9798f377492eee68f82b202d7cd3544be83d799f6226a02f3678c9bb914"", 1], [""839de9798f377492eee68f82b202d7cd3544be83d799f6226a02f3678c9bb914"", 7]]","[[""3f8a5ea0e051ba3af7a02da340c911fe0970ebece6c852c3e61a10c00cac6d6e"", 1], [""6306079a16b1dec85690f75c715cdbd78b0685a3e19ee30250d481bc32f2e29a"", 1], [""839de9798f377492eee68f82b202d7cd3544be83d799f6226a02f3678c9bb914"", 1]]",True,
mixed-R4,89f4b2e86cf7e48e185b9d5775d67e7c8a51beccbb20abce8dac2a1b0e80b723,Were the Miranda rights properly administered in case ENF 269/2023?,free_text,"""There is no information on this question in the provided documents.""","""There is no information on this question in the provided documents.""",1.0,,,"[[""22442c5ee999e2519c68de908be511875a84f2b810ed540c2dcfcbcc65031434"", 30], [""33bc02044716acdfedb164b065bdaec098aaadcae863c591f9931c88e7307d16"", 2], [""33bc02044716acdfedb164b065bdaec098aaadcae863c591f9931c88e7307d16"", 6], [""5d3df6d69fac3ef91e13ac835b43a35e9e434fbc7e72ea5c01e288d69b66e6a2"", 1], [""bd2d222ee0a636a745434cfb457321cd658db5bb32b5f0a3f5643236cc1503d8"", 1], [""bd2d222ee0a636a745434cfb457321cd658db5bb32b5f0a3f5643236cc1503d8"", 3]]",[],False,The submission appropriately abstains because the provided documents do not contain information about Miranda rights in ENF 269/2023.
mixed-R4,98d473221f50a845466544b43d6bb52b0497893aade63a8659db228459c271b4,When was the consolidated version of the Law on the Application of Civil and Commercial Laws in the DIFC published?,free_text,"""The consolidated version was published in 2024-11.""","""The consolidated version was published in November 2024.""",1.0,0.25,1.0,"[[""ff746f7b583490a80ba104361c0a82a1ebbf7ed9097cd03dc49d744cb5057761"", 1], [""ff746f7b583490a80ba104361c0a82a1ebbf7ed9097cd03dc49d744cb5057761"", 2], [""ff746f7b583490a80ba104361c0a82a1ebbf7ed9097cd03dc49d744cb5057761"", 3], [""ff746f7b583490a80ba104361c0a82a1ebbf7ed9097cd03dc49d744cb5057761"", 7]]","[[""ff746f7b583490a80ba104361c0a82a1ebbf7ed9097cd03dc49d744cb5057761"", 1]]",False,"All criteria met. The answer matches the reference (‘November 2024’), is directly responsive, and is supported by the evidence showing ‘Consolidated Version (November 2024)’. The high confidence is appropriate."
mixed-R4,5cb2e9e631929fec4306d0bf7cbf145bcfe5f29d86eade85178d359852626cbf,Does the DIFC law numbered DIFC Law No. 7 of 2018 deal with insolvency and preferential debts?,boolean,false,false,1.0,0.125,1.0,"[[""22442c5ee999e2519c68de908be511875a84f2b810ed540c2dcfcbcc65031434"", 1], [""33bc02044716acdfedb164b065bdaec098aaadcae863c591f9931c88e7307d16"", 39], [""4e387152960c1029b3711cacb05b287b13c977bc61f2558059a62b7b427a62eb"", 1], [""72ea171147bf30326fe6fd2e6798f607c7cef4bf9d43761dbccd2f1b6a356849"", 1], [""72ea171147bf30326fe6fd2e6798f607c7cef4bf9d43761dbccd2f1b6a356849"", 40], [""72ea171147bf30326fe6fd2e6798f607c7cef4bf9d43761dbccd2f1b6a356849"", 41], [""b82ac8228e051d96bf8d706d3251893ebff1c9457b066fce3b7cb99af956f2a7"", 24], [""fbdd7f9dd299d83b1f398778da2e6765dfaaed62005667264734a1f76ec09071"", 1]]","[[""72ea171147bf30326fe6fd2e6798f607c7cef4bf9d43761dbccd2f1b6a356849"", 1]]",False,
mixed-R4,30167c4bda50157907608b180c50e4e49902b0cb6bd09b6461b6c7cb75961a1b,"Summarize the court's final ruling in case CFI 010/2024, as stated on the first page of the document.",free_text,"""The court dismissed the Application and ordered that the Claimant bear its own costs of the Application.""","""The court dismissed the Claimant's application for a Default Costs Certificate and ordered the Claimant to bear its own costs of the application.""",1.0,0.2,1.0,"[[""3f8a5ea0e051ba3af7a02da340c911fe0970ebece6c852c3e61a10c00cac6d6e"", 18], [""443e04bc1a78940b3fcd5438d24b6c5f182a276d354a3108e738b193675de032"", 1], [""443e04bc1a78940b3fcd5438d24b6c5f182a276d354a3108e738b193675de032"", 2], [""d32e76d495ac7d855d805fb71682b98d254520e3799aa4529ebc983212648335"", 1], [""d32e76d495ac7d855d805fb71682b98d254520e3799aa4529ebc983212648335"", 10]]","[[""443e04bc1a78940b3fcd5438d24b6c5f182a276d354a3108e738b193675de032"", 1]]",True,"The answer matches the ruling on the first page: the application was dismissed and the Claimant was ordered to bear its own costs. It is slightly less specific than the reference because it omits that the application was for a Default Costs Certificate, but it is still factually aligned and responsive."
mixed-R4,30040cc854022341de6bb9ee7dc3e932d540666a1addda4750bf974ce9d9292f,Which case has an earlier Date of Issue: CFI 016/2025 or ENF 269/2023?,name,"""ENF 269/2023""","""ENF 269/2023""",1.0,0.0,0.0,"[[""1a255edc261961ec64870466a27ac4e25b5ebc2abe298e1b69f8dd2fc27288f6"", 2], [""437568a801115019fe8278385c0484bdf07ab86f9a499ecaba2b7969b37c764b"", 15], [""5d3df6d69fac3ef91e13ac835b43a35e9e434fbc7e72ea5c01e288d69b66e6a2"", 1], [""6248961b681ea0deb189f354be0c8286f35974dcdb211c13c921c3dd0e566a6e"", 1], [""bd2d222ee0a636a745434cfb457321cd658db5bb32b5f0a3f5643236cc1503d8"", 3]]","[[""5d3df6d69fac3ef91e13ac835b43a35e9e434fbc7e72ea5c01e288d69b66e6a2"", 3], [""6248961b681ea0deb189f354be0c8286f35974dcdb211c13c921c3dd0e566a6e"", 2]]",False,
mixed-R4,33060f268efcac79c65cd3e0a39bc0f7d91d9bb1802bc2e08bfa43ec5a5cd355,"According to Article 16(1) of the Operating Law 2018, what document must every Registered Person file with the Registrar at the same time as applying for Licence renewal?",name,"""Confirmation Statement""","""Confirmation Statement""",1.0,0.25,1.0,"[[""72ea171147bf30326fe6fd2e6798f607c7cef4bf9d43761dbccd2f1b6a356849"", 8], [""72ea171147bf30326fe6fd2e6798f607c7cef4bf9d43761dbccd2f1b6a356849"", 9], [""72ea171147bf30326fe6fd2e6798f607c7cef4bf9d43761dbccd2f1b6a356849"", 11], [""72ea171147bf30326fe6fd2e6798f607c7cef4bf9d43761dbccd2f1b6a356849"", 19]]","[[""72ea171147bf30326fe6fd2e6798f607c7cef4bf9d43761dbccd2f1b6a356849"", 11]]",False,
mixed-R4,0149374f1699ab209f6169cffcdd94f45072fca07fbf7a580720760f5c32f658,"Under Article 11(2)(b) of the Employment Law 2019, can an Employee waive any right under this Law by entering into a written agreement with their Employer to terminate employment, provided they were given an opportunity to receive independent legal advice or took part in mediation?",boolean,true,true,1.0,0.25,1.0,"[[""33bc02044716acdfedb164b065bdaec098aaadcae863c591f9931c88e7307d16"", 4], [""33bc02044716acdfedb164b065bdaec098aaadcae863c591f9931c88e7307d16"", 5], [""33bc02044716acdfedb164b065bdaec098aaadcae863c591f9931c88e7307d16"", 6], [""33bc02044716acdfedb164b065bdaec098aaadcae863c591f9931c88e7307d16"", 7]]","[[""33bc02044716acdfedb164b065bdaec098aaadcae863c591f9931c88e7307d16"", 7]]",True,
mixed-R4,5c3ca60614572a117bb7436e202cb32249c186ad8c5526b35a3556b54ff425b7,Which case has an earlier Date of Issue: CA 004/2025 or SCT 295/2025?,name,"""CA 004/2025""","""CA 004/2025""",1.0,0.25,0.5,"[[""09660f78c26cd56c08c7253ed21ba01fb246092f482ccd8acd8e6f9b6fd2d917"", 1], [""09660f78c26cd56c08c7253ed21ba01fb246092f482ccd8acd8e6f9b6fd2d917"", 2], [""78ffe994cdc61ce6a2a6937c79fc52751bb5d2b4eaa4019f088fbccf70569c26"", 1], [""f4c4d051d514270964adcf58e124569e396602340b7d9172671759de10a95897"", 2]]","[[""09660f78c26cd56c08c7253ed21ba01fb246092f482ccd8acd8e6f9b6fd2d917"", 2], [""78ffe994cdc61ce6a2a6937c79fc52751bb5d2b4eaa4019f088fbccf70569c26"", 2]]",True,
mixed-R4,52e9e31a6d7a80a597147115b3d38065da495a41e7c11e797d0a190c9a580bcf,What was the outcome of the specific order or application described in case SCT 295/2025?,free_text,"""There is no information on this question in the provided documents.""","""The permission to appeal application was refused, and there was no order as to costs.""",0.4,0.0,0.0,"[[""09660f78c26cd56c08c7253ed21ba01fb246092f482ccd8acd8e6f9b6fd2d917"", 1], [""1a255edc261961ec64870466a27ac4e25b5ebc2abe298e1b69f8dd2fc27288f6"", 75], [""3a574fc4f0baa5ec7ff0dcc822d7c55e4f9c493c24addc217c8df3d848c16fa5"", 1], [""437568a801115019fe8278385c0484bdf07ab86f9a499ecaba2b7969b37c764b"", 5], [""437568a801115019fe8278385c0484bdf07ab86f9a499ecaba2b7969b37c764b"", 10], [""5d3df6d69fac3ef91e13ac835b43a35e9e434fbc7e72ea5c01e288d69b66e6a2"", 5], [""d32e76d495ac7d855d805fb71682b98d254520e3799aa4529ebc983212648335"", 3]]","[[""09660f78c26cd56c08c7253ed21ba01fb246092f482ccd8acd8e6f9b6fd2d917"", 2]]",False,"The submission does not answer the question: the reference says the permission to appeal application was refused and there was no order as to costs. It is grounded as an abstention because the provided evidence does not actually show the outcome, but the confidence is too high for such a non-answer."
mixed-R4,fdeb03aecacff6f7d78a86ff22a13e95abe014855c18282b142d6ad1f46daa0a,Review the full case files for DEC 001/2025 and TCD 001/2024 — did any judge preside over proceedings in both cases?,boolean,null,false,0.0,0.5,0.5,"[[""0471e83c1ea18086cfb6b3ff51da6f22b0efee337f10315b2593f782297ccb84"", 1], [""1a255edc261961ec64870466a27ac4e25b5ebc2abe298e1b69f8dd2fc27288f6"", 1], [""1a255edc261961ec64870466a27ac4e25b5ebc2abe298e1b69f8dd2fc27288f6"", 8], [""62930da32fa3172edf2f2bbf3da268455bd99a7b5fab34d72358730d8cd5da30"", 1], [""839de9798f377492eee68f82b202d7cd3544be83d799f6226a02f3678c9bb914"", 7], [""c98c1475692bc22f4abab6a7a7d7969467c94e46a7e68919aaf127179ebf3f54"", 1]]","[[""0471e83c1ea18086cfb6b3ff51da6f22b0efee337f10315b2593f782297ccb84"", 1], [""1a255edc261961ec64870466a27ac4e25b5ebc2abe298e1b69f8dd2fc27288f6"", 2], [""3f8a5ea0e051ba3af7a02da340c911fe0970ebece6c852c3e61a10c00cac6d6e"", 1], [""62930da32fa3172edf2f2bbf3da268455bd99a7b5fab34d72358730d8cd5da30"", 1], [""839de9798f377492eee68f82b202d7cd3544be83d799f6226a02f3678c9bb914"", 1], [""c98c1475692bc22f4abab6a7a7d7969467c94e46a7e68919aaf127179ebf3f54"", 1]]",False,
mixed-R4,eeffebf44c689e60729c466dd3fda5e7c2731c84220464c1808ef661452d1de0,"According to the Conclusion section of case CA 009/2024, how did the Court of Appeal rule, and what costs were awarded?",free_text,"""In the Conclusion section, the Court of Appeal made a costs award in favour of the Appellant, fixing those costs at 50% of the amount claimed, namely USD 60,541.25.""","""The Court of Appeal allowed the appeal to the extent shown in its order, restored the amended Second Part 50 order against Ms Onita, dismissed the appeal as to Mr Oron, and awarded the appellant USD 60,541.25 in costs.""",0.6,0.16666666666666666,1.0,"[[""3f8a5ea0e051ba3af7a02da340c911fe0970ebece6c852c3e61a10c00cac6d6e"", 18], [""6248961b681ea0deb189f354be0c8286f35974dcdb211c13c921c3dd0e566a6e"", 2], [""6248961b681ea0deb189f354be0c8286f35974dcdb211c13c921c3dd0e566a6e"", 6], [""78ffe994cdc61ce6a2a6937c79fc52751bb5d2b4eaa4019f088fbccf70569c26"", 1], [""bd2d222ee0a636a745434cfb457321cd658db5bb32b5f0a3f5643236cc1503d8"", 1], [""bd2d222ee0a636a745434cfb457321cd658db5bb32b5f0a3f5643236cc1503d8"", 14]]","[[""bd2d222ee0a636a745434cfb457321cd658db5bb32b5f0a3f5643236cc1503d8"", 14]]",True,"The costs figure is correct and supported, but the answer omits the actual ruling on the appeal (allowed in part, restored the amended Second Part 50 order against Ms Onita, and dismissed as to Mr Oron). Its confidence is a bit too high given that omission."
mixed-R4,6c32a091c7108047fabbea4f78137837d79c46a5a864963872cb7035ea9cce0f,What was the claim value in AED referenced in the appeal judgment CA 005/2025?,number,4200000,405351504,0.0,0.0,0.0,"[[""09660f78c26cd56c08c7253ed21ba01fb246092f482ccd8acd8e6f9b6fd2d917"", 5], [""6248961b681ea0deb189f354be0c8286f35974dcdb211c13c921c3dd0e566a6e"", 1], [""6248961b681ea0deb189f354be0c8286f35974dcdb211c13c921c3dd0e566a6e"", 5], [""6248961b681ea0deb189f354be0c8286f35974dcdb211c13c921c3dd0e566a6e"", 6], [""6248961b681ea0deb189f354be0c8286f35974dcdb211c13c921c3dd0e566a6e"", 7], [""62930da32fa3172edf2f2bbf3da268455bd99a7b5fab34d72358730d8cd5da30"", 3], [""78ffe994cdc61ce6a2a6937c79fc52751bb5d2b4eaa4019f088fbccf70569c26"", 1], [""f4c4d051d514270964adcf58e124569e396602340b7d9172671759de10a95897"", 2]]","[[""437568a801115019fe8278385c0484bdf07ab86f9a499ecaba2b7969b37c764b"", 3]]",False,
mixed-R4,f564b1fd7332944fa826e3af69330b53e8fed018c370dde5b57a8e338d4ecd62,"Between CFI 016/2025 and CFI 057/2025, which document has the earlier issue date?",name,"""CFI 057/2025""","""CFI 057/2025""",1.0,0.4,1.0,"[[""1b446e196b4d1752241c8ff689a31ea705e98ad0c16b9d343c303664f72b64a1"", 1], [""3a574fc4f0baa5ec7ff0dcc822d7c55e4f9c493c24addc217c8df3d848c16fa5"", 1], [""6248961b681ea0deb189f354be0c8286f35974dcdb211c13c921c3dd0e566a6e"", 1], [""62930da32fa3172edf2f2bbf3da268455bd99a7b5fab34d72358730d8cd5da30"", 1], [""839de9798f377492eee68f82b202d7cd3544be83d799f6226a02f3678c9bb914"", 33]]","[[""1b446e196b4d1752241c8ff689a31ea705e98ad0c16b9d343c303664f72b64a1"", 1], [""6248961b681ea0deb189f354be0c8286f35974dcdb211c13c921c3dd0e566a6e"", 1]]",True,
mixed-R4,b31a702f36e2c43e845e13f160ebc35d3d6ea27eb66a351561a94f0ce56b8667,"According to Article 13 of the Employment Law 2019, can an Employer employ a child who is under sixteen years of age?",boolean,false,false,1.0,0.2,1.0,"[[""33bc02044716acdfedb164b065bdaec098aaadcae863c591f9931c88e7307d16"", 4], [""33bc02044716acdfedb164b065bdaec098aaadcae863c591f9931c88e7307d16"", 5], [""33bc02044716acdfedb164b065bdaec098aaadcae863c591f9931c88e7307d16"", 6], [""33bc02044716acdfedb164b065bdaec098aaadcae863c591f9931c88e7307d16"", 7], [""33bc02044716acdfedb164b065bdaec098aaadcae863c591f9931c88e7307d16"", 44]]","[[""33bc02044716acdfedb164b065bdaec098aaadcae863c591f9931c88e7307d16"", 7]]",True,
mixed-R4,b13500141f04c86f328b49c56ba01c7bc13bce5afee9646860912718291a5c1a,"According to Article 7(3)(j) of the Operating Law 2018, can the Registrar delegate its functions and powers to officers or employees of the DIFCA without the approval of the Board of Directors of the DIFCA?",boolean,true,true,1.0,0.25,1.0,"[[""72ea171147bf30326fe6fd2e6798f607c7cef4bf9d43761dbccd2f1b6a356849"", 3], [""72ea171147bf30326fe6fd2e6798f607c7cef4bf9d43761dbccd2f1b6a356849"", 6], [""72ea171147bf30326fe6fd2e6798f607c7cef4bf9d43761dbccd2f1b6a356849"", 29], [""fbdd7f9dd299d83b1f398778da2e6765dfaaed62005667264734a1f76ec09071"", 6]]","[[""72ea171147bf30326fe6fd2e6798f607c7cef4bf9d43761dbccd2f1b6a356849"", 6]]",False,
mixed-R4,43f77ed8a37c7af9b3e52b0532c593c768f8f1159db9b9ca717a700d6b0a47f9,"From the header/caption section of each document in case TCD 001/2024, identify all parties listed as Claimant.",names,"[""Architeriors Interior Design (L.L.C)""]","[""ARCHITERIORS INTERIOR DESIGN (L.L.C)""]",1.0,0.75,1.0,"[[""0471e83c1ea18086cfb6b3ff51da6f22b0efee337f10315b2593f782297ccb84"", 1], [""62930da32fa3172edf2f2bbf3da268455bd99a7b5fab34d72358730d8cd5da30"", 1], [""839de9798f377492eee68f82b202d7cd3544be83d799f6226a02f3678c9bb914"", 5], [""c98c1475692bc22f4abab6a7a7d7969467c94e46a7e68919aaf127179ebf3f54"", 1]]","[[""0471e83c1ea18086cfb6b3ff51da6f22b0efee337f10315b2593f782297ccb84"", 1], [""62930da32fa3172edf2f2bbf3da268455bd99a7b5fab34d72358730d8cd5da30"", 1], [""c98c1475692bc22f4abab6a7a7d7969467c94e46a7e68919aaf127179ebf3f54"", 1]]",False,
mixed-R4,12eaaba41338f13b21be7ab9fa1d754390b7aab512e9f33ea7184cc2b2f54d86,Is there a judge who presided over both case CA 004/2025 and case CFI 010/2024?,boolean,false,false,1.0,0.4,1.0,"[[""03b621728fe29eb6113fcdb57f6458d793fd2d5c5b833ae26d40f04a29c85359"", 1], [""1a255edc261961ec64870466a27ac4e25b5ebc2abe298e1b69f8dd2fc27288f6"", 2], [""443e04bc1a78940b3fcd5438d24b6c5f182a276d354a3108e738b193675de032"", 1], [""443e04bc1a78940b3fcd5438d24b6c5f182a276d354a3108e738b193675de032"", 2], [""78ffe994cdc61ce6a2a6937c79fc52751bb5d2b4eaa4019f088fbccf70569c26"", 1]]","[[""443e04bc1a78940b3fcd5438d24b6c5f182a276d354a3108e738b193675de032"", 1], [""78ffe994cdc61ce6a2a6937c79fc52751bb5d2b4eaa4019f088fbccf70569c26"", 1]]",True,
mixed-R4,1097af38db84c4d507357bfbdcbbcc1de60a0ccb10752bad8091a75b8f53eb5c,What is the minimum period for which a DIFC-incorporated General Partnership and a DIFC-incorporated Limited Liability Partnership must preserve their accounting records?,free_text,"""Both a DIFC-incorporated General Partnership and a DIFC-incorporated Limited Liability Partnership must preserve their accounting records for at least six (6) years from the date they were created.""","""Both must preserve their accounting records for at least six years from the date they were created.""",1.0,0.4,1.0,"[[""22442c5ee999e2519c68de908be511875a84f2b810ed540c2dcfcbcc65031434"", 2], [""302a0bd8d67775e8dc5960ecec7879be566300d8b32c4b0153ba15ebdb279425"", 2], [""302a0bd8d67775e8dc5960ecec7879be566300d8b32c4b0153ba15ebdb279425"", 7], [""b82ac8228e051d96bf8d706d3251893ebff1c9457b066fce3b7cb99af956f2a7"", 2], [""b82ac8228e051d96bf8d706d3251893ebff1c9457b066fce3b7cb99af956f2a7"", 13]]","[[""302a0bd8d67775e8dc5960ecec7879be566300d8b32c4b0153ba15ebdb279425"", 7], [""b82ac8228e051d96bf8d706d3251893ebff1c9457b066fce3b7cb99af956f2a7"", 13]]",False,
mixed-R4,0a414e1d999bcde13b5dac055194ed52527555ac577946acef75372eaad360fa,What did the jury decide in case ENF 269/2023?,free_text,"""In ENF 269/2023, the court recognized the DIFC-LCIA awards as binding and ordered that they be enforced in the same manner as a judgment of the DIFC Courts.""","""There is no information on this question in the provided documents.""",0.2,,,"[[""3a574fc4f0baa5ec7ff0dcc822d7c55e4f9c493c24addc217c8df3d848c16fa5"", 3], [""536bbce854b9406cc22697e04fcdabd645e030c0e55b918252643b00e0b2b25f"", 20], [""5d3df6d69fac3ef91e13ac835b43a35e9e434fbc7e72ea5c01e288d69b66e6a2"", 1], [""839de9798f377492eee68f82b202d7cd3544be83d799f6226a02f3678c9bb914"", 3], [""bd2d222ee0a636a745434cfb457321cd658db5bb32b5f0a3f5643236cc1503d8"", 1], [""bd2d222ee0a636a745434cfb457321cd658db5bb32b5f0a3f5643236cc1503d8"", 3], [""c98c1475692bc22f4abab6a7a7d7969467c94e46a7e68919aaf127179ebf3f54"", 11]]",[],False,"The reference says there is no information available, so the answer should have abstained. Instead it gives a substantive answer about the court’s order, and it does not answer the question about a jury decision."
mixed-R4,146567e3d096312584103b24983e3ff8e904e4ec5dea993d9774d24fef15fce7,"According to Article 14(2)(b) of the General Partnership Law 2004, how many years must a Recognised Partnership's Accounting Records be preserved?",number,6,6,1.0,0.3333333333333333,1.0,"[[""302a0bd8d67775e8dc5960ecec7879be566300d8b32c4b0153ba15ebdb279425"", 6], [""302a0bd8d67775e8dc5960ecec7879be566300d8b32c4b0153ba15ebdb279425"", 7], [""b82ac8228e051d96bf8d706d3251893ebff1c9457b066fce3b7cb99af956f2a7"", 18]]","[[""302a0bd8d67775e8dc5960ecec7879be566300d8b32c4b0153ba15ebdb279425"", 6]]",False,
mixed-R4,81d5652bd7e7518381629876f05fdded589e1acc60c8e93aae54488d23493214,Is there a judge who presided over both case ARB 034/2025 and case CFI 067/2025?,boolean,true,true,1.0,0.6666666666666666,1.0,"[[""1a255edc261961ec64870466a27ac4e25b5ebc2abe298e1b69f8dd2fc27288f6"", 2], [""58eae81bf668e7f6c58619f419a49b5e35e2e5c9c7475475ace28ec562580545"", 1], [""897ab23ed5a70034d3d708d871ad1da8bc7b6608d94b1ca46b5d578d985d3c13"", 1]]","[[""58eae81bf668e7f6c58619f419a49b5e35e2e5c9c7475475ace28ec562580545"", 1], [""897ab23ed5a70034d3d708d871ad1da8bc7b6608d94b1ca46b5d578d985d3c13"", 1]]",True,
mixed-R4,ca8aebcc86f2b1ea064a28736c67b04357474bcf1128890991c73a237091638a,"Under Article 10(3) of the Operating Law 2018, how many days does a Registered Person have to change its name if it becomes misleading, deceptive, or conflicting?",number,30,30,1.0,0.3333333333333333,1.0,"[[""72ea171147bf30326fe6fd2e6798f607c7cef4bf9d43761dbccd2f1b6a356849"", 9], [""72ea171147bf30326fe6fd2e6798f607c7cef4bf9d43761dbccd2f1b6a356849"", 10], [""72ea171147bf30326fe6fd2e6798f607c7cef4bf9d43761dbccd2f1b6a356849"", 11]]","[[""72ea171147bf30326fe6fd2e6798f607c7cef4bf9d43761dbccd2f1b6a356849"", 9]]",False,
mixed-R4,d9d27c9cace6eafd11dbb349244e0443e16c8cc0efdf516514cc945135e1a597,"Between ARB 034/2025 and SCT 295/2025, which was issued first?",name,"""SCT 295/2025""","""SCT 295/2025""",1.0,0.0,0.0,"[[""09660f78c26cd56c08c7253ed21ba01fb246092f482ccd8acd8e6f9b6fd2d917"", 1], [""3a574fc4f0baa5ec7ff0dcc822d7c55e4f9c493c24addc217c8df3d848c16fa5"", 1], [""58eae81bf668e7f6c58619f419a49b5e35e2e5c9c7475475ace28ec562580545"", 1]]","[[""09660f78c26cd56c08c7253ed21ba01fb246092f482ccd8acd8e6f9b6fd2d917"", 2], [""58eae81bf668e7f6c58619f419a49b5e35e2e5c9c7475475ace28ec562580545"", 2]]",True,
mixed-R4,be35b591e2e2383879988055e11ebf31df0e145903e04b4e0c6fca1786ff634d,"According to the 'IT IS HEREBY ORDERED THAT' section of arbitration case ARB 034/2025, what did the court decide?",free_text,"""There is no information on this question in the provided documents.""","""The ASI Order was discharged, the Defendant's Set Aside Application was granted, and the Claimant was ordered to pay the Defendant's costs, with a costs statement due within 5 days.""",0.2,0.2,1.0,"[[""09660f78c26cd56c08c7253ed21ba01fb246092f482ccd8acd8e6f9b6fd2d917"", 2], [""3a574fc4f0baa5ec7ff0dcc822d7c55e4f9c493c24addc217c8df3d848c16fa5"", 2], [""58eae81bf668e7f6c58619f419a49b5e35e2e5c9c7475475ace28ec562580545"", 1], [""58eae81bf668e7f6c58619f419a49b5e35e2e5c9c7475475ace28ec562580545"", 2], [""c98c1475692bc22f4abab6a7a7d7969467c94e46a7e68919aaf127179ebf3f54"", 1]]","[[""58eae81bf668e7f6c58619f419a49b5e35e2e5c9c7475475ace28ec562580545"", 2]]",True,"Correctness: the reference provides a specific set of orders, so saying there is no information is wrong. Completeness: it does not identify the discharge of the ASI Order, the granted set-aside application, or the costs order. Grounding: the claim that the documents contain no information is not supported by the supplied evidence. Confidence calibration: 0.95 is not appropriate for an incorrect/non-responsive answer. Clarity and relevance: the response is clear, concise, and on topic, even though it is unhelpful."
mixed-R4,8bf189fe861d79f2e2dfb2e9126fe590c41f6034afc0ee1ef5aefa61202b9d01,"Based on all documents in case CFI 010/2024 and case DEC 001/2025, did any judge appear in both cases?",boolean,false,false,1.0,0.5,0.75,"[[""1a255edc261961ec64870466a27ac4e25b5ebc2abe298e1b69f8dd2fc27288f6"", 2], [""1a255edc261961ec64870466a27ac4e25b5ebc2abe298e1b69f8dd2fc27288f6"", 7], [""3a574fc4f0baa5ec7ff0dcc822d7c55e4f9c493c24addc217c8df3d848c16fa5"", 1], [""3f8a5ea0e051ba3af7a02da340c911fe0970ebece6c852c3e61a10c00cac6d6e"", 1], [""443e04bc1a78940b3fcd5438d24b6c5f182a276d354a3108e738b193675de032"", 1], [""839de9798f377492eee68f82b202d7cd3544be83d799f6226a02f3678c9bb914"", 7]]","[[""1a255edc261961ec64870466a27ac4e25b5ebc2abe298e1b69f8dd2fc27288f6"", 2], [""3f8a5ea0e051ba3af7a02da340c911fe0970ebece6c852c3e61a10c00cac6d6e"", 1], [""443e04bc1a78940b3fcd5438d24b6c5f182a276d354a3108e738b193675de032"", 1], [""839de9798f377492eee68f82b202d7cd3544be83d799f6226a02f3678c9bb914"", 1]]",True,
mixed-R4,c9f0dd67c60a88de9c2c38956f2ffd7b394eb4d7568c73d1869b4182480faf64,"According to the 'IT IS HEREBY ORDERED THAT' section of case SCT 454/2024, what was the outcome of the application for permission to appeal?",free_text,"""The application for permission to appeal was refused.""","""The application for permission to appeal was refused.""",1.0,0.125,1.0,"[[""09660f78c26cd56c08c7253ed21ba01fb246092f482ccd8acd8e6f9b6fd2d917"", 2], [""09660f78c26cd56c08c7253ed21ba01fb246092f482ccd8acd8e6f9b6fd2d917"", 8], [""1b446e196b4d1752241c8ff689a31ea705e98ad0c16b9d343c303664f72b64a1"", 2], [""3a574fc4f0baa5ec7ff0dcc822d7c55e4f9c493c24addc217c8df3d848c16fa5"", 2], [""6306079a16b1dec85690f75c715cdbd78b0685a3e19ee30250d481bc32f2e29a"", 4], [""f4c4d051d514270964adcf58e124569e396602340b7d9172671759de10a95897"", 1], [""f4c4d051d514270964adcf58e124569e396602340b7d9172671759de10a95897"", 2], [""f4c4d051d514270964adcf58e124569e396602340b7d9172671759de10a95897"", 3]]","[[""f4c4d051d514270964adcf58e124569e396602340b7d9172671759de10a95897"", 1]]",False,The answer matches the reference and is directly supported by the quoted order stating that the application was refused.
mixed-R4,84a7c3564026e528c0a5e6a86a72447b4be016d6aa26ce5ce87843c58a975629,What was the plea bargain in case ARB 034/2025?,free_text,"""There is no information on this question in the provided documents.""","""There is no information on this question in the provided documents.""",1.0,,,"[[""1b446e196b4d1752241c8ff689a31ea705e98ad0c16b9d343c303664f72b64a1"", 3], [""58eae81bf668e7f6c58619f419a49b5e35e2e5c9c7475475ace28ec562580545"", 1]]",[],False,The submission matches the reference and appropriately abstains because the provided documents do not contain information about any plea bargain in case ARB 034/2025.
mixed-R4,b9e824da7bc69fa5b2f4e989a4d591d9c5196362cc985f70a9c29e6f710ea817,"According to the 'IT IS HEREBY ORDERED THAT' section of case CFI 092/2024, what was the outcome of the Defendants' application?",free_text,"""The Defendants' application was granted.""","""The Defendants' immediate judgment application was dismissed, and the claim will proceed to trial alongside the main issues.""",0.2,0.0,0.0,"[[""58eae81bf668e7f6c58619f419a49b5e35e2e5c9c7475475ace28ec562580545"", 2], [""58eae81bf668e7f6c58619f419a49b5e35e2e5c9c7475475ace28ec562580545"", 4], [""bd2d222ee0a636a745434cfb457321cd658db5bb32b5f0a3f5643236cc1503d8"", 2], [""bd2d222ee0a636a745434cfb457321cd658db5bb32b5f0a3f5643236cc1503d8"", 5], [""d32e76d495ac7d855d805fb71682b98d254520e3799aa4529ebc983212648335"", 1]]","[[""d32e76d495ac7d855d805fb71682b98d254520e3799aa4529ebc983212648335"", 2]]",False,"The answer is incorrect: the order states the Defendants’ immediate judgment application was dismissed, not granted, and the claim proceeds to trial alongside the main issues. It is also incomplete because it omits that further step. The stated confidence is too high for the wrong outcome, and the answer is not supported by the supplied evidence."
mixed-R4,3ab3489605bc64891f36d9f3c7cf9c8608d08163b8673db41aa359097786b4bc,"According to Article 12(4) of the Common Reporting Standard Law 2018, for how many years must records be retained by Reporting Financial Institutions after the date of reporting the information?",number,6,6,1.0,0.25,1.0,"[[""fbdd7f9dd299d83b1f398778da2e6765dfaaed62005667264734a1f76ec09071"", 3], [""fbdd7f9dd299d83b1f398778da2e6765dfaaed62005667264734a1f76ec09071"", 7], [""fbdd7f9dd299d83b1f398778da2e6765dfaaed62005667264734a1f76ec09071"", 16], [""fbdd7f9dd299d83b1f398778da2e6765dfaaed62005667264734a1f76ec09071"", 17]]","[[""fbdd7f9dd299d83b1f398778da2e6765dfaaed62005667264734a1f76ec09071"", 7]]",False,
mixed-R4,ec0aa6992207b818c06e57dd28b08dad22ba2de3bd9e81a9a222e2fba9814406,Who are listed as the claimants in the case documents for SCT 454/2024?,names,"[""OLETA""]","[""Oleta""]",1.0,0.14285714285714285,1.0,"[[""09660f78c26cd56c08c7253ed21ba01fb246092f482ccd8acd8e6f9b6fd2d917"", 1], [""3a574fc4f0baa5ec7ff0dcc822d7c55e4f9c493c24addc217c8df3d848c16fa5"", 2], [""58eae81bf668e7f6c58619f419a49b5e35e2e5c9c7475475ace28ec562580545"", 1], [""62930da32fa3172edf2f2bbf3da268455bd99a7b5fab34d72358730d8cd5da30"", 1], [""839de9798f377492eee68f82b202d7cd3544be83d799f6226a02f3678c9bb914"", 5], [""d32e76d495ac7d855d805fb71682b98d254520e3799aa4529ebc983212648335"", 8], [""f4c4d051d514270964adcf58e124569e396602340b7d9172671759de10a95897"", 1]]","[[""f4c4d051d514270964adcf58e124569e396602340b7d9172671759de10a95897"", 1]]",False,
mixed-R4,e9b7a25f2bca575390d55244471366612a7698321f47c4f1eb28724c8448ef7d,Was the same judge involved in both case CFI 010/2024 and case CFI 016/2025?,boolean,false,false,1.0,0.5,1.0,"[[""1a255edc261961ec64870466a27ac4e25b5ebc2abe298e1b69f8dd2fc27288f6"", 2], [""443e04bc1a78940b3fcd5438d24b6c5f182a276d354a3108e738b193675de032"", 1], [""443e04bc1a78940b3fcd5438d24b6c5f182a276d354a3108e738b193675de032"", 2], [""6248961b681ea0deb189f354be0c8286f35974dcdb211c13c921c3dd0e566a6e"", 1]]","[[""443e04bc1a78940b3fcd5438d24b6c5f182a276d354a3108e738b193675de032"", 1], [""6248961b681ea0deb189f354be0c8286f35974dcdb211c13c921c3dd0e566a6e"", 1]]",True,
mixed-R4,d6eb4a640e0ad690e92c1463e15f5394d36d8f5bb407f0fa4d7413c456c7a5bd,"Under Article 11(1) of the Employment Law 2019, is a provision in an agreement to waive minimum employment requirements void in all circumstances, except where expressly permitted by the Law?",boolean,true,true,1.0,0.25,1.0,"[[""33bc02044716acdfedb164b065bdaec098aaadcae863c591f9931c88e7307d16"", 4], [""33bc02044716acdfedb164b065bdaec098aaadcae863c591f9931c88e7307d16"", 5], [""33bc02044716acdfedb164b065bdaec098aaadcae863c591f9931c88e7307d16"", 6], [""33bc02044716acdfedb164b065bdaec098aaadcae863c591f9931c88e7307d16"", 7]]","[[""33bc02044716acdfedb164b065bdaec098aaadcae863c591f9931c88e7307d16"", 7]]",True,
mixed-R4,88f62d095220495f4a36b31f9f976e726aea7b53f6aead57084c6d8b36dc9814,Which case was issued earlier by the Court of First Instance: CFI 057/2025 or CFI 067/2025?,name,"""CFI 057/2025""","""CFI 057/2025""",1.0,0.0,0.0,"[[""1a255edc261961ec64870466a27ac4e25b5ebc2abe298e1b69f8dd2fc27288f6"", 2], [""1b446e196b4d1752241c8ff689a31ea705e98ad0c16b9d343c303664f72b64a1"", 1], [""6248961b681ea0deb189f354be0c8286f35974dcdb211c13c921c3dd0e566a6e"", 1], [""897ab23ed5a70034d3d708d871ad1da8bc7b6608d94b1ca46b5d578d985d3c13"", 1]]","[[""1b446e196b4d1752241c8ff689a31ea705e98ad0c16b9d343c303664f72b64a1"", 2], [""897ab23ed5a70034d3d708d871ad1da8bc7b6608d94b1ca46b5d578d985d3c13"", 2]]",True,
mixed-R4,dd736c7955429054fc55ea9eb55b96d3feb13e410f27a25651eefe5ecb536575,Which case has an earlier Date of Issue: ENF 269/2023 or SCT 169/2025?,name,"""ENF 269/2023""","""ENF 269/2023""",1.0,0.0,0.0,"[[""09660f78c26cd56c08c7253ed21ba01fb246092f482ccd8acd8e6f9b6fd2d917"", 2], [""3a574fc4f0baa5ec7ff0dcc822d7c55e4f9c493c24addc217c8df3d848c16fa5"", 1], [""5d3df6d69fac3ef91e13ac835b43a35e9e434fbc7e72ea5c01e288d69b66e6a2"", 1], [""f4c4d051d514270964adcf58e124569e396602340b7d9172671759de10a95897"", 2]]","[[""3a574fc4f0baa5ec7ff0dcc822d7c55e4f9c493c24addc217c8df3d848c16fa5"", 2], [""5d3df6d69fac3ef91e13ac835b43a35e9e434fbc7e72ea5c01e288d69b66e6a2"", 3]]",True,
mixed-R4,84941458c4ade946dae84cf5ebc4abf362a6f6e6fec835ba5c43ad2d3b4b14d7,Is there any information about parole hearings in case CFI 057/2025?,free_text,"""No specific information about parole hearings appears in the provided documents. They only mention hearings generally in CFI 057/2025, including that the hearings on 13 and 14 May 2025 were vacated and that a 3-day hearing was set for 12 May 2025.""","""There is no information on this question in the provided documents.""",0.4,,,"[[""1a255edc261961ec64870466a27ac4e25b5ebc2abe298e1b69f8dd2fc27288f6"", 2], [""1a255edc261961ec64870466a27ac4e25b5ebc2abe298e1b69f8dd2fc27288f6"", 4], [""1b446e196b4d1752241c8ff689a31ea705e98ad0c16b9d343c303664f72b64a1"", 1], [""3f8a5ea0e051ba3af7a02da340c911fe0970ebece6c852c3e61a10c00cac6d6e"", 1], [""437568a801115019fe8278385c0484bdf07ab86f9a499ecaba2b7969b37c764b"", 13], [""839de9798f377492eee68f82b202d7cd3544be83d799f6226a02f3678c9bb914"", 19], [""839de9798f377492eee68f82b202d7cd3544be83d799f6226a02f3678c9bb914"", 33]]",[],False,"The response appropriately says there is no specific parole-hearing information, but it also adds an unsupported case-specific detail about a 3-day hearing set for 12 May 2025. That extra factual claim is not supported by the supplied evidence for CFI 057/2025, so correctness and grounding fail. The high confidence is also too strong given the unsupported detail."
mixed-R4,ff1b357588e9b5881ec9b1558ede2892e7cbf42a6787a1cbb922b45318f66778,"According to the title page of the DIFC Law on the Application of Civil and Commercial Laws, what is its official law number?",number,3,3,1.0,0.16666666666666666,1.0,"[[""33bc02044716acdfedb164b065bdaec098aaadcae863c591f9931c88e7307d16"", 1], [""ff746f7b583490a80ba104361c0a82a1ebbf7ed9097cd03dc49d744cb5057761"", 1], [""ff746f7b583490a80ba104361c0a82a1ebbf7ed9097cd03dc49d744cb5057761"", 2], [""ff746f7b583490a80ba104361c0a82a1ebbf7ed9097cd03dc49d744cb5057761"", 3], [""ff746f7b583490a80ba104361c0a82a1ebbf7ed9097cd03dc49d744cb5057761"", 4], [""ff746f7b583490a80ba104361c0a82a1ebbf7ed9097cd03dc49d744cb5057761"", 7]]","[[""ff746f7b583490a80ba104361c0a82a1ebbf7ed9097cd03dc49d744cb5057761"", 1]]",False,
mixed-R4,f2ea23e9f861379a5c049830b57dcb499d4e6ce51013e64d49722b5845139e22,"Under Article 22 of the Operating Law 2018, for how many years from the date the Registrar becomes aware of an act or omission can the Registrar exercise powers in respect of a former Registered Person removed from the Public Register?",number,3,3,1.0,0.25,1.0,"[[""72ea171147bf30326fe6fd2e6798f607c7cef4bf9d43761dbccd2f1b6a356849"", 2], [""72ea171147bf30326fe6fd2e6798f607c7cef4bf9d43761dbccd2f1b6a356849"", 15], [""72ea171147bf30326fe6fd2e6798f607c7cef4bf9d43761dbccd2f1b6a356849"", 22], [""72ea171147bf30326fe6fd2e6798f607c7cef4bf9d43761dbccd2f1b6a356849"", 23]]","[[""72ea171147bf30326fe6fd2e6798f607c7cef4bf9d43761dbccd2f1b6a356849"", 15]]",False,
mixed-R4,095cb50318776a3b8ef11769cd941775694c194924783ee31109c25e3306600e,Who is responsible for administering the Employment Law and any Regulations made under it?,free_text,"""The DIFCA.""","""The DIFCA administers the Employment Law and any Regulations made under it.""",1.0,0.2,1.0,"[[""22442c5ee999e2519c68de908be511875a84f2b810ed540c2dcfcbcc65031434"", 4], [""302a0bd8d67775e8dc5960ecec7879be566300d8b32c4b0153ba15ebdb279425"", 4], [""33bc02044716acdfedb164b065bdaec098aaadcae863c591f9931c88e7307d16"", 6], [""72ea171147bf30326fe6fd2e6798f607c7cef4bf9d43761dbccd2f1b6a356849"", 31], [""fbdd7f9dd299d83b1f398778da2e6765dfaaed62005667264734a1f76ec09071"", 4]]","[[""33bc02044716acdfedb164b065bdaec098aaadcae863c591f9931c88e7307d16"", 6]]",True,
mixed-R4,c2cf8224f1166780b25c77feede37101c514517ed61485c9ae31f6b1eb8c744b,Who administers the Foundations Law?,free_text,"""The Court.""","""The Registrar administers the Foundations Law.""",0.2,0.0,0.0,"[[""22442c5ee999e2519c68de908be511875a84f2b810ed540c2dcfcbcc65031434"", 1], [""22442c5ee999e2519c68de908be511875a84f2b810ed540c2dcfcbcc65031434"", 2], [""22442c5ee999e2519c68de908be511875a84f2b810ed540c2dcfcbcc65031434"", 18], [""22442c5ee999e2519c68de908be511875a84f2b810ed540c2dcfcbcc65031434"", 21], [""22442c5ee999e2519c68de908be511875a84f2b810ed540c2dcfcbcc65031434"", 25], [""22442c5ee999e2519c68de908be511875a84f2b810ed540c2dcfcbcc65031434"", 46], [""22442c5ee999e2519c68de908be511875a84f2b810ed540c2dcfcbcc65031434"", 47]]","[[""22442c5ee999e2519c68de908be511875a84f2b810ed540c2dcfcbcc65031434"", 4]]",False,"The reference says the Registrar administers the Foundations Law, not the Court. The answer is therefore incorrect and incomplete. The supplied evidence only mentions the Court’s role in administration, which does not support the claim that the Court administers the law. Confidence 0.6 is too high for an unsupported incorrect answer."
mixed-R4,cd69f5dfe06d2e7afac26c7b332ea925987864cc6730f90cce020d34d823abbe,What is the purpose of Article 9(1) of the Foundations Law?,free_text,"""There is no information on this question in the provided documents.""","""It empowers the DIFCA Board to make regulations to facilitate the administration of, or further the objects of, the Foundations Law.""",0.6,0.0,0.0,"[[""22442c5ee999e2519c68de908be511875a84f2b810ed540c2dcfcbcc65031434"", 1], [""22442c5ee999e2519c68de908be511875a84f2b810ed540c2dcfcbcc65031434"", 2], [""22442c5ee999e2519c68de908be511875a84f2b810ed540c2dcfcbcc65031434"", 5], [""22442c5ee999e2519c68de908be511875a84f2b810ed540c2dcfcbcc65031434"", 15], [""22442c5ee999e2519c68de908be511875a84f2b810ed540c2dcfcbcc65031434"", 18], [""22442c5ee999e2519c68de908be511875a84f2b810ed540c2dcfcbcc65031434"", 37], [""22442c5ee999e2519c68de908be511875a84f2b810ed540c2dcfcbcc65031434"", 46], [""22442c5ee999e2519c68de908be511875a84f2b810ed540c2dcfcbcc65031434"", 47]]","[[""22442c5ee999e2519c68de908be511875a84f2b810ed540c2dcfcbcc65031434"", 4]]",False,"Incorrect and incomplete: the reference answer says Article 9(1) empowers the DIFCA Board to make regulations to facilitate administration of, or further the objects of, the Foundations Law. The submission only abstains instead of providing that purpose."
mixed-R5,30ab0e56ee0c43b5bf94fd9657c7f7ac24f0e7be29ced2933437f7a234713cd7,"Under Article 8(1) of the Operating Law 2018, is a person permitted to operate or conduct business in or from the DIFC without being incorporated, registered, or continued under a Prescribed Law or other Legislation administered by the Registrar?",boolean,false,false,1.0,0.2,1.0,"[[""72ea171147bf30326fe6fd2e6798f607c7cef4bf9d43761dbccd2f1b6a356849"", 4], [""72ea171147bf30326fe6fd2e6798f607c7cef4bf9d43761dbccd2f1b6a356849"", 8], [""72ea171147bf30326fe6fd2e6798f607c7cef4bf9d43761dbccd2f1b6a356849"", 40], [""72ea171147bf30326fe6fd2e6798f607c7cef4bf9d43761dbccd2f1b6a356849"", 41], [""72ea171147bf30326fe6fd2e6798f607c7cef4bf9d43761dbccd2f1b6a356849"", 42]]","[[""72ea171147bf30326fe6fd2e6798f607c7cef4bf9d43761dbccd2f1b6a356849"", 8]]",False,
mixed-R5,331b267822eaa013b4a79d92f2ac5118052a57150df9a29d7d11c531f02d23cf,What is the Date of Issue of the document in case CFI 057/2025?,date,"""2026-02-02""","""2026-02-02""",1.0,0.0,0.0,"[[""1a255edc261961ec64870466a27ac4e25b5ebc2abe298e1b69f8dd2fc27288f6"", 2], [""1b446e196b4d1752241c8ff689a31ea705e98ad0c16b9d343c303664f72b64a1"", 1], [""3f8a5ea0e051ba3af7a02da340c911fe0970ebece6c852c3e61a10c00cac6d6e"", 3], [""437568a801115019fe8278385c0484bdf07ab86f9a499ecaba2b7969b37c764b"", 15], [""839de9798f377492eee68f82b202d7cd3544be83d799f6226a02f3678c9bb914"", 33], [""839de9798f377492eee68f82b202d7cd3544be83d799f6226a02f3678c9bb914"", 41]]","[[""1b446e196b4d1752241c8ff689a31ea705e98ad0c16b9d343c303664f72b64a1"", 2]]",True,
mixed-R5,5d271fced60d88e008a69adc2da21de427906206bfb49f5554a3bf1dd6f72772,"According to the title page of the Common Reporting Standard Law, what is its official DIFC Law number?",number,2,2,1.0,0.14285714285714285,1.0,"[[""22442c5ee999e2519c68de908be511875a84f2b810ed540c2dcfcbcc65031434"", 1], [""33bc02044716acdfedb164b065bdaec098aaadcae863c591f9931c88e7307d16"", 1], [""fbdd7f9dd299d83b1f398778da2e6765dfaaed62005667264734a1f76ec09071"", 1], [""fbdd7f9dd299d83b1f398778da2e6765dfaaed62005667264734a1f76ec09071"", 2], [""fbdd7f9dd299d83b1f398778da2e6765dfaaed62005667264734a1f76ec09071"", 3], [""fbdd7f9dd299d83b1f398778da2e6765dfaaed62005667264734a1f76ec09071"", 15], [""fbdd7f9dd299d83b1f398778da2e6765dfaaed62005667264734a1f76ec09071"", 16]]","[[""fbdd7f9dd299d83b1f398778da2e6765dfaaed62005667264734a1f76ec09071"", 1]]",False,
mixed-R5,358bf0caaa87ba7e11698c5e0bb230f5742c141f2da8a3e8969cee41ef0f7841,Do cases SCT 295/2025 and SCT 514/2025 involve any of the same legal entities or individuals as main parties?,boolean,false,false,1.0,0.6666666666666666,1.0,"[[""09660f78c26cd56c08c7253ed21ba01fb246092f482ccd8acd8e6f9b6fd2d917"", 1], [""3a574fc4f0baa5ec7ff0dcc822d7c55e4f9c493c24addc217c8df3d848c16fa5"", 1], [""6306079a16b1dec85690f75c715cdbd78b0685a3e19ee30250d481bc32f2e29a"", 1]]","[[""09660f78c26cd56c08c7253ed21ba01fb246092f482ccd8acd8e6f9b6fd2d917"", 1], [""6306079a16b1dec85690f75c715cdbd78b0685a3e19ee30250d481bc32f2e29a"", 1]]",True,
mixed-R5,bce4c288236518dfd08f6bac5a75c75ea79b1250347c4b998252fa9d7265a7c3,What kind of liability do Partners have under Article 28(1) of the General Partnership Law 2004?,free_text,"""Under Article 28(1), each Partner is jointly and severally liable with the other Partners for all debts and obligations of the General Partnership incurred while he is a Partner, unless otherwise agreed by all the other Partners.""","""Partners are jointly and severally liable with the other Partners for all debts and obligations of the General Partnership incurred while they are Partners.""",1.0,0.3333333333333333,1.0,"[[""302a0bd8d67775e8dc5960ecec7879be566300d8b32c4b0153ba15ebdb279425"", 2], [""302a0bd8d67775e8dc5960ecec7879be566300d8b32c4b0153ba15ebdb279425"", 10], [""302a0bd8d67775e8dc5960ecec7879be566300d8b32c4b0153ba15ebdb279425"", 11]]","[[""302a0bd8d67775e8dc5960ecec7879be566300d8b32c4b0153ba15ebdb279425"", 10]]",False,The answer matches the reference and is supported by the evidence. It correctly states that partners are jointly and severally liable for partnership debts and obligations incurred while they are partners.
mixed-R5,6863a7f4a5e76694620518758411bc743142897fa8077f2a73701b89fa2d0b0f,"Under the Foundations Law DIFC Law No. 3 of 2018, what is the maximum fine for failing to provide a copy of an assignment of rights to the Registered Agent or Registrar within 30 days?",free_text,"""The maximum fine is USD 1,500.""","""The maximum fine is USD 1,500.""",1.0,0.2857142857142857,1.0,"[[""22442c5ee999e2519c68de908be511875a84f2b810ed540c2dcfcbcc65031434"", 6], [""22442c5ee999e2519c68de908be511875a84f2b810ed540c2dcfcbcc65031434"", 14], [""22442c5ee999e2519c68de908be511875a84f2b810ed540c2dcfcbcc65031434"", 16], [""22442c5ee999e2519c68de908be511875a84f2b810ed540c2dcfcbcc65031434"", 26], [""22442c5ee999e2519c68de908be511875a84f2b810ed540c2dcfcbcc65031434"", 39], [""22442c5ee999e2519c68de908be511875a84f2b810ed540c2dcfcbcc65031434"", 41], [""22442c5ee999e2519c68de908be511875a84f2b810ed540c2dcfcbcc65031434"", 46]]","[[""22442c5ee999e2519c68de908be511875a84f2b810ed540c2dcfcbcc65031434"", 6], [""22442c5ee999e2519c68de908be511875a84f2b810ed540c2dcfcbcc65031434"", 46]]",False,"The answer matches the reference and is directly supported by Schedule 3, which lists the maximum fine for Article 10(7) as USD 1,500."
mixed-R5,150d4428704ea7ce7452509bda9c25f4d242b2395114ed0ed59388b87660f218,"Under the Operating Law - DIFC Law No. 7 of 2018, who is responsible for appointing and dismissing the Registrar?",free_text,"""The Board of Directors of the DIFCA is responsible for appointing the Registrar and may dismiss the Registrar, but it must consult the President before doing so.""","""The Board of Directors of the DIFCA appoints and may dismiss the Registrar, after consulting the President.""",1.0,0.2,1.0,"[[""302a0bd8d67775e8dc5960ecec7879be566300d8b32c4b0153ba15ebdb279425"", 22], [""72ea171147bf30326fe6fd2e6798f607c7cef4bf9d43761dbccd2f1b6a356849"", 1], [""72ea171147bf30326fe6fd2e6798f607c7cef4bf9d43761dbccd2f1b6a356849"", 5], [""72ea171147bf30326fe6fd2e6798f607c7cef4bf9d43761dbccd2f1b6a356849"", 40], [""b82ac8228e051d96bf8d706d3251893ebff1c9457b066fce3b7cb99af956f2a7"", 24]]","[[""72ea171147bf30326fe6fd2e6798f607c7cef4bf9d43761dbccd2f1b6a356849"", 5]]",False,All criteria met. The answer matches the reference and is directly supported by the cited Operating Law text.
mixed-R5,39890efe7db1258f568e838c284020a9fc79b8bf0deddab76fdf853c9b0171ed,Is there any main party common to both case CFI 057/2025 and case SCT 295/2025?,boolean,false,false,1.0,0.4,1.0,"[[""09660f78c26cd56c08c7253ed21ba01fb246092f482ccd8acd8e6f9b6fd2d917"", 1], [""1a255edc261961ec64870466a27ac4e25b5ebc2abe298e1b69f8dd2fc27288f6"", 2], [""1b446e196b4d1752241c8ff689a31ea705e98ad0c16b9d343c303664f72b64a1"", 1], [""3a574fc4f0baa5ec7ff0dcc822d7c55e4f9c493c24addc217c8df3d848c16fa5"", 1], [""839de9798f377492eee68f82b202d7cd3544be83d799f6226a02f3678c9bb914"", 6]]","[[""09660f78c26cd56c08c7253ed21ba01fb246092f482ccd8acd8e6f9b6fd2d917"", 1], [""1b446e196b4d1752241c8ff689a31ea705e98ad0c16b9d343c303664f72b64a1"", 1]]",True,
mixed-R5,acd0ddc6715f2bccf5076dc47e6874a8ecb782dd10c0b162071f890ad96bef47,"Between SCT 295/2025 and SCT 514/2025, which document has the earlier issue date?",name,"""SCT 295/2025""","""SCT 295/2025""",1.0,0.2,0.5,"[[""09660f78c26cd56c08c7253ed21ba01fb246092f482ccd8acd8e6f9b6fd2d917"", 1], [""09660f78c26cd56c08c7253ed21ba01fb246092f482ccd8acd8e6f9b6fd2d917"", 2], [""3a574fc4f0baa5ec7ff0dcc822d7c55e4f9c493c24addc217c8df3d848c16fa5"", 1], [""6306079a16b1dec85690f75c715cdbd78b0685a3e19ee30250d481bc32f2e29a"", 1], [""f4c4d051d514270964adcf58e124569e396602340b7d9172671759de10a95897"", 2]]","[[""09660f78c26cd56c08c7253ed21ba01fb246092f482ccd8acd8e6f9b6fd2d917"", 2], [""6306079a16b1dec85690f75c715cdbd78b0685a3e19ee30250d481bc32f2e29a"", 2]]",True,
mixed-R5,436c12cc4eb26087bd1540f5d47825712632e90b4d5b2bca6c52e3b26151f874,What was the result of the application heard in case CFI 057/2025?,free_text,"""There is no information on this question in the provided documents.""","""The Defendant's Permission to Appeal Application was refused, and the Defendant was ordered to pay the Claimant's costs of the application.""",0.2,0.0,0.0,"[[""1b446e196b4d1752241c8ff689a31ea705e98ad0c16b9d343c303664f72b64a1"", 1], [""437568a801115019fe8278385c0484bdf07ab86f9a499ecaba2b7969b37c764b"", 7], [""6248961b681ea0deb189f354be0c8286f35974dcdb211c13c921c3dd0e566a6e"", 1], [""839de9798f377492eee68f82b202d7cd3544be83d799f6226a02f3678c9bb914"", 17], [""839de9798f377492eee68f82b202d7cd3544be83d799f6226a02f3678c9bb914"", 19], [""839de9798f377492eee68f82b202d7cd3544be83d799f6226a02f3678c9bb914"", 33], [""bd2d222ee0a636a745434cfb457321cd658db5bb32b5f0a3f5643236cc1503d8"", 5]]","[[""1b446e196b4d1752241c8ff689a31ea705e98ad0c16b9d343c303664f72b64a1"", 2]]",True,The submission does not answer the question: the reference says the Permission to Appeal Application was refused and costs were awarded against the Defendant. The answer incorrectly abstains despite the provided evidence containing the result. Its high confidence is also not calibrated to the available evidence.
mixed-R5,4fa07316db9a19980de495d2190350cc4b494ae0ab741cda7784e895709719e1,"Between CFI 010/2024 and SCT 169/2025, which document has the earlier issue date?",name,"""SCT 169/2025""","""SCT 169/2025""",1.0,0.6666666666666666,1.0,"[[""3a574fc4f0baa5ec7ff0dcc822d7c55e4f9c493c24addc217c8df3d848c16fa5"", 1], [""443e04bc1a78940b3fcd5438d24b6c5f182a276d354a3108e738b193675de032"", 1], [""443e04bc1a78940b3fcd5438d24b6c5f182a276d354a3108e738b193675de032"", 2]]","[[""3a574fc4f0baa5ec7ff0dcc822d7c55e4f9c493c24addc217c8df3d848c16fa5"", 1], [""443e04bc1a78940b3fcd5438d24b6c5f182a276d354a3108e738b193675de032"", 1]]",True,
mixed-R5,1a80e5dc69fb76a97c0ada049df2425c9f06de373bbb9ee5b39dbd1f12f85387,"From the title pages of all documents in case CA 005/2025 and case CFI 067/2025, identify whether any individual or company is named as a main party in both cases.",boolean,false,false,1.0,0.75,1.0,"[[""03b621728fe29eb6113fcdb57f6458d793fd2d5c5b833ae26d40f04a29c85359"", 1], [""437568a801115019fe8278385c0484bdf07ab86f9a499ecaba2b7969b37c764b"", 1], [""839de9798f377492eee68f82b202d7cd3544be83d799f6226a02f3678c9bb914"", 6], [""897ab23ed5a70034d3d708d871ad1da8bc7b6608d94b1ca46b5d578d985d3c13"", 1]]","[[""03b621728fe29eb6113fcdb57f6458d793fd2d5c5b833ae26d40f04a29c85359"", 1], [""437568a801115019fe8278385c0484bdf07ab86f9a499ecaba2b7969b37c764b"", 1], [""897ab23ed5a70034d3d708d871ad1da8bc7b6608d94b1ca46b5d578d985d3c13"", 1]]",True,
mixed-R5,9f9fb4b911d75c22f2c9a42bb852848ac45594179a7d0d126c8ef0ac8941b18d,Do cases CA 004/2025 and SCT 295/2025 involve any of the same legal entities or individuals as parties?,boolean,false,false,1.0,0.4,1.0,"[[""03b621728fe29eb6113fcdb57f6458d793fd2d5c5b833ae26d40f04a29c85359"", 1], [""09660f78c26cd56c08c7253ed21ba01fb246092f482ccd8acd8e6f9b6fd2d917"", 1], [""3a574fc4f0baa5ec7ff0dcc822d7c55e4f9c493c24addc217c8df3d848c16fa5"", 1], [""437568a801115019fe8278385c0484bdf07ab86f9a499ecaba2b7969b37c764b"", 1], [""78ffe994cdc61ce6a2a6937c79fc52751bb5d2b4eaa4019f088fbccf70569c26"", 1]]","[[""09660f78c26cd56c08c7253ed21ba01fb246092f482ccd8acd8e6f9b6fd2d917"", 1], [""78ffe994cdc61ce6a2a6937c79fc52751bb5d2b4eaa4019f088fbccf70569c26"", 1]]",True,
mixed-R5,d374bee20e02f7f384e766dd792856c6457f99fc1491e5fee2e6cd50a4d856b7,Identify whether any person or company is a main party to both ENF 269/2023 and SCT 514/2025.,boolean,false,false,1.0,0.5,1.0,"[[""09660f78c26cd56c08c7253ed21ba01fb246092f482ccd8acd8e6f9b6fd2d917"", 11], [""3a574fc4f0baa5ec7ff0dcc822d7c55e4f9c493c24addc217c8df3d848c16fa5"", 1], [""5d3df6d69fac3ef91e13ac835b43a35e9e434fbc7e72ea5c01e288d69b66e6a2"", 1], [""6306079a16b1dec85690f75c715cdbd78b0685a3e19ee30250d481bc32f2e29a"", 1]]","[[""5d3df6d69fac3ef91e13ac835b43a35e9e434fbc7e72ea5c01e288d69b66e6a2"", 1], [""6306079a16b1dec85690f75c715cdbd78b0685a3e19ee30250d481bc32f2e29a"", 1]]",True,
mixed-R5,8de44b7964cdde111c1a33ac4cc13948b7b4e14fd120351fcb5a5bfb2b2dfff0,Identify the case with the higher monetary claim: SCT 169/2025 or SCT 295/2025?,name,null,"""SCT 169/2025""",0.0,0.0,0.0,"[[""09660f78c26cd56c08c7253ed21ba01fb246092f482ccd8acd8e6f9b6fd2d917"", 1], [""3a574fc4f0baa5ec7ff0dcc822d7c55e4f9c493c24addc217c8df3d848c16fa5"", 1], [""3a574fc4f0baa5ec7ff0dcc822d7c55e4f9c493c24addc217c8df3d848c16fa5"", 3], [""58eae81bf668e7f6c58619f419a49b5e35e2e5c9c7475475ace28ec562580545"", 1]]","[[""09660f78c26cd56c08c7253ed21ba01fb246092f482ccd8acd8e6f9b6fd2d917"", 2], [""3a574fc4f0baa5ec7ff0dcc822d7c55e4f9c493c24addc217c8df3d848c16fa5"", 2]]",True,
mixed-R5,a8813f8f56099bd156b5fe797cc44b061d2a54fb69ca2e748ffb7cc462eaa85e,Which case has an earlier Date of Issue: CFI 010/2024 or CFI 016/2025?,name,"""CFI 010/2024""","""CFI 010/2024""",1.0,0.6666666666666666,1.0,"[[""443e04bc1a78940b3fcd5438d24b6c5f182a276d354a3108e738b193675de032"", 1], [""443e04bc1a78940b3fcd5438d24b6c5f182a276d354a3108e738b193675de032"", 2], [""6248961b681ea0deb189f354be0c8286f35974dcdb211c13c921c3dd0e566a6e"", 1]]","[[""443e04bc1a78940b3fcd5438d24b6c5f182a276d354a3108e738b193675de032"", 1], [""6248961b681ea0deb189f354be0c8286f35974dcdb211c13c921c3dd0e566a6e"", 1]]",True,
mixed-R5,fcabd6aa14e2df4b7ca00fa516a70eba6de58b74dfde30270e3fe3eec6d1da7a,Which specific DIFC Laws were amended by DIFC Law No. 2 of 2022?,free_text,"""The provided evidence specifically shows that the DIFC Personal Property Law (DIFC Law No. 9 of 2005) was amended by DIFC Law No. 2 of 2022.""","""Common Reporting Standard Law, Employment Law, Foundations Law, General Partnership Law, Limited Liability Partnership Law, Personal Property Law, Trust Law, and the Law on the Application of Civil and Commercial Laws in the DIFC.""",0.6,0.8571428571428571,0.75,"[[""22442c5ee999e2519c68de908be511875a84f2b810ed540c2dcfcbcc65031434"", 1], [""302a0bd8d67775e8dc5960ecec7879be566300d8b32c4b0153ba15ebdb279425"", 1], [""33bc02044716acdfedb164b065bdaec098aaadcae863c591f9931c88e7307d16"", 1], [""4e387152960c1029b3711cacb05b287b13c977bc61f2558059a62b7b427a62eb"", 1], [""536bbce854b9406cc22697e04fcdabd645e030c0e55b918252643b00e0b2b25f"", 1], [""72ea171147bf30326fe6fd2e6798f607c7cef4bf9d43761dbccd2f1b6a356849"", 1], [""fbdd7f9dd299d83b1f398778da2e6765dfaaed62005667264734a1f76ec09071"", 1]]","[[""22442c5ee999e2519c68de908be511875a84f2b810ed540c2dcfcbcc65031434"", 1], [""302a0bd8d67775e8dc5960ecec7879be566300d8b32c4b0153ba15ebdb279425"", 1], [""33bc02044716acdfedb164b065bdaec098aaadcae863c591f9931c88e7307d16"", 1], [""4e387152960c1029b3711cacb05b287b13c977bc61f2558059a62b7b427a62eb"", 1], [""536bbce854b9406cc22697e04fcdabd645e030c0e55b918252643b00e0b2b25f"", 1], [""b82ac8228e051d96bf8d706d3251893ebff1c9457b066fce3b7cb99af956f2a7"", 1], [""fbdd7f9dd299d83b1f398778da2e6765dfaaed62005667264734a1f76ec09071"", 1], [""ff746f7b583490a80ba104361c0a82a1ebbf7ed9097cd03dc49d744cb5057761"", 1]]",True,"The statement about the Personal Property Law is supported by the evidence, but it does not answer the full question. The reference lists eight DIFC Laws amended by DIFC Law No. 2 of 2022: Common Reporting Standard Law, Employment Law, Foundations Law, General Partnership Law, Limited Liability Partnership Law, Personal Property Law, Trust Law, and the Law on the Application of Civil and Commercial Laws in the DIFC. The confidence is too high for this incomplete answer."
mixed-R5,e59a0dc49c291402ead91342b065bc4e9ded0043d126f73dd00ba6045aae46b7,"Under Article 14(1) of the Employment Law 2019, how many days does an Employer have to provide an Employee with a written Employment Contract after the commencement of employment?",number,7,7,1.0,0.16666666666666666,1.0,"[[""33bc02044716acdfedb164b065bdaec098aaadcae863c591f9931c88e7307d16"", 6], [""33bc02044716acdfedb164b065bdaec098aaadcae863c591f9931c88e7307d16"", 7], [""33bc02044716acdfedb164b065bdaec098aaadcae863c591f9931c88e7307d16"", 12], [""33bc02044716acdfedb164b065bdaec098aaadcae863c591f9931c88e7307d16"", 16], [""33bc02044716acdfedb164b065bdaec098aaadcae863c591f9931c88e7307d16"", 29], [""33bc02044716acdfedb164b065bdaec098aaadcae863c591f9931c88e7307d16"", 42]]","[[""33bc02044716acdfedb164b065bdaec098aaadcae863c591f9931c88e7307d16"", 7]]",True,
mixed-R5,359f1c315f2ac48e6b34ecfa503c6b9c892365985b363dc9a4e3c85563550d05,Who is the defendant in case ARB 034/2025?,name,"""Onora""","""Onora""",1.0,0.3333333333333333,1.0,"[[""58eae81bf668e7f6c58619f419a49b5e35e2e5c9c7475475ace28ec562580545"", 1], [""62930da32fa3172edf2f2bbf3da268455bd99a7b5fab34d72358730d8cd5da30"", 1], [""c98c1475692bc22f4abab6a7a7d7969467c94e46a7e68919aaf127179ebf3f54"", 1]]","[[""58eae81bf668e7f6c58619f419a49b5e35e2e5c9c7475475ace28ec562580545"", 1]]",True,
mixed-R5,2fc105ec9d11e361b057e8ce21245fbc01f14cefe5ccddada9d7541c952106d2,"If a Muslim Employee works during the holy month of Ramadan, what is the maximum number of hours they can be required to work each day according to Article 23 of the Employment Law 2019?",number,6,6,1.0,0.2,1.0,"[[""33bc02044716acdfedb164b065bdaec098aaadcae863c591f9931c88e7307d16"", 4], [""33bc02044716acdfedb164b065bdaec098aaadcae863c591f9931c88e7307d16"", 8], [""33bc02044716acdfedb164b065bdaec098aaadcae863c591f9931c88e7307d16"", 10], [""33bc02044716acdfedb164b065bdaec098aaadcae863c591f9931c88e7307d16"", 14], [""33bc02044716acdfedb164b065bdaec098aaadcae863c591f9931c88e7307d16"", 35]]","[[""33bc02044716acdfedb164b065bdaec098aaadcae863c591f9931c88e7307d16"", 14]]",True,
mixed-R5,b667804a5541a24d40f211b3febc69fa5e633d52a08baf9ce6735832ea4e5ec1,"Based on the full case files for DEC 001/2025 and CFI 057/2025, was there any judge involved in both cases?",boolean,null,false,0.0,0.2,0.3333333333333333,"[[""1a255edc261961ec64870466a27ac4e25b5ebc2abe298e1b69f8dd2fc27288f6"", 1], [""1a255edc261961ec64870466a27ac4e25b5ebc2abe298e1b69f8dd2fc27288f6"", 2], [""1a255edc261961ec64870466a27ac4e25b5ebc2abe298e1b69f8dd2fc27288f6"", 8], [""3a574fc4f0baa5ec7ff0dcc822d7c55e4f9c493c24addc217c8df3d848c16fa5"", 1], [""3f8a5ea0e051ba3af7a02da340c911fe0970ebece6c852c3e61a10c00cac6d6e"", 1]]","[[""1b446e196b4d1752241c8ff689a31ea705e98ad0c16b9d343c303664f72b64a1"", 1], [""3f8a5ea0e051ba3af7a02da340c911fe0970ebece6c852c3e61a10c00cac6d6e"", 1], [""839de9798f377492eee68f82b202d7cd3544be83d799f6226a02f3678c9bb914"", 1]]",True,
mixed-R5,b1d0245bb7c71b42f08a4cdbec612a56715295223472ac5a45af31811ada2f3b,"Under the Operating Law 2018, can the Registrar be held liable for acts or omissions in performing their functions if the act or omission is shown to have been in bad faith, according to Article 7(8)?",boolean,true,true,1.0,0.2,1.0,"[[""22442c5ee999e2519c68de908be511875a84f2b810ed540c2dcfcbcc65031434"", 22], [""72ea171147bf30326fe6fd2e6798f607c7cef4bf9d43761dbccd2f1b6a356849"", 7], [""72ea171147bf30326fe6fd2e6798f607c7cef4bf9d43761dbccd2f1b6a356849"", 33], [""b82ac8228e051d96bf8d706d3251893ebff1c9457b066fce3b7cb99af956f2a7"", 24], [""fbdd7f9dd299d83b1f398778da2e6765dfaaed62005667264734a1f76ec09071"", 6]]","[[""72ea171147bf30326fe6fd2e6798f607c7cef4bf9d43761dbccd2f1b6a356849"", 7]]",False,
mixed-R5,ad7357a7eb955085f6438dfcaf44324de7fcf88da86c846242e173eacdeebfda,What was the result of the application heard in case SCT 169/2025?,free_text,"""There is no information on this question in the provided documents.""","""The Permission to Appeal Application was refused, the adjournment request was refused, and there was no order as to costs.""",0.4,0.2,1.0,"[[""3a574fc4f0baa5ec7ff0dcc822d7c55e4f9c493c24addc217c8df3d848c16fa5"", 1], [""3a574fc4f0baa5ec7ff0dcc822d7c55e4f9c493c24addc217c8df3d848c16fa5"", 2], [""437568a801115019fe8278385c0484bdf07ab86f9a499ecaba2b7969b37c764b"", 7], [""bd2d222ee0a636a745434cfb457321cd658db5bb32b5f0a3f5643236cc1503d8"", 5], [""f4c4d051d514270964adcf58e124569e396602340b7d9172671759de10a95897"", 2]]","[[""3a574fc4f0baa5ec7ff0dcc822d7c55e4f9c493c24addc217c8df3d848c16fa5"", 2]]",True,"The submission is a clear abstention, but the reference gives the actual result: permission to appeal was refused, the adjournment request was refused, and no costs order was made. So it is not correct or complete. The abstention is grounded as a meta-statement about the provided excerpt, but the high confidence is not well calibrated because the question has an answer in the reference."
mixed-R5,0aba04f64851d1419be984476f91f278e6ada2d6c536fd119d7ab37a8ed06593,Do cases CFI 067/2025 and SCT 514/2025 involve any of the same legal entities or individuals as main parties?,boolean,false,false,1.0,0.4,1.0,"[[""1a255edc261961ec64870466a27ac4e25b5ebc2abe298e1b69f8dd2fc27288f6"", 2], [""1b446e196b4d1752241c8ff689a31ea705e98ad0c16b9d343c303664f72b64a1"", 1], [""3a574fc4f0baa5ec7ff0dcc822d7c55e4f9c493c24addc217c8df3d848c16fa5"", 1], [""6306079a16b1dec85690f75c715cdbd78b0685a3e19ee30250d481bc32f2e29a"", 1], [""897ab23ed5a70034d3d708d871ad1da8bc7b6608d94b1ca46b5d578d985d3c13"", 1]]","[[""6306079a16b1dec85690f75c715cdbd78b0685a3e19ee30250d481bc32f2e29a"", 1], [""897ab23ed5a70034d3d708d871ad1da8bc7b6608d94b1ca46b5d578d985d3c13"", 1]]",True,
mixed-R5,9596fb754439e6752034890c1272a2df7c0f9000db7d186db21aa232a253fca4,What is the effective date for due diligence requirements for Pre-existing Accounts and New Accounts under the Common Reporting Standard Law 2018?,free_text,"""For Pre-existing Accounts, the effective date is 2016-12-31. For New Accounts, the effective date is 2017-01-01.""","""Pre-existing Accounts: 31 December 2016; New Accounts: 1 January 2017.""",1.0,0.3333333333333333,1.0,"[[""fbdd7f9dd299d83b1f398778da2e6765dfaaed62005667264734a1f76ec09071"", 3], [""fbdd7f9dd299d83b1f398778da2e6765dfaaed62005667264734a1f76ec09071"", 4], [""fbdd7f9dd299d83b1f398778da2e6765dfaaed62005667264734a1f76ec09071"", 16]]","[[""fbdd7f9dd299d83b1f398778da2e6765dfaaed62005667264734a1f76ec09071"", 3]]",False,"The answer matches the reference dates for both Pre-existing Accounts and New Accounts, and the supplied evidence directly supports those dates. Confidence is appropriate given the clear support."
mixed-R5,9f48d8eca6d10cf26f60226078f0d9cb32d3aa2fd25c90c312549cb6265ebd84,"According to Article 2 of the DIFC Personal Property Law 2005, who made this Law?",free_text,"""It was made by the Ruler.""","""It was made by the Ruler of Dubai.""",1.0,0.125,1.0,"[[""22442c5ee999e2519c68de908be511875a84f2b810ed540c2dcfcbcc65031434"", 41], [""302a0bd8d67775e8dc5960ecec7879be566300d8b32c4b0153ba15ebdb279425"", 21], [""4e387152960c1029b3711cacb05b287b13c977bc61f2558059a62b7b427a62eb"", 50], [""536bbce854b9406cc22697e04fcdabd645e030c0e55b918252643b00e0b2b25f"", 3], [""536bbce854b9406cc22697e04fcdabd645e030c0e55b918252643b00e0b2b25f"", 18], [""72ea171147bf30326fe6fd2e6798f607c7cef4bf9d43761dbccd2f1b6a356849"", 40], [""b82ac8228e051d96bf8d706d3251893ebff1c9457b066fce3b7cb99af956f2a7"", 23], [""fbdd7f9dd299d83b1f398778da2e6765dfaaed62005667264734a1f76ec09071"", 15]]","[[""536bbce854b9406cc22697e04fcdabd645e030c0e55b918252643b00e0b2b25f"", 3]]",True,
mixed-R5,802d12a65530cd728da4c2f4430275488285ced247123431a905f8d525e80ede,"Based on the second page of the document, was the Claimant's application for continuation of the ASI Order granted by the court in case ARB 034/2025?",boolean,false,false,1.0,0.0,0.0,"[[""58eae81bf668e7f6c58619f419a49b5e35e2e5c9c7475475ace28ec562580545"", 1], [""58eae81bf668e7f6c58619f419a49b5e35e2e5c9c7475475ace28ec562580545"", 3], [""58eae81bf668e7f6c58619f419a49b5e35e2e5c9c7475475ace28ec562580545"", 4], [""d32e76d495ac7d855d805fb71682b98d254520e3799aa4529ebc983212648335"", 3]]","[[""58eae81bf668e7f6c58619f419a49b5e35e2e5c9c7475475ace28ec562580545"", 2]]",True,
mixed-R5,84ef7f354a41168e99812515cd775297b36c35a541c5b8eb1978be771554b546,"According to Article 14(2)(l) of the Employment Law 2019, what is the maximum probation period in months for an Employee, except in specific fixed-term contract circumstances?",number,6,6,1.0,0.2,1.0,"[[""33bc02044716acdfedb164b065bdaec098aaadcae863c591f9931c88e7307d16"", 8], [""33bc02044716acdfedb164b065bdaec098aaadcae863c591f9931c88e7307d16"", 28], [""33bc02044716acdfedb164b065bdaec098aaadcae863c591f9931c88e7307d16"", 30], [""33bc02044716acdfedb164b065bdaec098aaadcae863c591f9931c88e7307d16"", 31], [""33bc02044716acdfedb164b065bdaec098aaadcae863c591f9931c88e7307d16"", 32]]","[[""33bc02044716acdfedb164b065bdaec098aaadcae863c591f9931c88e7307d16"", 8]]",True,
mixed-R5,5046b4e3fa11a42090ae0cef08c4cd64a1c8761955eb711db396f7fb1634ea86,"According to page 2 of the judgment, from which specific claim number did the appeal in CA 009/2024 originate?",name,"""ENF-316-2023/2""","""Claim No. ENF-316-2023/2""",0.0,0.16666666666666666,1.0,"[[""03b621728fe29eb6113fcdb57f6458d793fd2d5c5b833ae26d40f04a29c85359"", 1], [""0471e83c1ea18086cfb6b3ff51da6f22b0efee337f10315b2593f782297ccb84"", 1], [""62930da32fa3172edf2f2bbf3da268455bd99a7b5fab34d72358730d8cd5da30"", 1], [""bd2d222ee0a636a745434cfb457321cd658db5bb32b5f0a3f5643236cc1503d8"", 1], [""bd2d222ee0a636a745434cfb457321cd658db5bb32b5f0a3f5643236cc1503d8"", 2], [""c98c1475692bc22f4abab6a7a7d7969467c94e46a7e68919aaf127179ebf3f54"", 1]]","[[""bd2d222ee0a636a745434cfb457321cd658db5bb32b5f0a3f5643236cc1503d8"", 2]]",True,
mixed-R5,042ddf2ed161068fab8072f16e01a15e11da9d741d207bfc0185e5133a810193,Does the Law on the Application of Civil and Commercial Laws in the DIFC Law No. 3 of 2004 apply in the jurisdiction of the Dubai International Financial Centre?,boolean,true,true,1.0,0.2,1.0,"[[""ff746f7b583490a80ba104361c0a82a1ebbf7ed9097cd03dc49d744cb5057761"", 1], [""ff746f7b583490a80ba104361c0a82a1ebbf7ed9097cd03dc49d744cb5057761"", 3], [""ff746f7b583490a80ba104361c0a82a1ebbf7ed9097cd03dc49d744cb5057761"", 4], [""ff746f7b583490a80ba104361c0a82a1ebbf7ed9097cd03dc49d744cb5057761"", 5], [""ff746f7b583490a80ba104361c0a82a1ebbf7ed9097cd03dc49d744cb5057761"", 7]]","[[""ff746f7b583490a80ba104361c0a82a1ebbf7ed9097cd03dc49d744cb5057761"", 3]]",False,
mixed-R5,e14ad296801b3fb6855a3a9338f1e9b8e2d1bfb05c99682a3cf4f9140b49b17b,"Under Article 11(5) of the DIFC Trust Law 2018, is a term of the trust expressly declaring that the laws of the DIFC shall govern the trust valid, effective, and conclusive regardless of any other circumstance?",boolean,true,true,1.0,0.25,1.0,"[[""4e387152960c1029b3711cacb05b287b13c977bc61f2558059a62b7b427a62eb"", 6], [""4e387152960c1029b3711cacb05b287b13c977bc61f2558059a62b7b427a62eb"", 7], [""4e387152960c1029b3711cacb05b287b13c977bc61f2558059a62b7b427a62eb"", 50], [""4e387152960c1029b3711cacb05b287b13c977bc61f2558059a62b7b427a62eb"", 51]]","[[""4e387152960c1029b3711cacb05b287b13c977bc61f2558059a62b7b427a62eb"", 6]]",False,
mixed-R5,f33177fc2ed5b35033bfa1c7f9fc5d7a3776feb10b498c375cdcb40e0c53ffbf,Is there any main party that appeared in both cases CA 004/2025 and SCT 514/2025?,boolean,false,false,1.0,0.6666666666666666,1.0,"[[""3a574fc4f0baa5ec7ff0dcc822d7c55e4f9c493c24addc217c8df3d848c16fa5"", 1], [""6306079a16b1dec85690f75c715cdbd78b0685a3e19ee30250d481bc32f2e29a"", 1], [""78ffe994cdc61ce6a2a6937c79fc52751bb5d2b4eaa4019f088fbccf70569c26"", 1]]","[[""6306079a16b1dec85690f75c715cdbd78b0685a3e19ee30250d481bc32f2e29a"", 1], [""78ffe994cdc61ce6a2a6937c79fc52751bb5d2b4eaa4019f088fbccf70569c26"", 1]]",True,
mixed-R5,f29159d38bf494e330b32f03507df593d5869a129796a3b7f6efe14fd1b1a0a5,What does Article 16(1)(c) of the Employment Law 2019 require an Employer to keep records of regarding an Employee's remuneration?,free_text,"""Article 16(1)(c) requires an Employer to keep records of the Employee's remuneration, including the gross and net amount where applicable, and the applicable Pay Period.""","""The employee's remuneration, gross and net where applicable, and the applicable pay period.""",1.0,0.2,1.0,"[[""33bc02044716acdfedb164b065bdaec098aaadcae863c591f9931c88e7307d16"", 8], [""33bc02044716acdfedb164b065bdaec098aaadcae863c591f9931c88e7307d16"", 9], [""33bc02044716acdfedb164b065bdaec098aaadcae863c591f9931c88e7307d16"", 11], [""33bc02044716acdfedb164b065bdaec098aaadcae863c591f9931c88e7307d16"", 12], [""33bc02044716acdfedb164b065bdaec098aaadcae863c591f9931c88e7307d16"", 35]]","[[""33bc02044716acdfedb164b065bdaec098aaadcae863c591f9931c88e7307d16"", 8]]",True,All criteria met; the answer matches the reference and is directly supported by the cited evidence.
mixed-R5,2e8b251fd560f4446bfc9c5fa4b83ecbce69d650a8fd00fc9815c1fb34a764ad,"Looking at the title/cover page of every document across both case TCD 001/2024 and case CFI 016/2025, is there any party (claimant or defendant) common to both cases?",boolean,false,false,1.0,1.0,1.0,"[[""0471e83c1ea18086cfb6b3ff51da6f22b0efee337f10315b2593f782297ccb84"", 1], [""6248961b681ea0deb189f354be0c8286f35974dcdb211c13c921c3dd0e566a6e"", 1], [""62930da32fa3172edf2f2bbf3da268455bd99a7b5fab34d72358730d8cd5da30"", 1], [""c98c1475692bc22f4abab6a7a7d7969467c94e46a7e68919aaf127179ebf3f54"", 1]]","[[""0471e83c1ea18086cfb6b3ff51da6f22b0efee337f10315b2593f782297ccb84"", 1], [""6248961b681ea0deb189f354be0c8286f35974dcdb211c13c921c3dd0e566a6e"", 1], [""62930da32fa3172edf2f2bbf3da268455bd99a7b5fab34d72358730d8cd5da30"", 1], [""c98c1475692bc22f4abab6a7a7d7969467c94e46a7e68919aaf127179ebf3f54"", 1]]",False,
mixed-R5,fa672c84261a575ba49aba560b6a00c5d944ab9373b764c743d79821658e0052,"What was the outcome of the specific order or application described in case CFI 016/2025, based on the last page of the document?",free_text,"""The No Costs Application was dismissed. There was no order as to costs for that application, and the Claimant was ordered to pay AED 70,000 in costs to the Defendant pursuant to the Judgment.""","""The No Costs Application was rejected, no costs were ordered on that application, and the Defendant was awarded AED 70,000 in costs for the claim.""",1.0,0.0,0.0,"[[""437568a801115019fe8278385c0484bdf07ab86f9a499ecaba2b7969b37c764b"", 4], [""437568a801115019fe8278385c0484bdf07ab86f9a499ecaba2b7969b37c764b"", 5], [""437568a801115019fe8278385c0484bdf07ab86f9a499ecaba2b7969b37c764b"", 7], [""437568a801115019fe8278385c0484bdf07ab86f9a499ecaba2b7969b37c764b"", 10], [""6248961b681ea0deb189f354be0c8286f35974dcdb211c13c921c3dd0e566a6e"", 1], [""839de9798f377492eee68f82b202d7cd3544be83d799f6226a02f3678c9bb914"", 1]]","[[""6248961b681ea0deb189f354be0c8286f35974dcdb211c13c921c3dd0e566a6e"", 7]]",False,"The submission matches the order: the No Costs Application was dismissed/rejected, there was no order as to costs for that application, and AED 70,000 in costs was awarded to the Defendant."
mixed-R5,7aae865f328e2012c31b41b6e2cccac715c14df5b56ec548d3fa9cb6bc46dcd1,"Under Article 11 of the General Partnership Law 2004, is an unincorporated body of persons carrying on business for profit automatically deemed a partnership if there is an agreement specifying it as a body corporate?",boolean,false,false,1.0,0.2,1.0,"[[""302a0bd8d67775e8dc5960ecec7879be566300d8b32c4b0153ba15ebdb279425"", 4], [""302a0bd8d67775e8dc5960ecec7879be566300d8b32c4b0153ba15ebdb279425"", 5], [""302a0bd8d67775e8dc5960ecec7879be566300d8b32c4b0153ba15ebdb279425"", 21], [""302a0bd8d67775e8dc5960ecec7879be566300d8b32c4b0153ba15ebdb279425"", 22], [""72ea171147bf30326fe6fd2e6798f607c7cef4bf9d43761dbccd2f1b6a356849"", 41]]","[[""302a0bd8d67775e8dc5960ecec7879be566300d8b32c4b0153ba15ebdb279425"", 5]]",False,
mixed-R5,e0798bd394af022603f1ed7a09641de2bb414bd14a9d6a2c494980c86095ccff,"If the Relevant Authority confirms a fine or action after an appeal under Article 21(5) of the Common Reporting Standard Law 2018, how many business days does the Reporting Financial Institution have to pay the fine or perform the action?",number,15,15,1.0,0.3333333333333333,1.0,"[[""fbdd7f9dd299d83b1f398778da2e6765dfaaed62005667264734a1f76ec09071"", 11], [""fbdd7f9dd299d83b1f398778da2e6765dfaaed62005667264734a1f76ec09071"", 12], [""fbdd7f9dd299d83b1f398778da2e6765dfaaed62005667264734a1f76ec09071"", 13]]","[[""fbdd7f9dd299d83b1f398778da2e6765dfaaed62005667264734a1f76ec09071"", 13]]",False,
mixed-R5,32bb32856c65215eddb17d2b5b938f58b4bec525af96f8637686e33b0d696e89,"According to Article 28(4) of the DIFC Trust Law 2018, can an order made consequential to a declaration under Articles 24 to 27 prejudice a purchaser in good faith for value of trust property without notice of the voidable matters?",boolean,false,false,1.0,0.25,1.0,"[[""22442c5ee999e2519c68de908be511875a84f2b810ed540c2dcfcbcc65031434"", 28], [""4e387152960c1029b3711cacb05b287b13c977bc61f2558059a62b7b427a62eb"", 7], [""4e387152960c1029b3711cacb05b287b13c977bc61f2558059a62b7b427a62eb"", 8], [""4e387152960c1029b3711cacb05b287b13c977bc61f2558059a62b7b427a62eb"", 15]]","[[""4e387152960c1029b3711cacb05b287b13c977bc61f2558059a62b7b427a62eb"", 15]]",False,
mixed-R5,698e30385362eebe29a7fd618bb6d5fc2d213fca30eb008f0496d3887d6b4677,Is there any main party that appeared in both cases ARB 034/2025 and SCT 514/2025?,boolean,false,false,1.0,0.6666666666666666,1.0,"[[""3a574fc4f0baa5ec7ff0dcc822d7c55e4f9c493c24addc217c8df3d848c16fa5"", 1], [""58eae81bf668e7f6c58619f419a49b5e35e2e5c9c7475475ace28ec562580545"", 1], [""6306079a16b1dec85690f75c715cdbd78b0685a3e19ee30250d481bc32f2e29a"", 1]]","[[""58eae81bf668e7f6c58619f419a49b5e35e2e5c9c7475475ace28ec562580545"", 1], [""6306079a16b1dec85690f75c715cdbd78b0685a3e19ee30250d481bc32f2e29a"", 1]]",True,
mixed-R5,52a35cfabe76f2c538c6f72a841a08e0cc85bbe8f732874a4d2827383794c213,Did cases CA 004/2025 and ARB 034/2025 have any judges in common?,boolean,false,false,1.0,0.6666666666666666,1.0,"[[""437568a801115019fe8278385c0484bdf07ab86f9a499ecaba2b7969b37c764b"", 1], [""58eae81bf668e7f6c58619f419a49b5e35e2e5c9c7475475ace28ec562580545"", 1], [""78ffe994cdc61ce6a2a6937c79fc52751bb5d2b4eaa4019f088fbccf70569c26"", 1]]","[[""58eae81bf668e7f6c58619f419a49b5e35e2e5c9c7475475ace28ec562580545"", 1], [""78ffe994cdc61ce6a2a6937c79fc52751bb5d2b4eaa4019f088fbccf70569c26"", 1]]",True,
mixed-R5,a341025df493b0e6a962fa637e3df6fe053c3de28cb2f5c8eb0814067af32b95,"According to Article 12(4) of the Common Reporting Standard Law and Article 18(2)(b) of the General Partnership Law, what are the retention periods for records?",free_text,"""Article 12(4) of the Common Reporting Standard Law requires records to be retained for six (6) years after the date of reporting the information. Article 18(2)(b) of the General Partnership Law requires records to be preserved for at least six (6) years from the date they were of""","""Under the CRS Law, records must be retained for 6 years after reporting. Under the General Partnership Law, accounting records must be preserved for at least 6 years from creation, or longer if prescribed by Regulations.""",0.4,0.2857142857142857,1.0,"[[""302a0bd8d67775e8dc5960ecec7879be566300d8b32c4b0153ba15ebdb279425"", 7], [""fbdd7f9dd299d83b1f398778da2e6765dfaaed62005667264734a1f76ec09071"", 2], [""fbdd7f9dd299d83b1f398778da2e6765dfaaed62005667264734a1f76ec09071"", 4], [""fbdd7f9dd299d83b1f398778da2e6765dfaaed62005667264734a1f76ec09071"", 6], [""fbdd7f9dd299d83b1f398778da2e6765dfaaed62005667264734a1f76ec09071"", 7], [""fbdd7f9dd299d83b1f398778da2e6765dfaaed62005667264734a1f76ec09071"", 13], [""fbdd7f9dd299d83b1f398778da2e6765dfaaed62005667264734a1f76ec09071"", 16]]","[[""302a0bd8d67775e8dc5960ecec7879be566300d8b32c4b0153ba15ebdb279425"", 7], [""fbdd7f9dd299d83b1f398778da2e6765dfaaed62005667264734a1f76ec09071"", 7]]",False,"Completeness: it omits the General Partnership Law qualifier that records may need to be kept longer if Regulations prescribe a longer period. Confidence calibration: 0.99 is too high for a partially incomplete answer. Clarity and relevance: the response is cut off mid-sentence, so it is not fully clear or complete."
mixed-R5,acd7d2aea67ff920768aae75300837412f603e0e29f048ea33171ba52c1c0cd8,Which case has an earlier Date of Issue: ENF 269/2023 or SCT 514/2025?,name,"""ENF 269/2023""","""ENF 269/2023""",1.0,0.0,0.0,"[[""09660f78c26cd56c08c7253ed21ba01fb246092f482ccd8acd8e6f9b6fd2d917"", 2], [""3a574fc4f0baa5ec7ff0dcc822d7c55e4f9c493c24addc217c8df3d848c16fa5"", 1], [""5d3df6d69fac3ef91e13ac835b43a35e9e434fbc7e72ea5c01e288d69b66e6a2"", 1], [""6306079a16b1dec85690f75c715cdbd78b0685a3e19ee30250d481bc32f2e29a"", 1], [""f4c4d051d514270964adcf58e124569e396602340b7d9172671759de10a95897"", 2]]","[[""5d3df6d69fac3ef91e13ac835b43a35e9e434fbc7e72ea5c01e288d69b66e6a2"", 3], [""6306079a16b1dec85690f75c715cdbd78b0685a3e19ee30250d481bc32f2e29a"", 2]]",True,
mixed-R5,f2a28b01dbdda99ec2b09a7001ea72e35b94a42c14c4bc5e5206c59857770306,Is there a judge who presided over both case CFI 057/2025 and case ENF 269/2023?,boolean,false,false,1.0,0.3333333333333333,1.0,"[[""1a255edc261961ec64870466a27ac4e25b5ebc2abe298e1b69f8dd2fc27288f6"", 2], [""1b446e196b4d1752241c8ff689a31ea705e98ad0c16b9d343c303664f72b64a1"", 1], [""3f8a5ea0e051ba3af7a02da340c911fe0970ebece6c852c3e61a10c00cac6d6e"", 22], [""5d3df6d69fac3ef91e13ac835b43a35e9e434fbc7e72ea5c01e288d69b66e6a2"", 1], [""6248961b681ea0deb189f354be0c8286f35974dcdb211c13c921c3dd0e566a6e"", 1], [""bd2d222ee0a636a745434cfb457321cd658db5bb32b5f0a3f5643236cc1503d8"", 3]]","[[""1b446e196b4d1752241c8ff689a31ea705e98ad0c16b9d343c303664f72b64a1"", 1], [""5d3df6d69fac3ef91e13ac835b43a35e9e434fbc7e72ea5c01e288d69b66e6a2"", 1]]",True,
mixed-R5,3c33f9a4de9bac177c65e3c3bd986ef05e527095e4c96aabbbed76599b727eb0,Who are listed as the claimants in the case documents for SCT 295/2025?,names,"[""Olexa""]","[""Olexa""]",1.0,0.2,1.0,"[[""09660f78c26cd56c08c7253ed21ba01fb246092f482ccd8acd8e6f9b6fd2d917"", 1], [""3a574fc4f0baa5ec7ff0dcc822d7c55e4f9c493c24addc217c8df3d848c16fa5"", 1], [""3a574fc4f0baa5ec7ff0dcc822d7c55e4f9c493c24addc217c8df3d848c16fa5"", 2], [""58eae81bf668e7f6c58619f419a49b5e35e2e5c9c7475475ace28ec562580545"", 1], [""62930da32fa3172edf2f2bbf3da268455bd99a7b5fab34d72358730d8cd5da30"", 1]]","[[""09660f78c26cd56c08c7253ed21ba01fb246092f482ccd8acd8e6f9b6fd2d917"", 1]]",False,
mixed-R5,b982f3b308042c0eb23dfe264a56ab53866fbea5d3981c4bfcf3ffb6de22054e,What was the result of the application heard in case CFI 067/2025?,free_text,"""The application was dismissed, and the Applicant was ordered to pay 80% of the Respondent's costs, totaling USD 155,879.50.""","""The Defendant's application for immediate judgment and/or strike out was dismissed, and the Applicant was ordered to pay 80% of the Respondent's costs, assessed at USD 155,879.50.""",1.0,0.14285714285714285,1.0,"[[""3f8a5ea0e051ba3af7a02da340c911fe0970ebece6c852c3e61a10c00cac6d6e"", 4], [""437568a801115019fe8278385c0484bdf07ab86f9a499ecaba2b7969b37c764b"", 7], [""443e04bc1a78940b3fcd5438d24b6c5f182a276d354a3108e738b193675de032"", 2], [""839de9798f377492eee68f82b202d7cd3544be83d799f6226a02f3678c9bb914"", 17], [""839de9798f377492eee68f82b202d7cd3544be83d799f6226a02f3678c9bb914"", 19], [""897ab23ed5a70034d3d708d871ad1da8bc7b6608d94b1ca46b5d578d985d3c13"", 1], [""bd2d222ee0a636a745434cfb457321cd658db5bb32b5f0a3f5643236cc1503d8"", 5]]","[[""897ab23ed5a70034d3d708d871ad1da8bc7b6608d94b1ca46b5d578d985d3c13"", 1]]",True,No issues: the submission matches the order’s outcome and costs award.
mixed-R5,cdddeb6a063f29cbea5f10b3dccbd83aa16849e1f3124e223d141d1578efeb0a,Who were the claimants in case CFI 010/2024?,names,"[""Fursa Consulting""]","[""Fursa Consulting""]",1.0,0.2,1.0,"[[""443e04bc1a78940b3fcd5438d24b6c5f182a276d354a3108e738b193675de032"", 1], [""443e04bc1a78940b3fcd5438d24b6c5f182a276d354a3108e738b193675de032"", 2], [""58eae81bf668e7f6c58619f419a49b5e35e2e5c9c7475475ace28ec562580545"", 1], [""62930da32fa3172edf2f2bbf3da268455bd99a7b5fab34d72358730d8cd5da30"", 1], [""d32e76d495ac7d855d805fb71682b98d254520e3799aa4529ebc983212648335"", 1]]","[[""443e04bc1a78940b3fcd5438d24b6c5f182a276d354a3108e738b193675de032"", 1]]",True,
mixed-R5,f5c27c961e218728abde9ff9031d1701cb36db4a2e590d2dbd8914dd28a27b20,"According to Article 19(2)(c) of the Common Reporting Standard Law 2018, how many days does a Reporting Financial Institution have to pay a fine for opening a New Account without a valid self-certification after receiving notification?",number,30,30,1.0,0.3333333333333333,1.0,"[[""fbdd7f9dd299d83b1f398778da2e6765dfaaed62005667264734a1f76ec09071"", 11], [""fbdd7f9dd299d83b1f398778da2e6765dfaaed62005667264734a1f76ec09071"", 13], [""fbdd7f9dd299d83b1f398778da2e6765dfaaed62005667264734a1f76ec09071"", 17]]","[[""fbdd7f9dd299d83b1f398778da2e6765dfaaed62005667264734a1f76ec09071"", 11]]",False,
mixed-R5,7b31467fd9f391a836ecd316b258a6d5e849cb62a9a0c95573b084c1d1338ba0,"According to Article 9(9)(a) of the Operating Law 2018, how many months does a Licence typically have effect from its issue date by the Registrar?",number,12,12,1.0,0.2,1.0,"[[""22442c5ee999e2519c68de908be511875a84f2b810ed540c2dcfcbcc65031434"", 11], [""302a0bd8d67775e8dc5960ecec7879be566300d8b32c4b0153ba15ebdb279425"", 22], [""72ea171147bf30326fe6fd2e6798f607c7cef4bf9d43761dbccd2f1b6a356849"", 4], [""72ea171147bf30326fe6fd2e6798f607c7cef4bf9d43761dbccd2f1b6a356849"", 9], [""b82ac8228e051d96bf8d706d3251893ebff1c9457b066fce3b7cb99af956f2a7"", 17]]","[[""72ea171147bf30326fe6fd2e6798f607c7cef4bf9d43761dbccd2f1b6a356849"", 9]]",False,
mixed-R5,6b20dd63f6b2072c51f7063e32f5accf7218fd36fdfcc3fb627867139b41359e,Which case has an earlier Date of Issue: SCT 169/2025 or SCT 295/2025?,name,"""SCT 169/2025""","""SCT 295/2025""",0.0,0.25,0.5,"[[""09660f78c26cd56c08c7253ed21ba01fb246092f482ccd8acd8e6f9b6fd2d917"", 1], [""09660f78c26cd56c08c7253ed21ba01fb246092f482ccd8acd8e6f9b6fd2d917"", 2], [""3a574fc4f0baa5ec7ff0dcc822d7c55e4f9c493c24addc217c8df3d848c16fa5"", 1], [""f4c4d051d514270964adcf58e124569e396602340b7d9172671759de10a95897"", 2]]","[[""09660f78c26cd56c08c7253ed21ba01fb246092f482ccd8acd8e6f9b6fd2d917"", 2], [""3a574fc4f0baa5ec7ff0dcc822d7c55e4f9c493c24addc217c8df3d848c16fa5"", 2]]",True,
mixed-R5,a499c8553e73100d9ecc8ccd1164beea4b82fa6b32c519de1a37c861925076a1,"If a Reporting Financial Institution fails to provide specified information during an investigation, does this constitute obstruction of Inspectors under Article 17(b) of the Common Reporting Standard Law 2018?",boolean,true,true,1.0,0.2,1.0,"[[""72ea171147bf30326fe6fd2e6798f607c7cef4bf9d43761dbccd2f1b6a356849"", 18], [""fbdd7f9dd299d83b1f398778da2e6765dfaaed62005667264734a1f76ec09071"", 8], [""fbdd7f9dd299d83b1f398778da2e6765dfaaed62005667264734a1f76ec09071"", 9], [""fbdd7f9dd299d83b1f398778da2e6765dfaaed62005667264734a1f76ec09071"", 10], [""fbdd7f9dd299d83b1f398778da2e6765dfaaed62005667264734a1f76ec09071"", 17]]","[[""fbdd7f9dd299d83b1f398778da2e6765dfaaed62005667264734a1f76ec09071"", 10]]",False,
mixed-R5,de67a8574c9e4352ba32d662761e8b2e59ce1d2ae36c33cf5c563dfc5d879920,"Considering all documents across case CA 005/2025 and case TCD 001/2024, was there any judge who participated in both cases?",boolean,null,true,0.0,0.25,0.5,"[[""03b621728fe29eb6113fcdb57f6458d793fd2d5c5b833ae26d40f04a29c85359"", 1], [""0471e83c1ea18086cfb6b3ff51da6f22b0efee337f10315b2593f782297ccb84"", 1], [""62930da32fa3172edf2f2bbf3da268455bd99a7b5fab34d72358730d8cd5da30"", 1], [""c98c1475692bc22f4abab6a7a7d7969467c94e46a7e68919aaf127179ebf3f54"", 1]]","[[""0471e83c1ea18086cfb6b3ff51da6f22b0efee337f10315b2593f782297ccb84"", 1], [""437568a801115019fe8278385c0484bdf07ab86f9a499ecaba2b7969b37c764b"", 1]]",False,
mixed-R5,e153746c20cc385a520728ac381151f424c9eee10e4c582904fee70afe9af243,"According to Article 10 of the Employment Law 2019, how many months after the Termination Date must a claim under this Law be presented to the Court, unless otherwise specified?",number,6,6,1.0,0.2,1.0,"[[""09660f78c26cd56c08c7253ed21ba01fb246092f482ccd8acd8e6f9b6fd2d917"", 2], [""09660f78c26cd56c08c7253ed21ba01fb246092f482ccd8acd8e6f9b6fd2d917"", 4], [""33bc02044716acdfedb164b065bdaec098aaadcae863c591f9931c88e7307d16"", 6], [""33bc02044716acdfedb164b065bdaec098aaadcae863c591f9931c88e7307d16"", 9], [""33bc02044716acdfedb164b065bdaec098aaadcae863c591f9931c88e7307d16"", 12]]","[[""33bc02044716acdfedb164b065bdaec098aaadcae863c591f9931c88e7307d16"", 6]]",True,
mixed-R5,922dcd5ae0d2420ec5577ed8094f593124f7b69f7e61b12c24ad46410114e8ae,What official law number is stated on the cover page of the DIFC Trust Law?,number,4,4,1.0,0.14285714285714285,1.0,"[[""22442c5ee999e2519c68de908be511875a84f2b810ed540c2dcfcbcc65031434"", 1], [""33bc02044716acdfedb164b065bdaec098aaadcae863c591f9931c88e7307d16"", 1], [""4e387152960c1029b3711cacb05b287b13c977bc61f2558059a62b7b427a62eb"", 1], [""4e387152960c1029b3711cacb05b287b13c977bc61f2558059a62b7b427a62eb"", 50], [""536bbce854b9406cc22697e04fcdabd645e030c0e55b918252643b00e0b2b25f"", 20], [""72ea171147bf30326fe6fd2e6798f607c7cef4bf9d43761dbccd2f1b6a356849"", 1], [""ff746f7b583490a80ba104361c0a82a1ebbf7ed9097cd03dc49d744cb5057761"", 4]]","[[""4e387152960c1029b3711cacb05b287b13c977bc61f2558059a62b7b427a62eb"", 1]]",False,
mixed-R5,f950917f9b85f687161b1022a11c3ce31e4f6ab459af69dfea311c20893fc8a7,Who are listed as the claimants in the case documents for CFI 067/2025?,names,"[""Coinmena B.S.C. (C)""]","[""COINMENA B.S.C. (C)""]",1.0,0.16666666666666666,1.0,"[[""1b446e196b4d1752241c8ff689a31ea705e98ad0c16b9d343c303664f72b64a1"", 1], [""3a574fc4f0baa5ec7ff0dcc822d7c55e4f9c493c24addc217c8df3d848c16fa5"", 1], [""58eae81bf668e7f6c58619f419a49b5e35e2e5c9c7475475ace28ec562580545"", 1], [""6248961b681ea0deb189f354be0c8286f35974dcdb211c13c921c3dd0e566a6e"", 1], [""62930da32fa3172edf2f2bbf3da268455bd99a7b5fab34d72358730d8cd5da30"", 1], [""897ab23ed5a70034d3d708d871ad1da8bc7b6608d94b1ca46b5d578d985d3c13"", 1]]","[[""897ab23ed5a70034d3d708d871ad1da8bc7b6608d94b1ca46b5d578d985d3c13"", 1]]",True,
mixed-R5,254c8499b22ba05b0b1536c111b23e8afb031d0ed14af5970f665d6b1e821e65,"Under Article 26(2) of the Employment Law 2019, for how many months after the actual date of childbirth is a female Employee returning from Maternity Leave entitled to nursing breaks if her working time exceeds six hours?",number,6,6,1.0,0.25,1.0,"[[""33bc02044716acdfedb164b065bdaec098aaadcae863c591f9931c88e7307d16"", 9], [""33bc02044716acdfedb164b065bdaec098aaadcae863c591f9931c88e7307d16"", 14], [""33bc02044716acdfedb164b065bdaec098aaadcae863c591f9931c88e7307d16"", 17], [""33bc02044716acdfedb164b065bdaec098aaadcae863c591f9931c88e7307d16"", 18]]","[[""33bc02044716acdfedb164b065bdaec098aaadcae863c591f9931c88e7307d16"", 14]]",True,
mixed-R5,322674cd65809bde505d9f50edb1bf7e1674f7e118a8179617732a3942b52d74,"According to Article 19(4) of the General Partnership Law 2004, how many months after the end of the financial year must the accounts for that year be prepared and approved by the Partners?",number,6,6,1.0,0.2,1.0,"[[""302a0bd8d67775e8dc5960ecec7879be566300d8b32c4b0153ba15ebdb279425"", 7], [""302a0bd8d67775e8dc5960ecec7879be566300d8b32c4b0153ba15ebdb279425"", 8], [""302a0bd8d67775e8dc5960ecec7879be566300d8b32c4b0153ba15ebdb279425"", 22], [""302a0bd8d67775e8dc5960ecec7879be566300d8b32c4b0153ba15ebdb279425"", 23], [""b82ac8228e051d96bf8d706d3251893ebff1c9457b066fce3b7cb99af956f2a7"", 13]]","[[""302a0bd8d67775e8dc5960ecec7879be566300d8b32c4b0153ba15ebdb279425"", 8]]",False,
mixed-R5,87a1294f4e8414adaf49579d914252f4c7a9e90c54a452b5a420bed4934ce335,"If a Reporting Financial Institution obtains or creates records in a language other than English under the Common Reporting Standard Law 2018, what must it provide upon request to the Relevant Authority?",free_text,"""It must provide an English translation to the Relevant Authority upon request.""","""It must provide an English translation to the Relevant Authority upon request.""",1.0,0.3333333333333333,1.0,"[[""fbdd7f9dd299d83b1f398778da2e6765dfaaed62005667264734a1f76ec09071"", 3], [""fbdd7f9dd299d83b1f398778da2e6765dfaaed62005667264734a1f76ec09071"", 7], [""fbdd7f9dd299d83b1f398778da2e6765dfaaed62005667264734a1f76ec09071"", 8]]","[[""fbdd7f9dd299d83b1f398778da2e6765dfaaed62005667264734a1f76ec09071"", 7]]",False,
mixed-R5,b2fcc22c0bfc27e799fec5df74c911114a91f83d0aa2995729390d6c8cb80c1a,On what date was the DIFC Personal Property Law 2005 enacted?,free_text,"""There is no information on this question in the provided documents.""","""There is no information on this question in the provided documents.""",1.0,,,"[[""33bc02044716acdfedb164b065bdaec098aaadcae863c591f9931c88e7307d16"", 39], [""4e387152960c1029b3711cacb05b287b13c977bc61f2558059a62b7b427a62eb"", 4], [""536bbce854b9406cc22697e04fcdabd645e030c0e55b918252643b00e0b2b25f"", 1], [""536bbce854b9406cc22697e04fcdabd645e030c0e55b918252643b00e0b2b25f"", 3], [""536bbce854b9406cc22697e04fcdabd645e030c0e55b918252643b00e0b2b25f"", 20], [""ff746f7b583490a80ba104361c0a82a1ebbf7ed9097cd03dc49d744cb5057761"", 3]]",[],False,"The submission appropriately abstains, matching the reference and the available evidence, which does not provide the enactment date."
mixed-R5,8167b0cfeb476ce373ca991b28b3b35f78a8c3c9a5e3d1b682fdbb0ed5604ef4,"Looking only at the last page of the document in case SCT 514/2025, what was the outcome of the specific order or application described?",free_text,"""The Permission to Appeal Application was refused.""","""The Defendant's Application for Permission to Appeal was refused.""",1.0,0.0,0.0,"[[""3a574fc4f0baa5ec7ff0dcc822d7c55e4f9c493c24addc217c8df3d848c16fa5"", 1], [""437568a801115019fe8278385c0484bdf07ab86f9a499ecaba2b7969b37c764b"", 10], [""58eae81bf668e7f6c58619f419a49b5e35e2e5c9c7475475ace28ec562580545"", 1], [""62930da32fa3172edf2f2bbf3da268455bd99a7b5fab34d72358730d8cd5da30"", 1], [""6306079a16b1dec85690f75c715cdbd78b0685a3e19ee30250d481bc32f2e29a"", 1], [""c98c1475692bc22f4abab6a7a7d7969467c94e46a7e68919aaf127179ebf3f54"", 1]]","[[""6306079a16b1dec85690f75c715cdbd78b0685a3e19ee30250d481bc32f2e29a"", 6]]",True,The answer matches the reference and is directly supported by the last-page evidence.
mixed-R5,2e211d0cdb29134de759b277c8b8ed5b8fe43f033dcec1e4bd15feafb1dbb8ab,"Across all documents in case DEC 001/2025 and case SCT 514/2025, is there any legal entity or individual that appears as a main party in both cases?",boolean,null,false,0.0,0.5,0.6666666666666666,"[[""1a255edc261961ec64870466a27ac4e25b5ebc2abe298e1b69f8dd2fc27288f6"", 1], [""3f8a5ea0e051ba3af7a02da340c911fe0970ebece6c852c3e61a10c00cac6d6e"", 1], [""839de9798f377492eee68f82b202d7cd3544be83d799f6226a02f3678c9bb914"", 1], [""839de9798f377492eee68f82b202d7cd3544be83d799f6226a02f3678c9bb914"", 7]]","[[""3f8a5ea0e051ba3af7a02da340c911fe0970ebece6c852c3e61a10c00cac6d6e"", 1], [""6306079a16b1dec85690f75c715cdbd78b0685a3e19ee30250d481bc32f2e29a"", 1], [""839de9798f377492eee68f82b202d7cd3544be83d799f6226a02f3678c9bb914"", 1]]",True,
mixed-R5,89f4b2e86cf7e48e185b9d5775d67e7c8a51beccbb20abce8dac2a1b0e80b723,Were the Miranda rights properly administered in case ENF 269/2023?,free_text,"""There is no information on this question in the provided documents.""","""There is no information on this question in the provided documents.""",1.0,,,"[[""22442c5ee999e2519c68de908be511875a84f2b810ed540c2dcfcbcc65031434"", 30], [""33bc02044716acdfedb164b065bdaec098aaadcae863c591f9931c88e7307d16"", 2], [""33bc02044716acdfedb164b065bdaec098aaadcae863c591f9931c88e7307d16"", 6], [""5d3df6d69fac3ef91e13ac835b43a35e9e434fbc7e72ea5c01e288d69b66e6a2"", 1], [""bd2d222ee0a636a745434cfb457321cd658db5bb32b5f0a3f5643236cc1503d8"", 1], [""bd2d222ee0a636a745434cfb457321cd658db5bb32b5f0a3f5643236cc1503d8"", 3]]",[],False,The submission appropriately abstains because the provided documents do not contain information about Miranda rights in ENF 269/2023.
mixed-R5,98d473221f50a845466544b43d6bb52b0497893aade63a8659db228459c271b4,When was the consolidated version of the Law on the Application of Civil and Commercial Laws in the DIFC published?,free_text,"""The consolidated version was published in 2024-11.""","""The consolidated version was published in November 2024.""",1.0,0.25,1.0,"[[""ff746f7b583490a80ba104361c0a82a1ebbf7ed9097cd03dc49d744cb5057761"", 1], [""ff746f7b583490a80ba104361c0a82a1ebbf7ed9097cd03dc49d744cb5057761"", 2], [""ff746f7b583490a80ba104361c0a82a1ebbf7ed9097cd03dc49d744cb5057761"", 3], [""ff746f7b583490a80ba104361c0a82a1ebbf7ed9097cd03dc49d744cb5057761"", 7]]","[[""ff746f7b583490a80ba104361c0a82a1ebbf7ed9097cd03dc49d744cb5057761"", 1]]",False,"All criteria met. The answer matches the reference (‘November 2024’), is directly responsive, and is supported by the evidence showing ‘Consolidated Version (November 2024)’. The high confidence is appropriate."
mixed-R5,5cb2e9e631929fec4306d0bf7cbf145bcfe5f29d86eade85178d359852626cbf,Does the DIFC law numbered DIFC Law No. 7 of 2018 deal with insolvency and preferential debts?,boolean,false,false,1.0,0.125,1.0,"[[""22442c5ee999e2519c68de908be511875a84f2b810ed540c2dcfcbcc65031434"", 1], [""33bc02044716acdfedb164b065bdaec098aaadcae863c591f9931c88e7307d16"", 39], [""4e387152960c1029b3711cacb05b287b13c977bc61f2558059a62b7b427a62eb"", 1], [""72ea171147bf30326fe6fd2e6798f607c7cef4bf9d43761dbccd2f1b6a356849"", 1], [""72ea171147bf30326fe6fd2e6798f607c7cef4bf9d43761dbccd2f1b6a356849"", 40], [""72ea171147bf30326fe6fd2e6798f607c7cef4bf9d43761dbccd2f1b6a356849"", 41], [""b82ac8228e051d96bf8d706d3251893ebff1c9457b066fce3b7cb99af956f2a7"", 24], [""fbdd7f9dd299d83b1f398778da2e6765dfaaed62005667264734a1f76ec09071"", 1]]","[[""72ea171147bf30326fe6fd2e6798f607c7cef4bf9d43761dbccd2f1b6a356849"", 1]]",False,
mixed-R5,30167c4bda50157907608b180c50e4e49902b0cb6bd09b6461b6c7cb75961a1b,"Summarize the court's final ruling in case CFI 010/2024, as stated on the first page of the document.",free_text,"""The court dismissed the Application and ordered that the Claimant bear its own costs of the Application.""","""The court dismissed the Claimant's application for a Default Costs Certificate and ordered the Claimant to bear its own costs of the application.""",1.0,0.2,1.0,"[[""3f8a5ea0e051ba3af7a02da340c911fe0970ebece6c852c3e61a10c00cac6d6e"", 18], [""443e04bc1a78940b3fcd5438d24b6c5f182a276d354a3108e738b193675de032"", 1], [""443e04bc1a78940b3fcd5438d24b6c5f182a276d354a3108e738b193675de032"", 2], [""d32e76d495ac7d855d805fb71682b98d254520e3799aa4529ebc983212648335"", 1], [""d32e76d495ac7d855d805fb71682b98d254520e3799aa4529ebc983212648335"", 10]]","[[""443e04bc1a78940b3fcd5438d24b6c5f182a276d354a3108e738b193675de032"", 1]]",True,"The answer matches the ruling on the first page: the application was dismissed and the Claimant was ordered to bear its own costs. It is slightly less specific than the reference because it omits that the application was for a Default Costs Certificate, but it is still factually aligned and responsive."
mixed-R5,30040cc854022341de6bb9ee7dc3e932d540666a1addda4750bf974ce9d9292f,Which case has an earlier Date of Issue: CFI 016/2025 or ENF 269/2023?,name,"""ENF 269/2023""","""ENF 269/2023""",1.0,0.0,0.0,"[[""1a255edc261961ec64870466a27ac4e25b5ebc2abe298e1b69f8dd2fc27288f6"", 2], [""437568a801115019fe8278385c0484bdf07ab86f9a499ecaba2b7969b37c764b"", 15], [""5d3df6d69fac3ef91e13ac835b43a35e9e434fbc7e72ea5c01e288d69b66e6a2"", 1], [""6248961b681ea0deb189f354be0c8286f35974dcdb211c13c921c3dd0e566a6e"", 1], [""bd2d222ee0a636a745434cfb457321cd658db5bb32b5f0a3f5643236cc1503d8"", 3]]","[[""5d3df6d69fac3ef91e13ac835b43a35e9e434fbc7e72ea5c01e288d69b66e6a2"", 3], [""6248961b681ea0deb189f354be0c8286f35974dcdb211c13c921c3dd0e566a6e"", 2]]",False,
mixed-R5,33060f268efcac79c65cd3e0a39bc0f7d91d9bb1802bc2e08bfa43ec5a5cd355,"According to Article 16(1) of the Operating Law 2018, what document must every Registered Person file with the Registrar at the same time as applying for Licence renewal?",name,"""Confirmation Statement""","""Confirmation Statement""",1.0,0.25,1.0,"[[""72ea171147bf30326fe6fd2e6798f607c7cef4bf9d43761dbccd2f1b6a356849"", 8], [""72ea171147bf30326fe6fd2e6798f607c7cef4bf9d43761dbccd2f1b6a356849"", 9], [""72ea171147bf30326fe6fd2e6798f607c7cef4bf9d43761dbccd2f1b6a356849"", 11], [""72ea171147bf30326fe6fd2e6798f607c7cef4bf9d43761dbccd2f1b6a356849"", 19]]","[[""72ea171147bf30326fe6fd2e6798f607c7cef4bf9d43761dbccd2f1b6a356849"", 11]]",False,
mixed-R5,0149374f1699ab209f6169cffcdd94f45072fca07fbf7a580720760f5c32f658,"Under Article 11(2)(b) of the Employment Law 2019, can an Employee waive any right under this Law by entering into a written agreement with their Employer to terminate employment, provided they were given an opportunity to receive independent legal advice or took part in mediation?",boolean,true,true,1.0,0.25,1.0,"[[""33bc02044716acdfedb164b065bdaec098aaadcae863c591f9931c88e7307d16"", 4], [""33bc02044716acdfedb164b065bdaec098aaadcae863c591f9931c88e7307d16"", 5], [""33bc02044716acdfedb164b065bdaec098aaadcae863c591f9931c88e7307d16"", 6], [""33bc02044716acdfedb164b065bdaec098aaadcae863c591f9931c88e7307d16"", 7]]","[[""33bc02044716acdfedb164b065bdaec098aaadcae863c591f9931c88e7307d16"", 7]]",True,
mixed-R5,5c3ca60614572a117bb7436e202cb32249c186ad8c5526b35a3556b54ff425b7,Which case has an earlier Date of Issue: CA 004/2025 or SCT 295/2025?,name,"""CA 004/2025""","""CA 004/2025""",1.0,0.25,0.5,"[[""09660f78c26cd56c08c7253ed21ba01fb246092f482ccd8acd8e6f9b6fd2d917"", 1], [""09660f78c26cd56c08c7253ed21ba01fb246092f482ccd8acd8e6f9b6fd2d917"", 2], [""78ffe994cdc61ce6a2a6937c79fc52751bb5d2b4eaa4019f088fbccf70569c26"", 1], [""f4c4d051d514270964adcf58e124569e396602340b7d9172671759de10a95897"", 2]]","[[""09660f78c26cd56c08c7253ed21ba01fb246092f482ccd8acd8e6f9b6fd2d917"", 2], [""78ffe994cdc61ce6a2a6937c79fc52751bb5d2b4eaa4019f088fbccf70569c26"", 2]]",True,
mixed-R5,52e9e31a6d7a80a597147115b3d38065da495a41e7c11e797d0a190c9a580bcf,What was the outcome of the specific order or application described in case SCT 295/2025?,free_text,"""There is no information on this question in the provided documents.""","""The permission to appeal application was refused, and there was no order as to costs.""",0.4,0.0,0.0,"[[""09660f78c26cd56c08c7253ed21ba01fb246092f482ccd8acd8e6f9b6fd2d917"", 1], [""1a255edc261961ec64870466a27ac4e25b5ebc2abe298e1b69f8dd2fc27288f6"", 75], [""3a574fc4f0baa5ec7ff0dcc822d7c55e4f9c493c24addc217c8df3d848c16fa5"", 1], [""437568a801115019fe8278385c0484bdf07ab86f9a499ecaba2b7969b37c764b"", 5], [""437568a801115019fe8278385c0484bdf07ab86f9a499ecaba2b7969b37c764b"", 10], [""5d3df6d69fac3ef91e13ac835b43a35e9e434fbc7e72ea5c01e288d69b66e6a2"", 5], [""d32e76d495ac7d855d805fb71682b98d254520e3799aa4529ebc983212648335"", 3]]","[[""09660f78c26cd56c08c7253ed21ba01fb246092f482ccd8acd8e6f9b6fd2d917"", 2]]",False,"The submission does not answer the question: the reference says the permission to appeal application was refused and there was no order as to costs. It is grounded as an abstention because the provided evidence does not actually show the outcome, but the confidence is too high for such a non-answer."
mixed-R5,fdeb03aecacff6f7d78a86ff22a13e95abe014855c18282b142d6ad1f46daa0a,Review the full case files for DEC 001/2025 and TCD 001/2024 — did any judge preside over proceedings in both cases?,boolean,null,false,0.0,0.5,0.5,"[[""0471e83c1ea18086cfb6b3ff51da6f22b0efee337f10315b2593f782297ccb84"", 1], [""1a255edc261961ec64870466a27ac4e25b5ebc2abe298e1b69f8dd2fc27288f6"", 1], [""1a255edc261961ec64870466a27ac4e25b5ebc2abe298e1b69f8dd2fc27288f6"", 8], [""62930da32fa3172edf2f2bbf3da268455bd99a7b5fab34d72358730d8cd5da30"", 1], [""839de9798f377492eee68f82b202d7cd3544be83d799f6226a02f3678c9bb914"", 7], [""c98c1475692bc22f4abab6a7a7d7969467c94e46a7e68919aaf127179ebf3f54"", 1]]","[[""0471e83c1ea18086cfb6b3ff51da6f22b0efee337f10315b2593f782297ccb84"", 1], [""1a255edc261961ec64870466a27ac4e25b5ebc2abe298e1b69f8dd2fc27288f6"", 2], [""3f8a5ea0e051ba3af7a02da340c911fe0970ebece6c852c3e61a10c00cac6d6e"", 1], [""62930da32fa3172edf2f2bbf3da268455bd99a7b5fab34d72358730d8cd5da30"", 1], [""839de9798f377492eee68f82b202d7cd3544be83d799f6226a02f3678c9bb914"", 1], [""c98c1475692bc22f4abab6a7a7d7969467c94e46a7e68919aaf127179ebf3f54"", 1]]",False,
mixed-R5,eeffebf44c689e60729c466dd3fda5e7c2731c84220464c1808ef661452d1de0,"According to the Conclusion section of case CA 009/2024, how did the Court of Appeal rule, and what costs were awarded?",free_text,"""In the Conclusion section, the Court of Appeal made a costs award in favour of the Appellant, fixing those costs at 50% of the amount claimed, namely USD 60,541.25.""","""The Court of Appeal allowed the appeal to the extent shown in its order, restored the amended Second Part 50 order against Ms Onita, dismissed the appeal as to Mr Oron, and awarded the appellant USD 60,541.25 in costs.""",0.6,0.16666666666666666,1.0,"[[""3f8a5ea0e051ba3af7a02da340c911fe0970ebece6c852c3e61a10c00cac6d6e"", 18], [""6248961b681ea0deb189f354be0c8286f35974dcdb211c13c921c3dd0e566a6e"", 2], [""6248961b681ea0deb189f354be0c8286f35974dcdb211c13c921c3dd0e566a6e"", 6], [""78ffe994cdc61ce6a2a6937c79fc52751bb5d2b4eaa4019f088fbccf70569c26"", 1], [""bd2d222ee0a636a745434cfb457321cd658db5bb32b5f0a3f5643236cc1503d8"", 1], [""bd2d222ee0a636a745434cfb457321cd658db5bb32b5f0a3f5643236cc1503d8"", 14]]","[[""bd2d222ee0a636a745434cfb457321cd658db5bb32b5f0a3f5643236cc1503d8"", 14]]",True,"The costs figure is correct and supported, but the answer omits the actual ruling on the appeal (allowed in part, restored the amended Second Part 50 order against Ms Onita, and dismissed as to Mr Oron). Its confidence is a bit too high given that omission."
mixed-R5,6c32a091c7108047fabbea4f78137837d79c46a5a864963872cb7035ea9cce0f,What was the claim value in AED referenced in the appeal judgment CA 005/2025?,number,4200000,405351504,0.0,0.0,0.0,"[[""09660f78c26cd56c08c7253ed21ba01fb246092f482ccd8acd8e6f9b6fd2d917"", 5], [""6248961b681ea0deb189f354be0c8286f35974dcdb211c13c921c3dd0e566a6e"", 1], [""6248961b681ea0deb189f354be0c8286f35974dcdb211c13c921c3dd0e566a6e"", 5], [""6248961b681ea0deb189f354be0c8286f35974dcdb211c13c921c3dd0e566a6e"", 6], [""6248961b681ea0deb189f354be0c8286f35974dcdb211c13c921c3dd0e566a6e"", 7], [""62930da32fa3172edf2f2bbf3da268455bd99a7b5fab34d72358730d8cd5da30"", 3], [""78ffe994cdc61ce6a2a6937c79fc52751bb5d2b4eaa4019f088fbccf70569c26"", 1], [""f4c4d051d514270964adcf58e124569e396602340b7d9172671759de10a95897"", 2]]","[[""437568a801115019fe8278385c0484bdf07ab86f9a499ecaba2b7969b37c764b"", 3]]",False,
mixed-R5,f564b1fd7332944fa826e3af69330b53e8fed018c370dde5b57a8e338d4ecd62,"Between CFI 016/2025 and CFI 057/2025, which document has the earlier issue date?",name,"""CFI 057/2025""","""CFI 057/2025""",1.0,0.4,1.0,"[[""1b446e196b4d1752241c8ff689a31ea705e98ad0c16b9d343c303664f72b64a1"", 1], [""3a574fc4f0baa5ec7ff0dcc822d7c55e4f9c493c24addc217c8df3d848c16fa5"", 1], [""6248961b681ea0deb189f354be0c8286f35974dcdb211c13c921c3dd0e566a6e"", 1], [""62930da32fa3172edf2f2bbf3da268455bd99a7b5fab34d72358730d8cd5da30"", 1], [""839de9798f377492eee68f82b202d7cd3544be83d799f6226a02f3678c9bb914"", 33]]","[[""1b446e196b4d1752241c8ff689a31ea705e98ad0c16b9d343c303664f72b64a1"", 1], [""6248961b681ea0deb189f354be0c8286f35974dcdb211c13c921c3dd0e566a6e"", 1]]",True,
mixed-R5,b31a702f36e2c43e845e13f160ebc35d3d6ea27eb66a351561a94f0ce56b8667,"According to Article 13 of the Employment Law 2019, can an Employer employ a child who is under sixteen years of age?",boolean,false,false,1.0,0.2,1.0,"[[""33bc02044716acdfedb164b065bdaec098aaadcae863c591f9931c88e7307d16"", 4], [""33bc02044716acdfedb164b065bdaec098aaadcae863c591f9931c88e7307d16"", 5], [""33bc02044716acdfedb164b065bdaec098aaadcae863c591f9931c88e7307d16"", 6], [""33bc02044716acdfedb164b065bdaec098aaadcae863c591f9931c88e7307d16"", 7], [""33bc02044716acdfedb164b065bdaec098aaadcae863c591f9931c88e7307d16"", 44]]","[[""33bc02044716acdfedb164b065bdaec098aaadcae863c591f9931c88e7307d16"", 7]]",True,
mixed-R5,b13500141f04c86f328b49c56ba01c7bc13bce5afee9646860912718291a5c1a,"According to Article 7(3)(j) of the Operating Law 2018, can the Registrar delegate its functions and powers to officers or employees of the DIFCA without the approval of the Board of Directors of the DIFCA?",boolean,true,true,1.0,0.25,1.0,"[[""72ea171147bf30326fe6fd2e6798f607c7cef4bf9d43761dbccd2f1b6a356849"", 3], [""72ea171147bf30326fe6fd2e6798f607c7cef4bf9d43761dbccd2f1b6a356849"", 6], [""72ea171147bf30326fe6fd2e6798f607c7cef4bf9d43761dbccd2f1b6a356849"", 29], [""fbdd7f9dd299d83b1f398778da2e6765dfaaed62005667264734a1f76ec09071"", 6]]","[[""72ea171147bf30326fe6fd2e6798f607c7cef4bf9d43761dbccd2f1b6a356849"", 6]]",False,
mixed-R5,43f77ed8a37c7af9b3e52b0532c593c768f8f1159db9b9ca717a700d6b0a47f9,"From the header/caption section of each document in case TCD 001/2024, identify all parties listed as Claimant.",names,"[""Architeriors Interior Design (L.L.C)""]","[""ARCHITERIORS INTERIOR DESIGN (L.L.C)""]",1.0,0.75,1.0,"[[""0471e83c1ea18086cfb6b3ff51da6f22b0efee337f10315b2593f782297ccb84"", 1], [""62930da32fa3172edf2f2bbf3da268455bd99a7b5fab34d72358730d8cd5da30"", 1], [""839de9798f377492eee68f82b202d7cd3544be83d799f6226a02f3678c9bb914"", 5], [""c98c1475692bc22f4abab6a7a7d7969467c94e46a7e68919aaf127179ebf3f54"", 1]]","[[""0471e83c1ea18086cfb6b3ff51da6f22b0efee337f10315b2593f782297ccb84"", 1], [""62930da32fa3172edf2f2bbf3da268455bd99a7b5fab34d72358730d8cd5da30"", 1], [""c98c1475692bc22f4abab6a7a7d7969467c94e46a7e68919aaf127179ebf3f54"", 1]]",False,
mixed-R5,12eaaba41338f13b21be7ab9fa1d754390b7aab512e9f33ea7184cc2b2f54d86,Is there a judge who presided over both case CA 004/2025 and case CFI 010/2024?,boolean,false,false,1.0,0.4,1.0,"[[""03b621728fe29eb6113fcdb57f6458d793fd2d5c5b833ae26d40f04a29c85359"", 1], [""1a255edc261961ec64870466a27ac4e25b5ebc2abe298e1b69f8dd2fc27288f6"", 2], [""443e04bc1a78940b3fcd5438d24b6c5f182a276d354a3108e738b193675de032"", 1], [""443e04bc1a78940b3fcd5438d24b6c5f182a276d354a3108e738b193675de032"", 2], [""78ffe994cdc61ce6a2a6937c79fc52751bb5d2b4eaa4019f088fbccf70569c26"", 1]]","[[""443e04bc1a78940b3fcd5438d24b6c5f182a276d354a3108e738b193675de032"", 1], [""78ffe994cdc61ce6a2a6937c79fc52751bb5d2b4eaa4019f088fbccf70569c26"", 1]]",True,
mixed-R5,1097af38db84c4d507357bfbdcbbcc1de60a0ccb10752bad8091a75b8f53eb5c,What is the minimum period for which a DIFC-incorporated General Partnership and a DIFC-incorporated Limited Liability Partnership must preserve their accounting records?,free_text,"""Both a DIFC-incorporated General Partnership and a DIFC-incorporated Limited Liability Partnership must preserve their accounting records for at least six (6) years from the date they were created.""","""Both must preserve their accounting records for at least six years from the date they were created.""",1.0,0.4,1.0,"[[""22442c5ee999e2519c68de908be511875a84f2b810ed540c2dcfcbcc65031434"", 2], [""302a0bd8d67775e8dc5960ecec7879be566300d8b32c4b0153ba15ebdb279425"", 2], [""302a0bd8d67775e8dc5960ecec7879be566300d8b32c4b0153ba15ebdb279425"", 7], [""b82ac8228e051d96bf8d706d3251893ebff1c9457b066fce3b7cb99af956f2a7"", 2], [""b82ac8228e051d96bf8d706d3251893ebff1c9457b066fce3b7cb99af956f2a7"", 13]]","[[""302a0bd8d67775e8dc5960ecec7879be566300d8b32c4b0153ba15ebdb279425"", 7], [""b82ac8228e051d96bf8d706d3251893ebff1c9457b066fce3b7cb99af956f2a7"", 13]]",False,
mixed-R5,0a414e1d999bcde13b5dac055194ed52527555ac577946acef75372eaad360fa,What did the jury decide in case ENF 269/2023?,free_text,"""In ENF 269/2023, the court recognized the DIFC-LCIA awards as binding and ordered that they be enforced in the same manner as a judgment of the DIFC Courts.""","""There is no information on this question in the provided documents.""",0.2,,,"[[""3a574fc4f0baa5ec7ff0dcc822d7c55e4f9c493c24addc217c8df3d848c16fa5"", 3], [""536bbce854b9406cc22697e04fcdabd645e030c0e55b918252643b00e0b2b25f"", 20], [""5d3df6d69fac3ef91e13ac835b43a35e9e434fbc7e72ea5c01e288d69b66e6a2"", 1], [""839de9798f377492eee68f82b202d7cd3544be83d799f6226a02f3678c9bb914"", 3], [""bd2d222ee0a636a745434cfb457321cd658db5bb32b5f0a3f5643236cc1503d8"", 1], [""bd2d222ee0a636a745434cfb457321cd658db5bb32b5f0a3f5643236cc1503d8"", 3], [""c98c1475692bc22f4abab6a7a7d7969467c94e46a7e68919aaf127179ebf3f54"", 11]]",[],False,"The reference says there is no information available, so the answer should have abstained. Instead it gives a substantive answer about the court’s order, and it does not answer the question about a jury decision."
mixed-R5,146567e3d096312584103b24983e3ff8e904e4ec5dea993d9774d24fef15fce7,"According to Article 14(2)(b) of the General Partnership Law 2004, how many years must a Recognised Partnership's Accounting Records be preserved?",number,6,6,1.0,0.3333333333333333,1.0,"[[""302a0bd8d67775e8dc5960ecec7879be566300d8b32c4b0153ba15ebdb279425"", 6], [""302a0bd8d67775e8dc5960ecec7879be566300d8b32c4b0153ba15ebdb279425"", 7], [""b82ac8228e051d96bf8d706d3251893ebff1c9457b066fce3b7cb99af956f2a7"", 18]]","[[""302a0bd8d67775e8dc5960ecec7879be566300d8b32c4b0153ba15ebdb279425"", 6]]",False,
mixed-R5,81d5652bd7e7518381629876f05fdded589e1acc60c8e93aae54488d23493214,Is there a judge who presided over both case ARB 034/2025 and case CFI 067/2025?,boolean,true,true,1.0,0.6666666666666666,1.0,"[[""1a255edc261961ec64870466a27ac4e25b5ebc2abe298e1b69f8dd2fc27288f6"", 2], [""58eae81bf668e7f6c58619f419a49b5e35e2e5c9c7475475ace28ec562580545"", 1], [""897ab23ed5a70034d3d708d871ad1da8bc7b6608d94b1ca46b5d578d985d3c13"", 1]]","[[""58eae81bf668e7f6c58619f419a49b5e35e2e5c9c7475475ace28ec562580545"", 1], [""897ab23ed5a70034d3d708d871ad1da8bc7b6608d94b1ca46b5d578d985d3c13"", 1]]",True,
mixed-R5,ca8aebcc86f2b1ea064a28736c67b04357474bcf1128890991c73a237091638a,"Under Article 10(3) of the Operating Law 2018, how many days does a Registered Person have to change its name if it becomes misleading, deceptive, or conflicting?",number,30,30,1.0,0.3333333333333333,1.0,"[[""72ea171147bf30326fe6fd2e6798f607c7cef4bf9d43761dbccd2f1b6a356849"", 9], [""72ea171147bf30326fe6fd2e6798f607c7cef4bf9d43761dbccd2f1b6a356849"", 10], [""72ea171147bf30326fe6fd2e6798f607c7cef4bf9d43761dbccd2f1b6a356849"", 11]]","[[""72ea171147bf30326fe6fd2e6798f607c7cef4bf9d43761dbccd2f1b6a356849"", 9]]",False,
mixed-R5,d9d27c9cace6eafd11dbb349244e0443e16c8cc0efdf516514cc945135e1a597,"Between ARB 034/2025 and SCT 295/2025, which was issued first?",name,"""SCT 295/2025""","""SCT 295/2025""",1.0,0.0,0.0,"[[""09660f78c26cd56c08c7253ed21ba01fb246092f482ccd8acd8e6f9b6fd2d917"", 1], [""3a574fc4f0baa5ec7ff0dcc822d7c55e4f9c493c24addc217c8df3d848c16fa5"", 1], [""58eae81bf668e7f6c58619f419a49b5e35e2e5c9c7475475ace28ec562580545"", 1]]","[[""09660f78c26cd56c08c7253ed21ba01fb246092f482ccd8acd8e6f9b6fd2d917"", 2], [""58eae81bf668e7f6c58619f419a49b5e35e2e5c9c7475475ace28ec562580545"", 2]]",True,
mixed-R5,be35b591e2e2383879988055e11ebf31df0e145903e04b4e0c6fca1786ff634d,"According to the 'IT IS HEREBY ORDERED THAT' section of arbitration case ARB 034/2025, what did the court decide?",free_text,"""There is no information on this question in the provided documents.""","""The ASI Order was discharged, the Defendant's Set Aside Application was granted, and the Claimant was ordered to pay the Defendant's costs, with a costs statement due within 5 days.""",0.2,0.2,1.0,"[[""09660f78c26cd56c08c7253ed21ba01fb246092f482ccd8acd8e6f9b6fd2d917"", 2], [""3a574fc4f0baa5ec7ff0dcc822d7c55e4f9c493c24addc217c8df3d848c16fa5"", 2], [""58eae81bf668e7f6c58619f419a49b5e35e2e5c9c7475475ace28ec562580545"", 1], [""58eae81bf668e7f6c58619f419a49b5e35e2e5c9c7475475ace28ec562580545"", 2], [""c98c1475692bc22f4abab6a7a7d7969467c94e46a7e68919aaf127179ebf3f54"", 1]]","[[""58eae81bf668e7f6c58619f419a49b5e35e2e5c9c7475475ace28ec562580545"", 2]]",True,"Correctness: the reference provides a specific set of orders, so saying there is no information is wrong. Completeness: it does not identify the discharge of the ASI Order, the granted set-aside application, or the costs order. Grounding: the claim that the documents contain no information is not supported by the supplied evidence. Confidence calibration: 0.95 is not appropriate for an incorrect/non-responsive answer. Clarity and relevance: the response is clear, concise, and on topic, even though it is unhelpful."
mixed-R5,8bf189fe861d79f2e2dfb2e9126fe590c41f6034afc0ee1ef5aefa61202b9d01,"Based on all documents in case CFI 010/2024 and case DEC 001/2025, did any judge appear in both cases?",boolean,false,false,1.0,0.5,0.75,"[[""1a255edc261961ec64870466a27ac4e25b5ebc2abe298e1b69f8dd2fc27288f6"", 2], [""1a255edc261961ec64870466a27ac4e25b5ebc2abe298e1b69f8dd2fc27288f6"", 7], [""3a574fc4f0baa5ec7ff0dcc822d7c55e4f9c493c24addc217c8df3d848c16fa5"", 1], [""3f8a5ea0e051ba3af7a02da340c911fe0970ebece6c852c3e61a10c00cac6d6e"", 1], [""443e04bc1a78940b3fcd5438d24b6c5f182a276d354a3108e738b193675de032"", 1], [""839de9798f377492eee68f82b202d7cd3544be83d799f6226a02f3678c9bb914"", 7]]","[[""1a255edc261961ec64870466a27ac4e25b5ebc2abe298e1b69f8dd2fc27288f6"", 2], [""3f8a5ea0e051ba3af7a02da340c911fe0970ebece6c852c3e61a10c00cac6d6e"", 1], [""443e04bc1a78940b3fcd5438d24b6c5f182a276d354a3108e738b193675de032"", 1], [""839de9798f377492eee68f82b202d7cd3544be83d799f6226a02f3678c9bb914"", 1]]",True,
mixed-R5,c9f0dd67c60a88de9c2c38956f2ffd7b394eb4d7568c73d1869b4182480faf64,"According to the 'IT IS HEREBY ORDERED THAT' section of case SCT 454/2024, what was the outcome of the application for permission to appeal?",free_text,"""The application for permission to appeal was refused.""","""The application for permission to appeal was refused.""",1.0,0.125,1.0,"[[""09660f78c26cd56c08c7253ed21ba01fb246092f482ccd8acd8e6f9b6fd2d917"", 2], [""09660f78c26cd56c08c7253ed21ba01fb246092f482ccd8acd8e6f9b6fd2d917"", 8], [""1b446e196b4d1752241c8ff689a31ea705e98ad0c16b9d343c303664f72b64a1"", 2], [""3a574fc4f0baa5ec7ff0dcc822d7c55e4f9c493c24addc217c8df3d848c16fa5"", 2], [""6306079a16b1dec85690f75c715cdbd78b0685a3e19ee30250d481bc32f2e29a"", 4], [""f4c4d051d514270964adcf58e124569e396602340b7d9172671759de10a95897"", 1], [""f4c4d051d514270964adcf58e124569e396602340b7d9172671759de10a95897"", 2], [""f4c4d051d514270964adcf58e124569e396602340b7d9172671759de10a95897"", 3]]","[[""f4c4d051d514270964adcf58e124569e396602340b7d9172671759de10a95897"", 1]]",False,The answer matches the reference and is directly supported by the quoted order stating that the application was refused.
mixed-R5,84a7c3564026e528c0a5e6a86a72447b4be016d6aa26ce5ce87843c58a975629,What was the plea bargain in case ARB 034/2025?,free_text,"""There is no information on this question in the provided documents.""","""There is no information on this question in the provided documents.""",1.0,,,"[[""1b446e196b4d1752241c8ff689a31ea705e98ad0c16b9d343c303664f72b64a1"", 3], [""58eae81bf668e7f6c58619f419a49b5e35e2e5c9c7475475ace28ec562580545"", 1]]",[],False,The submission matches the reference and appropriately abstains because the provided documents do not contain information about any plea bargain in case ARB 034/2025.
mixed-R5,b9e824da7bc69fa5b2f4e989a4d591d9c5196362cc985f70a9c29e6f710ea817,"According to the 'IT IS HEREBY ORDERED THAT' section of case CFI 092/2024, what was the outcome of the Defendants' application?",free_text,"""The Defendants' application was granted.""","""The Defendants' immediate judgment application was dismissed, and the claim will proceed to trial alongside the main issues.""",0.2,0.0,0.0,"[[""58eae81bf668e7f6c58619f419a49b5e35e2e5c9c7475475ace28ec562580545"", 2], [""58eae81bf668e7f6c58619f419a49b5e35e2e5c9c7475475ace28ec562580545"", 4], [""bd2d222ee0a636a745434cfb457321cd658db5bb32b5f0a3f5643236cc1503d8"", 2], [""bd2d222ee0a636a745434cfb457321cd658db5bb32b5f0a3f5643236cc1503d8"", 5], [""d32e76d495ac7d855d805fb71682b98d254520e3799aa4529ebc983212648335"", 1]]","[[""d32e76d495ac7d855d805fb71682b98d254520e3799aa4529ebc983212648335"", 2]]",False,"The answer is incorrect: the order states the Defendants’ immediate judgment application was dismissed, not granted, and the claim proceeds to trial alongside the main issues. It is also incomplete because it omits that further step. The stated confidence is too high for the wrong outcome, and the answer is not supported by the supplied evidence."
mixed-R5,3ab3489605bc64891f36d9f3c7cf9c8608d08163b8673db41aa359097786b4bc,"According to Article 12(4) of the Common Reporting Standard Law 2018, for how many years must records be retained by Reporting Financial Institutions after the date of reporting the information?",number,6,6,1.0,0.25,1.0,"[[""fbdd7f9dd299d83b1f398778da2e6765dfaaed62005667264734a1f76ec09071"", 3], [""fbdd7f9dd299d83b1f398778da2e6765dfaaed62005667264734a1f76ec09071"", 7], [""fbdd7f9dd299d83b1f398778da2e6765dfaaed62005667264734a1f76ec09071"", 16], [""fbdd7f9dd299d83b1f398778da2e6765dfaaed62005667264734a1f76ec09071"", 17]]","[[""fbdd7f9dd299d83b1f398778da2e6765dfaaed62005667264734a1f76ec09071"", 7]]",False,
mixed-R5,ec0aa6992207b818c06e57dd28b08dad22ba2de3bd9e81a9a222e2fba9814406,Who are listed as the claimants in the case documents for SCT 454/2024?,names,"[""OLETA""]","[""Oleta""]",1.0,0.14285714285714285,1.0,"[[""09660f78c26cd56c08c7253ed21ba01fb246092f482ccd8acd8e6f9b6fd2d917"", 1], [""3a574fc4f0baa5ec7ff0dcc822d7c55e4f9c493c24addc217c8df3d848c16fa5"", 2], [""58eae81bf668e7f6c58619f419a49b5e35e2e5c9c7475475ace28ec562580545"", 1], [""62930da32fa3172edf2f2bbf3da268455bd99a7b5fab34d72358730d8cd5da30"", 1], [""839de9798f377492eee68f82b202d7cd3544be83d799f6226a02f3678c9bb914"", 5], [""d32e76d495ac7d855d805fb71682b98d254520e3799aa4529ebc983212648335"", 8], [""f4c4d051d514270964adcf58e124569e396602340b7d9172671759de10a95897"", 1]]","[[""f4c4d051d514270964adcf58e124569e396602340b7d9172671759de10a95897"", 1]]",False,
mixed-R5,e9b7a25f2bca575390d55244471366612a7698321f47c4f1eb28724c8448ef7d,Was the same judge involved in both case CFI 010/2024 and case CFI 016/2025?,boolean,false,false,1.0,0.5,1.0,"[[""1a255edc261961ec64870466a27ac4e25b5ebc2abe298e1b69f8dd2fc27288f6"", 2], [""443e04bc1a78940b3fcd5438d24b6c5f182a276d354a3108e738b193675de032"", 1], [""443e04bc1a78940b3fcd5438d24b6c5f182a276d354a3108e738b193675de032"", 2], [""6248961b681ea0deb189f354be0c8286f35974dcdb211c13c921c3dd0e566a6e"", 1]]","[[""443e04bc1a78940b3fcd5438d24b6c5f182a276d354a3108e738b193675de032"", 1], [""6248961b681ea0deb189f354be0c8286f35974dcdb211c13c921c3dd0e566a6e"", 1]]",True,
mixed-R5,d6eb4a640e0ad690e92c1463e15f5394d36d8f5bb407f0fa4d7413c456c7a5bd,"Under Article 11(1) of the Employment Law 2019, is a provision in an agreement to waive minimum employment requirements void in all circumstances, except where expressly permitted by the Law?",boolean,true,true,1.0,0.25,1.0,"[[""33bc02044716acdfedb164b065bdaec098aaadcae863c591f9931c88e7307d16"", 4], [""33bc02044716acdfedb164b065bdaec098aaadcae863c591f9931c88e7307d16"", 5], [""33bc02044716acdfedb164b065bdaec098aaadcae863c591f9931c88e7307d16"", 6], [""33bc02044716acdfedb164b065bdaec098aaadcae863c591f9931c88e7307d16"", 7]]","[[""33bc02044716acdfedb164b065bdaec098aaadcae863c591f9931c88e7307d16"", 7]]",True,
mixed-R5,88f62d095220495f4a36b31f9f976e726aea7b53f6aead57084c6d8b36dc9814,Which case was issued earlier by the Court of First Instance: CFI 057/2025 or CFI 067/2025?,name,"""CFI 057/2025""","""CFI 057/2025""",1.0,0.0,0.0,"[[""1a255edc261961ec64870466a27ac4e25b5ebc2abe298e1b69f8dd2fc27288f6"", 2], [""1b446e196b4d1752241c8ff689a31ea705e98ad0c16b9d343c303664f72b64a1"", 1], [""6248961b681ea0deb189f354be0c8286f35974dcdb211c13c921c3dd0e566a6e"", 1], [""897ab23ed5a70034d3d708d871ad1da8bc7b6608d94b1ca46b5d578d985d3c13"", 1]]","[[""1b446e196b4d1752241c8ff689a31ea705e98ad0c16b9d343c303664f72b64a1"", 2], [""897ab23ed5a70034d3d708d871ad1da8bc7b6608d94b1ca46b5d578d985d3c13"", 2]]",True,
mixed-R5,dd736c7955429054fc55ea9eb55b96d3feb13e410f27a25651eefe5ecb536575,Which case has an earlier Date of Issue: ENF 269/2023 or SCT 169/2025?,name,"""ENF 269/2023""","""ENF 269/2023""",1.0,0.0,0.0,"[[""09660f78c26cd56c08c7253ed21ba01fb246092f482ccd8acd8e6f9b6fd2d917"", 2], [""3a574fc4f0baa5ec7ff0dcc822d7c55e4f9c493c24addc217c8df3d848c16fa5"", 1], [""5d3df6d69fac3ef91e13ac835b43a35e9e434fbc7e72ea5c01e288d69b66e6a2"", 1], [""f4c4d051d514270964adcf58e124569e396602340b7d9172671759de10a95897"", 2]]","[[""3a574fc4f0baa5ec7ff0dcc822d7c55e4f9c493c24addc217c8df3d848c16fa5"", 2], [""5d3df6d69fac3ef91e13ac835b43a35e9e434fbc7e72ea5c01e288d69b66e6a2"", 3]]",True,
mixed-R5,84941458c4ade946dae84cf5ebc4abf362a6f6e6fec835ba5c43ad2d3b4b14d7,Is there any information about parole hearings in case CFI 057/2025?,free_text,"""No specific information about parole hearings appears in the provided documents. They only mention hearings generally in CFI 057/2025, including that the hearings on 13 and 14 May 2025 were vacated and that a 3-day hearing was set for 12 May 2025.""","""There is no information on this question in the provided documents.""",0.4,,,"[[""1a255edc261961ec64870466a27ac4e25b5ebc2abe298e1b69f8dd2fc27288f6"", 2], [""1a255edc261961ec64870466a27ac4e25b5ebc2abe298e1b69f8dd2fc27288f6"", 4], [""1b446e196b4d1752241c8ff689a31ea705e98ad0c16b9d343c303664f72b64a1"", 1], [""3f8a5ea0e051ba3af7a02da340c911fe0970ebece6c852c3e61a10c00cac6d6e"", 1], [""437568a801115019fe8278385c0484bdf07ab86f9a499ecaba2b7969b37c764b"", 13], [""839de9798f377492eee68f82b202d7cd3544be83d799f6226a02f3678c9bb914"", 19], [""839de9798f377492eee68f82b202d7cd3544be83d799f6226a02f3678c9bb914"", 33]]",[],False,"The response appropriately says there is no specific parole-hearing information, but it also adds an unsupported case-specific detail about a 3-day hearing set for 12 May 2025. That extra factual claim is not supported by the supplied evidence for CFI 057/2025, so correctness and grounding fail. The high confidence is also too strong given the unsupported detail."
mixed-R5,ff1b357588e9b5881ec9b1558ede2892e7cbf42a6787a1cbb922b45318f66778,"According to the title page of the DIFC Law on the Application of Civil and Commercial Laws, what is its official law number?",number,3,3,1.0,0.16666666666666666,1.0,"[[""33bc02044716acdfedb164b065bdaec098aaadcae863c591f9931c88e7307d16"", 1], [""ff746f7b583490a80ba104361c0a82a1ebbf7ed9097cd03dc49d744cb5057761"", 1], [""ff746f7b583490a80ba104361c0a82a1ebbf7ed9097cd03dc49d744cb5057761"", 2], [""ff746f7b583490a80ba104361c0a82a1ebbf7ed9097cd03dc49d744cb5057761"", 3], [""ff746f7b583490a80ba104361c0a82a1ebbf7ed9097cd03dc49d744cb5057761"", 4], [""ff746f7b583490a80ba104361c0a82a1ebbf7ed9097cd03dc49d744cb5057761"", 7]]","[[""ff746f7b583490a80ba104361c0a82a1ebbf7ed9097cd03dc49d744cb5057761"", 1]]",False,
mixed-R5,f2ea23e9f861379a5c049830b57dcb499d4e6ce51013e64d49722b5845139e22,"Under Article 22 of the Operating Law 2018, for how many years from the date the Registrar becomes aware of an act or omission can the Registrar exercise powers in respect of a former Registered Person removed from the Public Register?",number,3,3,1.0,0.25,1.0,"[[""72ea171147bf30326fe6fd2e6798f607c7cef4bf9d43761dbccd2f1b6a356849"", 2], [""72ea171147bf30326fe6fd2e6798f607c7cef4bf9d43761dbccd2f1b6a356849"", 15], [""72ea171147bf30326fe6fd2e6798f607c7cef4bf9d43761dbccd2f1b6a356849"", 22], [""72ea171147bf30326fe6fd2e6798f607c7cef4bf9d43761dbccd2f1b6a356849"", 23]]","[[""72ea171147bf30326fe6fd2e6798f607c7cef4bf9d43761dbccd2f1b6a356849"", 15]]",False,
mixed-R5,095cb50318776a3b8ef11769cd941775694c194924783ee31109c25e3306600e,Who is responsible for administering the Employment Law and any Regulations made under it?,free_text,"""The DIFCA.""","""The DIFCA administers the Employment Law and any Regulations made under it.""",1.0,0.2,1.0,"[[""22442c5ee999e2519c68de908be511875a84f2b810ed540c2dcfcbcc65031434"", 4], [""302a0bd8d67775e8dc5960ecec7879be566300d8b32c4b0153ba15ebdb279425"", 4], [""33bc02044716acdfedb164b065bdaec098aaadcae863c591f9931c88e7307d16"", 6], [""72ea171147bf30326fe6fd2e6798f607c7cef4bf9d43761dbccd2f1b6a356849"", 31], [""fbdd7f9dd299d83b1f398778da2e6765dfaaed62005667264734a1f76ec09071"", 4]]","[[""33bc02044716acdfedb164b065bdaec098aaadcae863c591f9931c88e7307d16"", 6]]",True,
mixed-R5,c2cf8224f1166780b25c77feede37101c514517ed61485c9ae31f6b1eb8c744b,Who administers the Foundations Law?,free_text,"""The Court.""","""The Registrar administers the Foundations Law.""",0.2,0.0,0.0,"[[""22442c5ee999e2519c68de908be511875a84f2b810ed540c2dcfcbcc65031434"", 1], [""22442c5ee999e2519c68de908be511875a84f2b810ed540c2dcfcbcc65031434"", 2], [""22442c5ee999e2519c68de908be511875a84f2b810ed540c2dcfcbcc65031434"", 18], [""22442c5ee999e2519c68de908be511875a84f2b810ed540c2dcfcbcc65031434"", 21], [""22442c5ee999e2519c68de908be511875a84f2b810ed540c2dcfcbcc65031434"", 25], [""22442c5ee999e2519c68de908be511875a84f2b810ed540c2dcfcbcc65031434"", 46], [""22442c5ee999e2519c68de908be511875a84f2b810ed540c2dcfcbcc65031434"", 47]]","[[""22442c5ee999e2519c68de908be511875a84f2b810ed540c2dcfcbcc65031434"", 4]]",False,"The reference says the Registrar administers the Foundations Law, not the Court. The answer is therefore incorrect and incomplete. The supplied evidence only mentions the Court’s role in administration, which does not support the claim that the Court administers the law. Confidence 0.6 is too high for an unsupported incorrect answer."
mixed-R5,cd69f5dfe06d2e7afac26c7b332ea925987864cc6730f90cce020d34d823abbe,What is the purpose of Article 9(1) of the Foundations Law?,free_text,"""There is no information on this question in the provided documents.""","""It empowers the DIFCA Board to make regulations to facilitate the administration of, or further the objects of, the Foundations Law.""",0.6,0.0,0.0,"[[""22442c5ee999e2519c68de908be511875a84f2b810ed540c2dcfcbcc65031434"", 1], [""22442c5ee999e2519c68de908be511875a84f2b810ed540c2dcfcbcc65031434"", 2], [""22442c5ee999e2519c68de908be511875a84f2b810ed540c2dcfcbcc65031434"", 5], [""22442c5ee999e2519c68de908be511875a84f2b810ed540c2dcfcbcc65031434"", 15], [""22442c5ee999e2519c68de908be511875a84f2b810ed540c2dcfcbcc65031434"", 18], [""22442c5ee999e2519c68de908be511875a84f2b810ed540c2dcfcbcc65031434"", 37], [""22442c5ee999e2519c68de908be511875a84f2b810ed540c2dcfcbcc65031434"", 46], [""22442c5ee999e2519c68de908be511875a84f2b810ed540c2dcfcbcc65031434"", 47]]","[[""22442c5ee999e2519c68de908be511875a84f2b810ed540c2dcfcbcc65031434"", 4]]",False,"Incorrect and incomplete: the reference answer says Article 9(1) empowers the DIFCA Board to make regulations to facilitate administration of, or further the objects of, the Foundations Law. The submission only abstains instead of providing that purpose."
mixed-R6,30ab0e56ee0c43b5bf94fd9657c7f7ac24f0e7be29ced2933437f7a234713cd7,"Under Article 8(1) of the Operating Law 2018, is a person permitted to operate or conduct business in or from the DIFC without being incorporated, registered, or continued under a Prescribed Law or other Legislation administered by the Registrar?",boolean,false,false,1.0,1.0,1.0,"[[""72ea171147bf30326fe6fd2e6798f607c7cef4bf9d43761dbccd2f1b6a356849"", 8]]","[[""72ea171147bf30326fe6fd2e6798f607c7cef4bf9d43761dbccd2f1b6a356849"", 8]]",False,
mixed-R6,331b267822eaa013b4a79d92f2ac5118052a57150df9a29d7d11c531f02d23cf,What is the Date of Issue of the document in case CFI 057/2025?,date,"""2026-02-02""","""2026-02-02""",1.0,0.0,0.0,"[[""1b446e196b4d1752241c8ff689a31ea705e98ad0c16b9d343c303664f72b64a1"", 1], [""3f8a5ea0e051ba3af7a02da340c911fe0970ebece6c852c3e61a10c00cac6d6e"", 3], [""437568a801115019fe8278385c0484bdf07ab86f9a499ecaba2b7969b37c764b"", 15], [""839de9798f377492eee68f82b202d7cd3544be83d799f6226a02f3678c9bb914"", 41]]","[[""1b446e196b4d1752241c8ff689a31ea705e98ad0c16b9d343c303664f72b64a1"", 2]]",True,
mixed-R6,5d271fced60d88e008a69adc2da21de427906206bfb49f5554a3bf1dd6f72772,"According to the title page of the Common Reporting Standard Law, what is its official DIFC Law number?",number,2,2,1.0,0.14285714285714285,1.0,"[[""22442c5ee999e2519c68de908be511875a84f2b810ed540c2dcfcbcc65031434"", 1], [""33bc02044716acdfedb164b065bdaec098aaadcae863c591f9931c88e7307d16"", 1], [""fbdd7f9dd299d83b1f398778da2e6765dfaaed62005667264734a1f76ec09071"", 1], [""fbdd7f9dd299d83b1f398778da2e6765dfaaed62005667264734a1f76ec09071"", 2], [""fbdd7f9dd299d83b1f398778da2e6765dfaaed62005667264734a1f76ec09071"", 3], [""fbdd7f9dd299d83b1f398778da2e6765dfaaed62005667264734a1f76ec09071"", 15], [""fbdd7f9dd299d83b1f398778da2e6765dfaaed62005667264734a1f76ec09071"", 16]]","[[""fbdd7f9dd299d83b1f398778da2e6765dfaaed62005667264734a1f76ec09071"", 1]]",False,
mixed-R6,358bf0caaa87ba7e11698c5e0bb230f5742c141f2da8a3e8969cee41ef0f7841,Do cases SCT 295/2025 and SCT 514/2025 involve any of the same legal entities or individuals as main parties?,boolean,false,false,1.0,1.0,1.0,"[[""09660f78c26cd56c08c7253ed21ba01fb246092f482ccd8acd8e6f9b6fd2d917"", 1], [""6306079a16b1dec85690f75c715cdbd78b0685a3e19ee30250d481bc32f2e29a"", 1]]","[[""09660f78c26cd56c08c7253ed21ba01fb246092f482ccd8acd8e6f9b6fd2d917"", 1], [""6306079a16b1dec85690f75c715cdbd78b0685a3e19ee30250d481bc32f2e29a"", 1]]",True,
mixed-R6,bce4c288236518dfd08f6bac5a75c75ea79b1250347c4b998252fa9d7265a7c3,What kind of liability do Partners have under Article 28(1) of the General Partnership Law 2004?,free_text,"""Under Article 28(1), each Partner is jointly and severally liable with the other Partners for all debts and obligations of the General Partnership incurred while he is a Partner, unless otherwise agreed by all the other Partners.""","""Partners are jointly and severally liable with the other Partners for all debts and obligations of the General Partnership incurred while they are Partners.""",1.0,0.3333333333333333,1.0,"[[""302a0bd8d67775e8dc5960ecec7879be566300d8b32c4b0153ba15ebdb279425"", 2], [""302a0bd8d67775e8dc5960ecec7879be566300d8b32c4b0153ba15ebdb279425"", 10], [""302a0bd8d67775e8dc5960ecec7879be566300d8b32c4b0153ba15ebdb279425"", 11]]","[[""302a0bd8d67775e8dc5960ecec7879be566300d8b32c4b0153ba15ebdb279425"", 10]]",False,The answer matches the reference and is supported by the evidence. It correctly states that partners are jointly and severally liable for partnership debts and obligations incurred while they are partners.
mixed-R6,6863a7f4a5e76694620518758411bc743142897fa8077f2a73701b89fa2d0b0f,"Under the Foundations Law DIFC Law No. 3 of 2018, what is the maximum fine for failing to provide a copy of an assignment of rights to the Registered Agent or Registrar within 30 days?",free_text,"""The maximum fine is USD 1,500.""","""The maximum fine is USD 1,500.""",1.0,1.0,1.0,"[[""22442c5ee999e2519c68de908be511875a84f2b810ed540c2dcfcbcc65031434"", 6], [""22442c5ee999e2519c68de908be511875a84f2b810ed540c2dcfcbcc65031434"", 46]]","[[""22442c5ee999e2519c68de908be511875a84f2b810ed540c2dcfcbcc65031434"", 6], [""22442c5ee999e2519c68de908be511875a84f2b810ed540c2dcfcbcc65031434"", 46]]",False,"The answer matches the reference and is directly supported by Schedule 3, which lists the maximum fine for Article 10(7) as USD 1,500."
mixed-R6,150d4428704ea7ce7452509bda9c25f4d242b2395114ed0ed59388b87660f218,"Under the Operating Law - DIFC Law No. 7 of 2018, who is responsible for appointing and dismissing the Registrar?",free_text,"""The Board of Directors of the DIFCA is responsible for appointing the Registrar and may dismiss the Registrar, but it must consult the President before doing so.""","""The Board of Directors of the DIFCA appoints and may dismiss the Registrar, after consulting the President.""",1.0,0.2,1.0,"[[""302a0bd8d67775e8dc5960ecec7879be566300d8b32c4b0153ba15ebdb279425"", 22], [""72ea171147bf30326fe6fd2e6798f607c7cef4bf9d43761dbccd2f1b6a356849"", 1], [""72ea171147bf30326fe6fd2e6798f607c7cef4bf9d43761dbccd2f1b6a356849"", 5], [""72ea171147bf30326fe6fd2e6798f607c7cef4bf9d43761dbccd2f1b6a356849"", 40], [""b82ac8228e051d96bf8d706d3251893ebff1c9457b066fce3b7cb99af956f2a7"", 24]]","[[""72ea171147bf30326fe6fd2e6798f607c7cef4bf9d43761dbccd2f1b6a356849"", 5]]",False,All criteria met. The answer matches the reference and is directly supported by the cited Operating Law text.
mixed-R6,39890efe7db1258f568e838c284020a9fc79b8bf0deddab76fdf853c9b0171ed,Is there any main party common to both case CFI 057/2025 and case SCT 295/2025?,boolean,false,false,1.0,1.0,1.0,"[[""09660f78c26cd56c08c7253ed21ba01fb246092f482ccd8acd8e6f9b6fd2d917"", 1], [""1b446e196b4d1752241c8ff689a31ea705e98ad0c16b9d343c303664f72b64a1"", 1]]","[[""09660f78c26cd56c08c7253ed21ba01fb246092f482ccd8acd8e6f9b6fd2d917"", 1], [""1b446e196b4d1752241c8ff689a31ea705e98ad0c16b9d343c303664f72b64a1"", 1]]",True,
mixed-R6,acd0ddc6715f2bccf5076dc47e6874a8ecb782dd10c0b162071f890ad96bef47,"Between SCT 295/2025 and SCT 514/2025, which document has the earlier issue date?",name,"""SCT 295/2025""","""SCT 295/2025""",1.0,0.5,0.5,"[[""09660f78c26cd56c08c7253ed21ba01fb246092f482ccd8acd8e6f9b6fd2d917"", 2], [""6306079a16b1dec85690f75c715cdbd78b0685a3e19ee30250d481bc32f2e29a"", 1]]","[[""09660f78c26cd56c08c7253ed21ba01fb246092f482ccd8acd8e6f9b6fd2d917"", 2], [""6306079a16b1dec85690f75c715cdbd78b0685a3e19ee30250d481bc32f2e29a"", 2]]",True,
mixed-R6,436c12cc4eb26087bd1540f5d47825712632e90b4d5b2bca6c52e3b26151f874,What was the result of the application heard in case CFI 057/2025?,free_text,"""There is no information on this question in the provided documents.""","""The Defendant's Permission to Appeal Application was refused, and the Defendant was ordered to pay the Claimant's costs of the application.""",0.2,0.0,0.0,"[[""1b446e196b4d1752241c8ff689a31ea705e98ad0c16b9d343c303664f72b64a1"", 1], [""437568a801115019fe8278385c0484bdf07ab86f9a499ecaba2b7969b37c764b"", 7], [""6248961b681ea0deb189f354be0c8286f35974dcdb211c13c921c3dd0e566a6e"", 1], [""839de9798f377492eee68f82b202d7cd3544be83d799f6226a02f3678c9bb914"", 17], [""839de9798f377492eee68f82b202d7cd3544be83d799f6226a02f3678c9bb914"", 19], [""839de9798f377492eee68f82b202d7cd3544be83d799f6226a02f3678c9bb914"", 33], [""bd2d222ee0a636a745434cfb457321cd658db5bb32b5f0a3f5643236cc1503d8"", 5]]","[[""1b446e196b4d1752241c8ff689a31ea705e98ad0c16b9d343c303664f72b64a1"", 2]]",True,The submission does not answer the question: the reference says the Permission to Appeal Application was refused and costs were awarded against the Defendant. The answer incorrectly abstains despite the provided evidence containing the result. Its high confidence is also not calibrated to the available evidence.
mixed-R6,4fa07316db9a19980de495d2190350cc4b494ae0ab741cda7784e895709719e1,"Between CFI 010/2024 and SCT 169/2025, which document has the earlier issue date?",name,"""SCT 169/2025""","""SCT 169/2025""",1.0,1.0,1.0,"[[""3a574fc4f0baa5ec7ff0dcc822d7c55e4f9c493c24addc217c8df3d848c16fa5"", 1], [""443e04bc1a78940b3fcd5438d24b6c5f182a276d354a3108e738b193675de032"", 1]]","[[""3a574fc4f0baa5ec7ff0dcc822d7c55e4f9c493c24addc217c8df3d848c16fa5"", 1], [""443e04bc1a78940b3fcd5438d24b6c5f182a276d354a3108e738b193675de032"", 1]]",True,
mixed-R6,1a80e5dc69fb76a97c0ada049df2425c9f06de373bbb9ee5b39dbd1f12f85387,"From the title pages of all documents in case CA 005/2025 and case CFI 067/2025, identify whether any individual or company is named as a main party in both cases.",boolean,false,false,1.0,0.75,1.0,"[[""03b621728fe29eb6113fcdb57f6458d793fd2d5c5b833ae26d40f04a29c85359"", 1], [""437568a801115019fe8278385c0484bdf07ab86f9a499ecaba2b7969b37c764b"", 1], [""839de9798f377492eee68f82b202d7cd3544be83d799f6226a02f3678c9bb914"", 6], [""897ab23ed5a70034d3d708d871ad1da8bc7b6608d94b1ca46b5d578d985d3c13"", 1]]","[[""03b621728fe29eb6113fcdb57f6458d793fd2d5c5b833ae26d40f04a29c85359"", 1], [""437568a801115019fe8278385c0484bdf07ab86f9a499ecaba2b7969b37c764b"", 1], [""897ab23ed5a70034d3d708d871ad1da8bc7b6608d94b1ca46b5d578d985d3c13"", 1]]",True,
mixed-R6,9f9fb4b911d75c22f2c9a42bb852848ac45594179a7d0d126c8ef0ac8941b18d,Do cases CA 004/2025 and SCT 295/2025 involve any of the same legal entities or individuals as parties?,boolean,false,false,1.0,1.0,1.0,"[[""09660f78c26cd56c08c7253ed21ba01fb246092f482ccd8acd8e6f9b6fd2d917"", 1], [""78ffe994cdc61ce6a2a6937c79fc52751bb5d2b4eaa4019f088fbccf70569c26"", 1]]","[[""09660f78c26cd56c08c7253ed21ba01fb246092f482ccd8acd8e6f9b6fd2d917"", 1], [""78ffe994cdc61ce6a2a6937c79fc52751bb5d2b4eaa4019f088fbccf70569c26"", 1]]",True,
mixed-R6,d374bee20e02f7f384e766dd792856c6457f99fc1491e5fee2e6cd50a4d856b7,Identify whether any person or company is a main party to both ENF 269/2023 and SCT 514/2025.,boolean,false,false,1.0,0.5,1.0,"[[""09660f78c26cd56c08c7253ed21ba01fb246092f482ccd8acd8e6f9b6fd2d917"", 11], [""3a574fc4f0baa5ec7ff0dcc822d7c55e4f9c493c24addc217c8df3d848c16fa5"", 1], [""5d3df6d69fac3ef91e13ac835b43a35e9e434fbc7e72ea5c01e288d69b66e6a2"", 1], [""6306079a16b1dec85690f75c715cdbd78b0685a3e19ee30250d481bc32f2e29a"", 1]]","[[""5d3df6d69fac3ef91e13ac835b43a35e9e434fbc7e72ea5c01e288d69b66e6a2"", 1], [""6306079a16b1dec85690f75c715cdbd78b0685a3e19ee30250d481bc32f2e29a"", 1]]",True,
mixed-R6,8de44b7964cdde111c1a33ac4cc13948b7b4e14fd120351fcb5a5bfb2b2dfff0,Identify the case with the higher monetary claim: SCT 169/2025 or SCT 295/2025?,name,null,"""SCT 169/2025""",0.0,0.0,0.0,"[[""09660f78c26cd56c08c7253ed21ba01fb246092f482ccd8acd8e6f9b6fd2d917"", 1], [""3a574fc4f0baa5ec7ff0dcc822d7c55e4f9c493c24addc217c8df3d848c16fa5"", 1], [""3a574fc4f0baa5ec7ff0dcc822d7c55e4f9c493c24addc217c8df3d848c16fa5"", 3], [""58eae81bf668e7f6c58619f419a49b5e35e2e5c9c7475475ace28ec562580545"", 1]]","[[""09660f78c26cd56c08c7253ed21ba01fb246092f482ccd8acd8e6f9b6fd2d917"", 2], [""3a574fc4f0baa5ec7ff0dcc822d7c55e4f9c493c24addc217c8df3d848c16fa5"", 2]]",True,
mixed-R6,a8813f8f56099bd156b5fe797cc44b061d2a54fb69ca2e748ffb7cc462eaa85e,Which case has an earlier Date of Issue: CFI 010/2024 or CFI 016/2025?,name,"""CFI 010/2024""","""CFI 010/2024""",1.0,0.5,0.5,"[[""443e04bc1a78940b3fcd5438d24b6c5f182a276d354a3108e738b193675de032"", 2], [""6248961b681ea0deb189f354be0c8286f35974dcdb211c13c921c3dd0e566a6e"", 1]]","[[""443e04bc1a78940b3fcd5438d24b6c5f182a276d354a3108e738b193675de032"", 1], [""6248961b681ea0deb189f354be0c8286f35974dcdb211c13c921c3dd0e566a6e"", 1]]",True,
mixed-R6,fcabd6aa14e2df4b7ca00fa516a70eba6de58b74dfde30270e3fe3eec6d1da7a,Which specific DIFC Laws were amended by DIFC Law No. 2 of 2022?,free_text,"""The provided evidence specifically shows that the DIFC Personal Property Law (DIFC Law No. 9 of 2005) was amended by DIFC Law No. 2 of 2022.""","""Common Reporting Standard Law, Employment Law, Foundations Law, General Partnership Law, Limited Liability Partnership Law, Personal Property Law, Trust Law, and the Law on the Application of Civil and Commercial Laws in the DIFC.""",0.6,0.8571428571428571,0.75,"[[""22442c5ee999e2519c68de908be511875a84f2b810ed540c2dcfcbcc65031434"", 1], [""302a0bd8d67775e8dc5960ecec7879be566300d8b32c4b0153ba15ebdb279425"", 1], [""33bc02044716acdfedb164b065bdaec098aaadcae863c591f9931c88e7307d16"", 1], [""4e387152960c1029b3711cacb05b287b13c977bc61f2558059a62b7b427a62eb"", 1], [""536bbce854b9406cc22697e04fcdabd645e030c0e55b918252643b00e0b2b25f"", 1], [""72ea171147bf30326fe6fd2e6798f607c7cef4bf9d43761dbccd2f1b6a356849"", 1], [""fbdd7f9dd299d83b1f398778da2e6765dfaaed62005667264734a1f76ec09071"", 1]]","[[""22442c5ee999e2519c68de908be511875a84f2b810ed540c2dcfcbcc65031434"", 1], [""302a0bd8d67775e8dc5960ecec7879be566300d8b32c4b0153ba15ebdb279425"", 1], [""33bc02044716acdfedb164b065bdaec098aaadcae863c591f9931c88e7307d16"", 1], [""4e387152960c1029b3711cacb05b287b13c977bc61f2558059a62b7b427a62eb"", 1], [""536bbce854b9406cc22697e04fcdabd645e030c0e55b918252643b00e0b2b25f"", 1], [""b82ac8228e051d96bf8d706d3251893ebff1c9457b066fce3b7cb99af956f2a7"", 1], [""fbdd7f9dd299d83b1f398778da2e6765dfaaed62005667264734a1f76ec09071"", 1], [""ff746f7b583490a80ba104361c0a82a1ebbf7ed9097cd03dc49d744cb5057761"", 1]]",True,"The statement about the Personal Property Law is supported by the evidence, but it does not answer the full question. The reference lists eight DIFC Laws amended by DIFC Law No. 2 of 2022: Common Reporting Standard Law, Employment Law, Foundations Law, General Partnership Law, Limited Liability Partnership Law, Personal Property Law, Trust Law, and the Law on the Application of Civil and Commercial Laws in the DIFC. The confidence is too high for this incomplete answer."
mixed-R6,e59a0dc49c291402ead91342b065bc4e9ded0043d126f73dd00ba6045aae46b7,"Under Article 14(1) of the Employment Law 2019, how many days does an Employer have to provide an Employee with a written Employment Contract after the commencement of employment?",number,7,7,1.0,1.0,1.0,"[[""33bc02044716acdfedb164b065bdaec098aaadcae863c591f9931c88e7307d16"", 7]]","[[""33bc02044716acdfedb164b065bdaec098aaadcae863c591f9931c88e7307d16"", 7]]",True,
mixed-R6,359f1c315f2ac48e6b34ecfa503c6b9c892365985b363dc9a4e3c85563550d05,Who is the defendant in case ARB 034/2025?,name,"""Onora""","""Onora""",1.0,1.0,1.0,"[[""58eae81bf668e7f6c58619f419a49b5e35e2e5c9c7475475ace28ec562580545"", 1]]","[[""58eae81bf668e7f6c58619f419a49b5e35e2e5c9c7475475ace28ec562580545"", 1]]",True,
mixed-R6,2fc105ec9d11e361b057e8ce21245fbc01f14cefe5ccddada9d7541c952106d2,"If a Muslim Employee works during the holy month of Ramadan, what is the maximum number of hours they can be required to work each day according to Article 23 of the Employment Law 2019?",number,6,6,1.0,1.0,1.0,"[[""33bc02044716acdfedb164b065bdaec098aaadcae863c591f9931c88e7307d16"", 14]]","[[""33bc02044716acdfedb164b065bdaec098aaadcae863c591f9931c88e7307d16"", 14]]",True,
mixed-R6,b667804a5541a24d40f211b3febc69fa5e633d52a08baf9ce6735832ea4e5ec1,"Based on the full case files for DEC 001/2025 and CFI 057/2025, was there any judge involved in both cases?",boolean,null,false,0.0,0.2,0.3333333333333333,"[[""1a255edc261961ec64870466a27ac4e25b5ebc2abe298e1b69f8dd2fc27288f6"", 1], [""1a255edc261961ec64870466a27ac4e25b5ebc2abe298e1b69f8dd2fc27288f6"", 2], [""1a255edc261961ec64870466a27ac4e25b5ebc2abe298e1b69f8dd2fc27288f6"", 8], [""3a574fc4f0baa5ec7ff0dcc822d7c55e4f9c493c24addc217c8df3d848c16fa5"", 1], [""3f8a5ea0e051ba3af7a02da340c911fe0970ebece6c852c3e61a10c00cac6d6e"", 1]]","[[""1b446e196b4d1752241c8ff689a31ea705e98ad0c16b9d343c303664f72b64a1"", 1], [""3f8a5ea0e051ba3af7a02da340c911fe0970ebece6c852c3e61a10c00cac6d6e"", 1], [""839de9798f377492eee68f82b202d7cd3544be83d799f6226a02f3678c9bb914"", 1]]",True,
mixed-R6,b1d0245bb7c71b42f08a4cdbec612a56715295223472ac5a45af31811ada2f3b,"Under the Operating Law 2018, can the Registrar be held liable for acts or omissions in performing their functions if the act or omission is shown to have been in bad faith, according to Article 7(8)?",boolean,true,true,1.0,1.0,1.0,"[[""72ea171147bf30326fe6fd2e6798f607c7cef4bf9d43761dbccd2f1b6a356849"", 7]]","[[""72ea171147bf30326fe6fd2e6798f607c7cef4bf9d43761dbccd2f1b6a356849"", 7]]",False,
mixed-R6,ad7357a7eb955085f6438dfcaf44324de7fcf88da86c846242e173eacdeebfda,What was the result of the application heard in case SCT 169/2025?,free_text,"""There is no information on this question in the provided documents.""","""The Permission to Appeal Application was refused, the adjournment request was refused, and there was no order as to costs.""",0.4,0.2,1.0,"[[""3a574fc4f0baa5ec7ff0dcc822d7c55e4f9c493c24addc217c8df3d848c16fa5"", 1], [""3a574fc4f0baa5ec7ff0dcc822d7c55e4f9c493c24addc217c8df3d848c16fa5"", 2], [""437568a801115019fe8278385c0484bdf07ab86f9a499ecaba2b7969b37c764b"", 7], [""bd2d222ee0a636a745434cfb457321cd658db5bb32b5f0a3f5643236cc1503d8"", 5], [""f4c4d051d514270964adcf58e124569e396602340b7d9172671759de10a95897"", 2]]","[[""3a574fc4f0baa5ec7ff0dcc822d7c55e4f9c493c24addc217c8df3d848c16fa5"", 2]]",True,"The submission is a clear abstention, but the reference gives the actual result: permission to appeal was refused, the adjournment request was refused, and no costs order was made. So it is not correct or complete. The abstention is grounded as a meta-statement about the provided excerpt, but the high confidence is not well calibrated because the question has an answer in the reference."
mixed-R6,0aba04f64851d1419be984476f91f278e6ada2d6c536fd119d7ab37a8ed06593,Do cases CFI 067/2025 and SCT 514/2025 involve any of the same legal entities or individuals as main parties?,boolean,false,false,1.0,1.0,1.0,"[[""6306079a16b1dec85690f75c715cdbd78b0685a3e19ee30250d481bc32f2e29a"", 1], [""897ab23ed5a70034d3d708d871ad1da8bc7b6608d94b1ca46b5d578d985d3c13"", 1]]","[[""6306079a16b1dec85690f75c715cdbd78b0685a3e19ee30250d481bc32f2e29a"", 1], [""897ab23ed5a70034d3d708d871ad1da8bc7b6608d94b1ca46b5d578d985d3c13"", 1]]",True,
mixed-R6,9596fb754439e6752034890c1272a2df7c0f9000db7d186db21aa232a253fca4,What is the effective date for due diligence requirements for Pre-existing Accounts and New Accounts under the Common Reporting Standard Law 2018?,free_text,"""For Pre-existing Accounts, the effective date is 2016-12-31. For New Accounts, the effective date is 2017-01-01.""","""Pre-existing Accounts: 31 December 2016; New Accounts: 1 January 2017.""",1.0,0.3333333333333333,1.0,"[[""fbdd7f9dd299d83b1f398778da2e6765dfaaed62005667264734a1f76ec09071"", 3], [""fbdd7f9dd299d83b1f398778da2e6765dfaaed62005667264734a1f76ec09071"", 4], [""fbdd7f9dd299d83b1f398778da2e6765dfaaed62005667264734a1f76ec09071"", 16]]","[[""fbdd7f9dd299d83b1f398778da2e6765dfaaed62005667264734a1f76ec09071"", 3]]",False,"The answer matches the reference dates for both Pre-existing Accounts and New Accounts, and the supplied evidence directly supports those dates. Confidence is appropriate given the clear support."
mixed-R6,9f48d8eca6d10cf26f60226078f0d9cb32d3aa2fd25c90c312549cb6265ebd84,"According to Article 2 of the DIFC Personal Property Law 2005, who made this Law?",free_text,"""It was made by the Ruler.""","""It was made by the Ruler of Dubai.""",1.0,0.125,1.0,"[[""22442c5ee999e2519c68de908be511875a84f2b810ed540c2dcfcbcc65031434"", 41], [""302a0bd8d67775e8dc5960ecec7879be566300d8b32c4b0153ba15ebdb279425"", 21], [""4e387152960c1029b3711cacb05b287b13c977bc61f2558059a62b7b427a62eb"", 50], [""536bbce854b9406cc22697e04fcdabd645e030c0e55b918252643b00e0b2b25f"", 3], [""536bbce854b9406cc22697e04fcdabd645e030c0e55b918252643b00e0b2b25f"", 18], [""72ea171147bf30326fe6fd2e6798f607c7cef4bf9d43761dbccd2f1b6a356849"", 40], [""b82ac8228e051d96bf8d706d3251893ebff1c9457b066fce3b7cb99af956f2a7"", 23], [""fbdd7f9dd299d83b1f398778da2e6765dfaaed62005667264734a1f76ec09071"", 15]]","[[""536bbce854b9406cc22697e04fcdabd645e030c0e55b918252643b00e0b2b25f"", 3]]",True,
mixed-R6,802d12a65530cd728da4c2f4430275488285ced247123431a905f8d525e80ede,"Based on the second page of the document, was the Claimant's application for continuation of the ASI Order granted by the court in case ARB 034/2025?",boolean,false,false,1.0,0.0,0.0,"[[""58eae81bf668e7f6c58619f419a49b5e35e2e5c9c7475475ace28ec562580545"", 3], [""58eae81bf668e7f6c58619f419a49b5e35e2e5c9c7475475ace28ec562580545"", 4]]","[[""58eae81bf668e7f6c58619f419a49b5e35e2e5c9c7475475ace28ec562580545"", 2]]",True,
mixed-R6,84ef7f354a41168e99812515cd775297b36c35a541c5b8eb1978be771554b546,"According to Article 14(2)(l) of the Employment Law 2019, what is the maximum probation period in months for an Employee, except in specific fixed-term contract circumstances?",number,6,6,1.0,1.0,1.0,"[[""33bc02044716acdfedb164b065bdaec098aaadcae863c591f9931c88e7307d16"", 8]]","[[""33bc02044716acdfedb164b065bdaec098aaadcae863c591f9931c88e7307d16"", 8]]",True,
mixed-R6,5046b4e3fa11a42090ae0cef08c4cd64a1c8761955eb711db396f7fb1634ea86,"According to page 2 of the judgment, from which specific claim number did the appeal in CA 009/2024 originate?",name,"""ENF-316-2023/2""","""Claim No. ENF-316-2023/2""",0.0,1.0,1.0,"[[""bd2d222ee0a636a745434cfb457321cd658db5bb32b5f0a3f5643236cc1503d8"", 2]]","[[""bd2d222ee0a636a745434cfb457321cd658db5bb32b5f0a3f5643236cc1503d8"", 2]]",True,
mixed-R6,042ddf2ed161068fab8072f16e01a15e11da9d741d207bfc0185e5133a810193,Does the Law on the Application of Civil and Commercial Laws in the DIFC Law No. 3 of 2004 apply in the jurisdiction of the Dubai International Financial Centre?,boolean,true,true,1.0,1.0,1.0,"[[""ff746f7b583490a80ba104361c0a82a1ebbf7ed9097cd03dc49d744cb5057761"", 3]]","[[""ff746f7b583490a80ba104361c0a82a1ebbf7ed9097cd03dc49d744cb5057761"", 3]]",False,
mixed-R6,e14ad296801b3fb6855a3a9338f1e9b8e2d1bfb05c99682a3cf4f9140b49b17b,"Under Article 11(5) of the DIFC Trust Law 2018, is a term of the trust expressly declaring that the laws of the DIFC shall govern the trust valid, effective, and conclusive regardless of any other circumstance?",boolean,true,true,1.0,1.0,1.0,"[[""4e387152960c1029b3711cacb05b287b13c977bc61f2558059a62b7b427a62eb"", 6]]","[[""4e387152960c1029b3711cacb05b287b13c977bc61f2558059a62b7b427a62eb"", 6]]",False,
mixed-R6,f33177fc2ed5b35033bfa1c7f9fc5d7a3776feb10b498c375cdcb40e0c53ffbf,Is there any main party that appeared in both cases CA 004/2025 and SCT 514/2025?,boolean,false,false,1.0,1.0,1.0,"[[""6306079a16b1dec85690f75c715cdbd78b0685a3e19ee30250d481bc32f2e29a"", 1], [""78ffe994cdc61ce6a2a6937c79fc52751bb5d2b4eaa4019f088fbccf70569c26"", 1]]","[[""6306079a16b1dec85690f75c715cdbd78b0685a3e19ee30250d481bc32f2e29a"", 1], [""78ffe994cdc61ce6a2a6937c79fc52751bb5d2b4eaa4019f088fbccf70569c26"", 1]]",True,
mixed-R6,f29159d38bf494e330b32f03507df593d5869a129796a3b7f6efe14fd1b1a0a5,What does Article 16(1)(c) of the Employment Law 2019 require an Employer to keep records of regarding an Employee's remuneration?,free_text,"""Article 16(1)(c) requires an Employer to keep records of the Employee's remuneration, including the gross and net amount where applicable, and the applicable Pay Period.""","""The employee's remuneration, gross and net where applicable, and the applicable pay period.""",1.0,1.0,1.0,"[[""33bc02044716acdfedb164b065bdaec098aaadcae863c591f9931c88e7307d16"", 8]]","[[""33bc02044716acdfedb164b065bdaec098aaadcae863c591f9931c88e7307d16"", 8]]",True,All criteria met; the answer matches the reference and is directly supported by the cited evidence.
mixed-R6,2e8b251fd560f4446bfc9c5fa4b83ecbce69d650a8fd00fc9815c1fb34a764ad,"Looking at the title/cover page of every document across both case TCD 001/2024 and case CFI 016/2025, is there any party (claimant or defendant) common to both cases?",boolean,false,false,1.0,1.0,1.0,"[[""0471e83c1ea18086cfb6b3ff51da6f22b0efee337f10315b2593f782297ccb84"", 1], [""6248961b681ea0deb189f354be0c8286f35974dcdb211c13c921c3dd0e566a6e"", 1], [""62930da32fa3172edf2f2bbf3da268455bd99a7b5fab34d72358730d8cd5da30"", 1], [""c98c1475692bc22f4abab6a7a7d7969467c94e46a7e68919aaf127179ebf3f54"", 1]]","[[""0471e83c1ea18086cfb6b3ff51da6f22b0efee337f10315b2593f782297ccb84"", 1], [""6248961b681ea0deb189f354be0c8286f35974dcdb211c13c921c3dd0e566a6e"", 1], [""62930da32fa3172edf2f2bbf3da268455bd99a7b5fab34d72358730d8cd5da30"", 1], [""c98c1475692bc22f4abab6a7a7d7969467c94e46a7e68919aaf127179ebf3f54"", 1]]",False,
mixed-R6,fa672c84261a575ba49aba560b6a00c5d944ab9373b764c743d79821658e0052,"What was the outcome of the specific order or application described in case CFI 016/2025, based on the last page of the document?",free_text,"""The No Costs Application was dismissed. There was no order as to costs for that application, and the Claimant was ordered to pay AED 70,000 in costs to the Defendant pursuant to the Judgment.""","""The No Costs Application was rejected, no costs were ordered on that application, and the Defendant was awarded AED 70,000 in costs for the claim.""",1.0,0.0,0.0,"[[""6248961b681ea0deb189f354be0c8286f35974dcdb211c13c921c3dd0e566a6e"", 1]]","[[""6248961b681ea0deb189f354be0c8286f35974dcdb211c13c921c3dd0e566a6e"", 7]]",False,"The submission matches the order: the No Costs Application was dismissed/rejected, there was no order as to costs for that application, and AED 70,000 in costs was awarded to the Defendant."
mixed-R6,7aae865f328e2012c31b41b6e2cccac715c14df5b56ec548d3fa9cb6bc46dcd1,"Under Article 11 of the General Partnership Law 2004, is an unincorporated body of persons carrying on business for profit automatically deemed a partnership if there is an agreement specifying it as a body corporate?",boolean,false,false,1.0,0.2,1.0,"[[""302a0bd8d67775e8dc5960ecec7879be566300d8b32c4b0153ba15ebdb279425"", 4], [""302a0bd8d67775e8dc5960ecec7879be566300d8b32c4b0153ba15ebdb279425"", 5], [""302a0bd8d67775e8dc5960ecec7879be566300d8b32c4b0153ba15ebdb279425"", 21], [""302a0bd8d67775e8dc5960ecec7879be566300d8b32c4b0153ba15ebdb279425"", 22], [""72ea171147bf30326fe6fd2e6798f607c7cef4bf9d43761dbccd2f1b6a356849"", 41]]","[[""302a0bd8d67775e8dc5960ecec7879be566300d8b32c4b0153ba15ebdb279425"", 5]]",False,
mixed-R6,e0798bd394af022603f1ed7a09641de2bb414bd14a9d6a2c494980c86095ccff,"If the Relevant Authority confirms a fine or action after an appeal under Article 21(5) of the Common Reporting Standard Law 2018, how many business days does the Reporting Financial Institution have to pay the fine or perform the action?",number,15,15,1.0,1.0,1.0,"[[""fbdd7f9dd299d83b1f398778da2e6765dfaaed62005667264734a1f76ec09071"", 13]]","[[""fbdd7f9dd299d83b1f398778da2e6765dfaaed62005667264734a1f76ec09071"", 13]]",False,
mixed-R6,32bb32856c65215eddb17d2b5b938f58b4bec525af96f8637686e33b0d696e89,"According to Article 28(4) of the DIFC Trust Law 2018, can an order made consequential to a declaration under Articles 24 to 27 prejudice a purchaser in good faith for value of trust property without notice of the voidable matters?",boolean,false,false,1.0,1.0,1.0,"[[""4e387152960c1029b3711cacb05b287b13c977bc61f2558059a62b7b427a62eb"", 15]]","[[""4e387152960c1029b3711cacb05b287b13c977bc61f2558059a62b7b427a62eb"", 15]]",False,
mixed-R6,698e30385362eebe29a7fd618bb6d5fc2d213fca30eb008f0496d3887d6b4677,Is there any main party that appeared in both cases ARB 034/2025 and SCT 514/2025?,boolean,false,false,1.0,1.0,1.0,"[[""58eae81bf668e7f6c58619f419a49b5e35e2e5c9c7475475ace28ec562580545"", 1], [""6306079a16b1dec85690f75c715cdbd78b0685a3e19ee30250d481bc32f2e29a"", 1]]","[[""58eae81bf668e7f6c58619f419a49b5e35e2e5c9c7475475ace28ec562580545"", 1], [""6306079a16b1dec85690f75c715cdbd78b0685a3e19ee30250d481bc32f2e29a"", 1]]",True,
mixed-R6,52a35cfabe76f2c538c6f72a841a08e0cc85bbe8f732874a4d2827383794c213,Did cases CA 004/2025 and ARB 034/2025 have any judges in common?,boolean,false,false,1.0,1.0,1.0,"[[""58eae81bf668e7f6c58619f419a49b5e35e2e5c9c7475475ace28ec562580545"", 1], [""78ffe994cdc61ce6a2a6937c79fc52751bb5d2b4eaa4019f088fbccf70569c26"", 1]]","[[""58eae81bf668e7f6c58619f419a49b5e35e2e5c9c7475475ace28ec562580545"", 1], [""78ffe994cdc61ce6a2a6937c79fc52751bb5d2b4eaa4019f088fbccf70569c26"", 1]]",True,
mixed-R6,a341025df493b0e6a962fa637e3df6fe053c3de28cb2f5c8eb0814067af32b95,"According to Article 12(4) of the Common Reporting Standard Law and Article 18(2)(b) of the General Partnership Law, what are the retention periods for records?",free_text,"""Article 12(4) of the Common Reporting Standard Law requires records to be retained for six (6) years after the date of reporting the information. Article 18(2)(b) of the General Partnership Law requires records to be preserved for at least six (6) years from the date they were of""","""Under the CRS Law, records must be retained for 6 years after reporting. Under the General Partnership Law, accounting records must be preserved for at least 6 years from creation, or longer if prescribed by Regulations.""",0.4,0.2857142857142857,1.0,"[[""302a0bd8d67775e8dc5960ecec7879be566300d8b32c4b0153ba15ebdb279425"", 7], [""fbdd7f9dd299d83b1f398778da2e6765dfaaed62005667264734a1f76ec09071"", 2], [""fbdd7f9dd299d83b1f398778da2e6765dfaaed62005667264734a1f76ec09071"", 4], [""fbdd7f9dd299d83b1f398778da2e6765dfaaed62005667264734a1f76ec09071"", 6], [""fbdd7f9dd299d83b1f398778da2e6765dfaaed62005667264734a1f76ec09071"", 7], [""fbdd7f9dd299d83b1f398778da2e6765dfaaed62005667264734a1f76ec09071"", 13], [""fbdd7f9dd299d83b1f398778da2e6765dfaaed62005667264734a1f76ec09071"", 16]]","[[""302a0bd8d67775e8dc5960ecec7879be566300d8b32c4b0153ba15ebdb279425"", 7], [""fbdd7f9dd299d83b1f398778da2e6765dfaaed62005667264734a1f76ec09071"", 7]]",False,"Completeness: it omits the General Partnership Law qualifier that records may need to be kept longer if Regulations prescribe a longer period. Confidence calibration: 0.99 is too high for a partially incomplete answer. Clarity and relevance: the response is cut off mid-sentence, so it is not fully clear or complete."
mixed-R6,acd7d2aea67ff920768aae75300837412f603e0e29f048ea33171ba52c1c0cd8,Which case has an earlier Date of Issue: ENF 269/2023 or SCT 514/2025?,name,"""ENF 269/2023""","""ENF 269/2023""",1.0,0.0,0.0,"[[""5d3df6d69fac3ef91e13ac835b43a35e9e434fbc7e72ea5c01e288d69b66e6a2"", 1], [""6306079a16b1dec85690f75c715cdbd78b0685a3e19ee30250d481bc32f2e29a"", 1]]","[[""5d3df6d69fac3ef91e13ac835b43a35e9e434fbc7e72ea5c01e288d69b66e6a2"", 3], [""6306079a16b1dec85690f75c715cdbd78b0685a3e19ee30250d481bc32f2e29a"", 2]]",True,
mixed-R6,f2a28b01dbdda99ec2b09a7001ea72e35b94a42c14c4bc5e5206c59857770306,Is there a judge who presided over both case CFI 057/2025 and case ENF 269/2023?,boolean,false,false,1.0,0.3333333333333333,1.0,"[[""1a255edc261961ec64870466a27ac4e25b5ebc2abe298e1b69f8dd2fc27288f6"", 2], [""1b446e196b4d1752241c8ff689a31ea705e98ad0c16b9d343c303664f72b64a1"", 1], [""3f8a5ea0e051ba3af7a02da340c911fe0970ebece6c852c3e61a10c00cac6d6e"", 22], [""5d3df6d69fac3ef91e13ac835b43a35e9e434fbc7e72ea5c01e288d69b66e6a2"", 1], [""6248961b681ea0deb189f354be0c8286f35974dcdb211c13c921c3dd0e566a6e"", 1], [""bd2d222ee0a636a745434cfb457321cd658db5bb32b5f0a3f5643236cc1503d8"", 3]]","[[""1b446e196b4d1752241c8ff689a31ea705e98ad0c16b9d343c303664f72b64a1"", 1], [""5d3df6d69fac3ef91e13ac835b43a35e9e434fbc7e72ea5c01e288d69b66e6a2"", 1]]",True,
mixed-R6,3c33f9a4de9bac177c65e3c3bd986ef05e527095e4c96aabbbed76599b727eb0,Who are listed as the claimants in the case documents for SCT 295/2025?,names,"[""Olexa""]","[""Olexa""]",1.0,1.0,1.0,"[[""09660f78c26cd56c08c7253ed21ba01fb246092f482ccd8acd8e6f9b6fd2d917"", 1]]","[[""09660f78c26cd56c08c7253ed21ba01fb246092f482ccd8acd8e6f9b6fd2d917"", 1]]",False,
mixed-R6,b982f3b308042c0eb23dfe264a56ab53866fbea5d3981c4bfcf3ffb6de22054e,What was the result of the application heard in case CFI 067/2025?,free_text,"""The application was dismissed, and the Applicant was ordered to pay 80% of the Respondent's costs, totaling USD 155,879.50.""","""The Defendant's application for immediate judgment and/or strike out was dismissed, and the Applicant was ordered to pay 80% of the Respondent's costs, assessed at USD 155,879.50.""",1.0,1.0,1.0,"[[""897ab23ed5a70034d3d708d871ad1da8bc7b6608d94b1ca46b5d578d985d3c13"", 1]]","[[""897ab23ed5a70034d3d708d871ad1da8bc7b6608d94b1ca46b5d578d985d3c13"", 1]]",True,No issues: the submission matches the order’s outcome and costs award.
mixed-R6,cdddeb6a063f29cbea5f10b3dccbd83aa16849e1f3124e223d141d1578efeb0a,Who were the claimants in case CFI 010/2024?,names,"[""Fursa Consulting""]","[""Fursa Consulting""]",1.0,1.0,1.0,"[[""443e04bc1a78940b3fcd5438d24b6c5f182a276d354a3108e738b193675de032"", 1]]","[[""443e04bc1a78940b3fcd5438d24b6c5f182a276d354a3108e738b193675de032"", 1]]",True,
mixed-R6,f5c27c961e218728abde9ff9031d1701cb36db4a2e590d2dbd8914dd28a27b20,"According to Article 19(2)(c) of the Common Reporting Standard Law 2018, how many days does a Reporting Financial Institution have to pay a fine for opening a New Account without a valid self-certification after receiving notification?",number,30,30,1.0,1.0,1.0,"[[""fbdd7f9dd299d83b1f398778da2e6765dfaaed62005667264734a1f76ec09071"", 11]]","[[""fbdd7f9dd299d83b1f398778da2e6765dfaaed62005667264734a1f76ec09071"", 11]]",False,
mixed-R6,7b31467fd9f391a836ecd316b258a6d5e849cb62a9a0c95573b084c1d1338ba0,"According to Article 9(9)(a) of the Operating Law 2018, how many months does a Licence typically have effect from its issue date by the Registrar?",number,12,12,1.0,1.0,1.0,"[[""72ea171147bf30326fe6fd2e6798f607c7cef4bf9d43761dbccd2f1b6a356849"", 9]]","[[""72ea171147bf30326fe6fd2e6798f607c7cef4bf9d43761dbccd2f1b6a356849"", 9]]",False,
mixed-R6,6b20dd63f6b2072c51f7063e32f5accf7218fd36fdfcc3fb627867139b41359e,Which case has an earlier Date of Issue: SCT 169/2025 or SCT 295/2025?,name,"""SCT 169/2025""","""SCT 295/2025""",0.0,0.25,0.5,"[[""09660f78c26cd56c08c7253ed21ba01fb246092f482ccd8acd8e6f9b6fd2d917"", 1], [""09660f78c26cd56c08c7253ed21ba01fb246092f482ccd8acd8e6f9b6fd2d917"", 2], [""3a574fc4f0baa5ec7ff0dcc822d7c55e4f9c493c24addc217c8df3d848c16fa5"", 1], [""f4c4d051d514270964adcf58e124569e396602340b7d9172671759de10a95897"", 2]]","[[""09660f78c26cd56c08c7253ed21ba01fb246092f482ccd8acd8e6f9b6fd2d917"", 2], [""3a574fc4f0baa5ec7ff0dcc822d7c55e4f9c493c24addc217c8df3d848c16fa5"", 2]]",True,
mixed-R6,a499c8553e73100d9ecc8ccd1164beea4b82fa6b32c519de1a37c861925076a1,"If a Reporting Financial Institution fails to provide specified information during an investigation, does this constitute obstruction of Inspectors under Article 17(b) of the Common Reporting Standard Law 2018?",boolean,true,true,1.0,0.2,1.0,"[[""72ea171147bf30326fe6fd2e6798f607c7cef4bf9d43761dbccd2f1b6a356849"", 18], [""fbdd7f9dd299d83b1f398778da2e6765dfaaed62005667264734a1f76ec09071"", 8], [""fbdd7f9dd299d83b1f398778da2e6765dfaaed62005667264734a1f76ec09071"", 9], [""fbdd7f9dd299d83b1f398778da2e6765dfaaed62005667264734a1f76ec09071"", 10], [""fbdd7f9dd299d83b1f398778da2e6765dfaaed62005667264734a1f76ec09071"", 17]]","[[""fbdd7f9dd299d83b1f398778da2e6765dfaaed62005667264734a1f76ec09071"", 10]]",False,
mixed-R6,de67a8574c9e4352ba32d662761e8b2e59ce1d2ae36c33cf5c563dfc5d879920,"Considering all documents across case CA 005/2025 and case TCD 001/2024, was there any judge who participated in both cases?",boolean,null,true,0.0,0.25,0.5,"[[""03b621728fe29eb6113fcdb57f6458d793fd2d5c5b833ae26d40f04a29c85359"", 1], [""0471e83c1ea18086cfb6b3ff51da6f22b0efee337f10315b2593f782297ccb84"", 1], [""62930da32fa3172edf2f2bbf3da268455bd99a7b5fab34d72358730d8cd5da30"", 1], [""c98c1475692bc22f4abab6a7a7d7969467c94e46a7e68919aaf127179ebf3f54"", 1]]","[[""0471e83c1ea18086cfb6b3ff51da6f22b0efee337f10315b2593f782297ccb84"", 1], [""437568a801115019fe8278385c0484bdf07ab86f9a499ecaba2b7969b37c764b"", 1]]",False,
mixed-R6,e153746c20cc385a520728ac381151f424c9eee10e4c582904fee70afe9af243,"According to Article 10 of the Employment Law 2019, how many months after the Termination Date must a claim under this Law be presented to the Court, unless otherwise specified?",number,6,6,1.0,1.0,1.0,"[[""33bc02044716acdfedb164b065bdaec098aaadcae863c591f9931c88e7307d16"", 6]]","[[""33bc02044716acdfedb164b065bdaec098aaadcae863c591f9931c88e7307d16"", 6]]",True,
mixed-R6,922dcd5ae0d2420ec5577ed8094f593124f7b69f7e61b12c24ad46410114e8ae,What official law number is stated on the cover page of the DIFC Trust Law?,number,4,4,1.0,0.0,0.0,"[[""4e387152960c1029b3711cacb05b287b13c977bc61f2558059a62b7b427a62eb"", 50]]","[[""4e387152960c1029b3711cacb05b287b13c977bc61f2558059a62b7b427a62eb"", 1]]",False,
mixed-R6,f950917f9b85f687161b1022a11c3ce31e4f6ab459af69dfea311c20893fc8a7,Who are listed as the claimants in the case documents for CFI 067/2025?,names,"[""Coinmena B.S.C. (C)""]","[""COINMENA B.S.C. (C)""]",1.0,1.0,1.0,"[[""897ab23ed5a70034d3d708d871ad1da8bc7b6608d94b1ca46b5d578d985d3c13"", 1]]","[[""897ab23ed5a70034d3d708d871ad1da8bc7b6608d94b1ca46b5d578d985d3c13"", 1]]",True,
mixed-R6,254c8499b22ba05b0b1536c111b23e8afb031d0ed14af5970f665d6b1e821e65,"Under Article 26(2) of the Employment Law 2019, for how many months after the actual date of childbirth is a female Employee returning from Maternity Leave entitled to nursing breaks if her working time exceeds six hours?",number,6,6,1.0,1.0,1.0,"[[""33bc02044716acdfedb164b065bdaec098aaadcae863c591f9931c88e7307d16"", 14]]","[[""33bc02044716acdfedb164b065bdaec098aaadcae863c591f9931c88e7307d16"", 14]]",True,
mixed-R6,322674cd65809bde505d9f50edb1bf7e1674f7e118a8179617732a3942b52d74,"According to Article 19(4) of the General Partnership Law 2004, how many months after the end of the financial year must the accounts for that year be prepared and approved by the Partners?",number,6,6,1.0,1.0,1.0,"[[""302a0bd8d67775e8dc5960ecec7879be566300d8b32c4b0153ba15ebdb279425"", 8]]","[[""302a0bd8d67775e8dc5960ecec7879be566300d8b32c4b0153ba15ebdb279425"", 8]]",False,
mixed-R6,87a1294f4e8414adaf49579d914252f4c7a9e90c54a452b5a420bed4934ce335,"If a Reporting Financial Institution obtains or creates records in a language other than English under the Common Reporting Standard Law 2018, what must it provide upon request to the Relevant Authority?",free_text,"""It must provide an English translation to the Relevant Authority upon request.""","""It must provide an English translation to the Relevant Authority upon request.""",1.0,1.0,1.0,"[[""fbdd7f9dd299d83b1f398778da2e6765dfaaed62005667264734a1f76ec09071"", 7]]","[[""fbdd7f9dd299d83b1f398778da2e6765dfaaed62005667264734a1f76ec09071"", 7]]",False,
mixed-R6,b2fcc22c0bfc27e799fec5df74c911114a91f83d0aa2995729390d6c8cb80c1a,On what date was the DIFC Personal Property Law 2005 enacted?,free_text,"""There is no information on this question in the provided documents.""","""There is no information on this question in the provided documents.""",1.0,,,"[[""33bc02044716acdfedb164b065bdaec098aaadcae863c591f9931c88e7307d16"", 39], [""4e387152960c1029b3711cacb05b287b13c977bc61f2558059a62b7b427a62eb"", 4], [""536bbce854b9406cc22697e04fcdabd645e030c0e55b918252643b00e0b2b25f"", 1], [""536bbce854b9406cc22697e04fcdabd645e030c0e55b918252643b00e0b2b25f"", 3], [""536bbce854b9406cc22697e04fcdabd645e030c0e55b918252643b00e0b2b25f"", 20], [""ff746f7b583490a80ba104361c0a82a1ebbf7ed9097cd03dc49d744cb5057761"", 3]]",[],False,"The submission appropriately abstains, matching the reference and the available evidence, which does not provide the enactment date."
mixed-R6,8167b0cfeb476ce373ca991b28b3b35f78a8c3c9a5e3d1b682fdbb0ed5604ef4,"Looking only at the last page of the document in case SCT 514/2025, what was the outcome of the specific order or application described?",free_text,"""The Permission to Appeal Application was refused.""","""The Defendant's Application for Permission to Appeal was refused.""",1.0,0.0,0.0,"[[""6306079a16b1dec85690f75c715cdbd78b0685a3e19ee30250d481bc32f2e29a"", 1]]","[[""6306079a16b1dec85690f75c715cdbd78b0685a3e19ee30250d481bc32f2e29a"", 6]]",True,The answer matches the reference and is directly supported by the last-page evidence.
mixed-R6,2e211d0cdb29134de759b277c8b8ed5b8fe43f033dcec1e4bd15feafb1dbb8ab,"Across all documents in case DEC 001/2025 and case SCT 514/2025, is there any legal entity or individual that appears as a main party in both cases?",boolean,null,false,0.0,0.5,0.6666666666666666,"[[""1a255edc261961ec64870466a27ac4e25b5ebc2abe298e1b69f8dd2fc27288f6"", 1], [""3f8a5ea0e051ba3af7a02da340c911fe0970ebece6c852c3e61a10c00cac6d6e"", 1], [""839de9798f377492eee68f82b202d7cd3544be83d799f6226a02f3678c9bb914"", 1], [""839de9798f377492eee68f82b202d7cd3544be83d799f6226a02f3678c9bb914"", 7]]","[[""3f8a5ea0e051ba3af7a02da340c911fe0970ebece6c852c3e61a10c00cac6d6e"", 1], [""6306079a16b1dec85690f75c715cdbd78b0685a3e19ee30250d481bc32f2e29a"", 1], [""839de9798f377492eee68f82b202d7cd3544be83d799f6226a02f3678c9bb914"", 1]]",True,
mixed-R6,89f4b2e86cf7e48e185b9d5775d67e7c8a51beccbb20abce8dac2a1b0e80b723,Were the Miranda rights properly administered in case ENF 269/2023?,free_text,"""There is no information on this question in the provided documents.""","""There is no information on this question in the provided documents.""",1.0,,,"[[""22442c5ee999e2519c68de908be511875a84f2b810ed540c2dcfcbcc65031434"", 30], [""33bc02044716acdfedb164b065bdaec098aaadcae863c591f9931c88e7307d16"", 2], [""33bc02044716acdfedb164b065bdaec098aaadcae863c591f9931c88e7307d16"", 6], [""5d3df6d69fac3ef91e13ac835b43a35e9e434fbc7e72ea5c01e288d69b66e6a2"", 1], [""bd2d222ee0a636a745434cfb457321cd658db5bb32b5f0a3f5643236cc1503d8"", 1], [""bd2d222ee0a636a745434cfb457321cd658db5bb32b5f0a3f5643236cc1503d8"", 3]]",[],False,The submission appropriately abstains because the provided documents do not contain information about Miranda rights in ENF 269/2023.
mixed-R6,98d473221f50a845466544b43d6bb52b0497893aade63a8659db228459c271b4,When was the consolidated version of the Law on the Application of Civil and Commercial Laws in the DIFC published?,free_text,"""The consolidated version was published in 2024-11.""","""The consolidated version was published in November 2024.""",1.0,0.25,1.0,"[[""ff746f7b583490a80ba104361c0a82a1ebbf7ed9097cd03dc49d744cb5057761"", 1], [""ff746f7b583490a80ba104361c0a82a1ebbf7ed9097cd03dc49d744cb5057761"", 2], [""ff746f7b583490a80ba104361c0a82a1ebbf7ed9097cd03dc49d744cb5057761"", 3], [""ff746f7b583490a80ba104361c0a82a1ebbf7ed9097cd03dc49d744cb5057761"", 7]]","[[""ff746f7b583490a80ba104361c0a82a1ebbf7ed9097cd03dc49d744cb5057761"", 1]]",False,"All criteria met. The answer matches the reference (‘November 2024’), is directly responsive, and is supported by the evidence showing ‘Consolidated Version (November 2024)’. The high confidence is appropriate."
mixed-R6,5cb2e9e631929fec4306d0bf7cbf145bcfe5f29d86eade85178d359852626cbf,Does the DIFC law numbered DIFC Law No. 7 of 2018 deal with insolvency and preferential debts?,boolean,false,false,1.0,0.0,0.0,"[[""72ea171147bf30326fe6fd2e6798f607c7cef4bf9d43761dbccd2f1b6a356849"", 40], [""b82ac8228e051d96bf8d706d3251893ebff1c9457b066fce3b7cb99af956f2a7"", 24]]","[[""72ea171147bf30326fe6fd2e6798f607c7cef4bf9d43761dbccd2f1b6a356849"", 1]]",False,
mixed-R6,30167c4bda50157907608b180c50e4e49902b0cb6bd09b6461b6c7cb75961a1b,"Summarize the court's final ruling in case CFI 010/2024, as stated on the first page of the document.",free_text,"""The court dismissed the Application and ordered that the Claimant bear its own costs of the Application.""","""The court dismissed the Claimant's application for a Default Costs Certificate and ordered the Claimant to bear its own costs of the application.""",1.0,1.0,1.0,"[[""443e04bc1a78940b3fcd5438d24b6c5f182a276d354a3108e738b193675de032"", 1]]","[[""443e04bc1a78940b3fcd5438d24b6c5f182a276d354a3108e738b193675de032"", 1]]",True,"The answer matches the ruling on the first page: the application was dismissed and the Claimant was ordered to bear its own costs. It is slightly less specific than the reference because it omits that the application was for a Default Costs Certificate, but it is still factually aligned and responsive."
mixed-R6,30040cc854022341de6bb9ee7dc3e932d540666a1addda4750bf974ce9d9292f,Which case has an earlier Date of Issue: CFI 016/2025 or ENF 269/2023?,name,"""ENF 269/2023""","""ENF 269/2023""",1.0,0.0,0.0,"[[""5d3df6d69fac3ef91e13ac835b43a35e9e434fbc7e72ea5c01e288d69b66e6a2"", 1], [""6248961b681ea0deb189f354be0c8286f35974dcdb211c13c921c3dd0e566a6e"", 1]]","[[""5d3df6d69fac3ef91e13ac835b43a35e9e434fbc7e72ea5c01e288d69b66e6a2"", 3], [""6248961b681ea0deb189f354be0c8286f35974dcdb211c13c921c3dd0e566a6e"", 2]]",False,
mixed-R6,33060f268efcac79c65cd3e0a39bc0f7d91d9bb1802bc2e08bfa43ec5a5cd355,"According to Article 16(1) of the Operating Law 2018, what document must every Registered Person file with the Registrar at the same time as applying for Licence renewal?",name,"""Confirmation Statement""","""Confirmation Statement""",1.0,1.0,1.0,"[[""72ea171147bf30326fe6fd2e6798f607c7cef4bf9d43761dbccd2f1b6a356849"", 11]]","[[""72ea171147bf30326fe6fd2e6798f607c7cef4bf9d43761dbccd2f1b6a356849"", 11]]",False,
mixed-R6,0149374f1699ab209f6169cffcdd94f45072fca07fbf7a580720760f5c32f658,"Under Article 11(2)(b) of the Employment Law 2019, can an Employee waive any right under this Law by entering into a written agreement with their Employer to terminate employment, provided they were given an opportunity to receive independent legal advice or took part in mediation?",boolean,true,true,1.0,1.0,1.0,"[[""33bc02044716acdfedb164b065bdaec098aaadcae863c591f9931c88e7307d16"", 7]]","[[""33bc02044716acdfedb164b065bdaec098aaadcae863c591f9931c88e7307d16"", 7]]",True,
mixed-R6,5c3ca60614572a117bb7436e202cb32249c186ad8c5526b35a3556b54ff425b7,Which case has an earlier Date of Issue: CA 004/2025 or SCT 295/2025?,name,"""CA 004/2025""","""CA 004/2025""",1.0,0.0,0.0,"[[""09660f78c26cd56c08c7253ed21ba01fb246092f482ccd8acd8e6f9b6fd2d917"", 1], [""78ffe994cdc61ce6a2a6937c79fc52751bb5d2b4eaa4019f088fbccf70569c26"", 1]]","[[""09660f78c26cd56c08c7253ed21ba01fb246092f482ccd8acd8e6f9b6fd2d917"", 2], [""78ffe994cdc61ce6a2a6937c79fc52751bb5d2b4eaa4019f088fbccf70569c26"", 2]]",True,
mixed-R6,52e9e31a6d7a80a597147115b3d38065da495a41e7c11e797d0a190c9a580bcf,What was the outcome of the specific order or application described in case SCT 295/2025?,free_text,"""There is no information on this question in the provided documents.""","""The permission to appeal application was refused, and there was no order as to costs.""",0.4,0.0,0.0,"[[""09660f78c26cd56c08c7253ed21ba01fb246092f482ccd8acd8e6f9b6fd2d917"", 1], [""1a255edc261961ec64870466a27ac4e25b5ebc2abe298e1b69f8dd2fc27288f6"", 75], [""3a574fc4f0baa5ec7ff0dcc822d7c55e4f9c493c24addc217c8df3d848c16fa5"", 1], [""437568a801115019fe8278385c0484bdf07ab86f9a499ecaba2b7969b37c764b"", 5], [""437568a801115019fe8278385c0484bdf07ab86f9a499ecaba2b7969b37c764b"", 10], [""5d3df6d69fac3ef91e13ac835b43a35e9e434fbc7e72ea5c01e288d69b66e6a2"", 5], [""d32e76d495ac7d855d805fb71682b98d254520e3799aa4529ebc983212648335"", 3]]","[[""09660f78c26cd56c08c7253ed21ba01fb246092f482ccd8acd8e6f9b6fd2d917"", 2]]",False,"The submission does not answer the question: the reference says the permission to appeal application was refused and there was no order as to costs. It is grounded as an abstention because the provided evidence does not actually show the outcome, but the confidence is too high for such a non-answer."
mixed-R6,fdeb03aecacff6f7d78a86ff22a13e95abe014855c18282b142d6ad1f46daa0a,Review the full case files for DEC 001/2025 and TCD 001/2024 — did any judge preside over proceedings in both cases?,boolean,null,false,0.0,0.5,0.5,"[[""0471e83c1ea18086cfb6b3ff51da6f22b0efee337f10315b2593f782297ccb84"", 1], [""1a255edc261961ec64870466a27ac4e25b5ebc2abe298e1b69f8dd2fc27288f6"", 1], [""1a255edc261961ec64870466a27ac4e25b5ebc2abe298e1b69f8dd2fc27288f6"", 8], [""62930da32fa3172edf2f2bbf3da268455bd99a7b5fab34d72358730d8cd5da30"", 1], [""839de9798f377492eee68f82b202d7cd3544be83d799f6226a02f3678c9bb914"", 7], [""c98c1475692bc22f4abab6a7a7d7969467c94e46a7e68919aaf127179ebf3f54"", 1]]","[[""0471e83c1ea18086cfb6b3ff51da6f22b0efee337f10315b2593f782297ccb84"", 1], [""1a255edc261961ec64870466a27ac4e25b5ebc2abe298e1b69f8dd2fc27288f6"", 2], [""3f8a5ea0e051ba3af7a02da340c911fe0970ebece6c852c3e61a10c00cac6d6e"", 1], [""62930da32fa3172edf2f2bbf3da268455bd99a7b5fab34d72358730d8cd5da30"", 1], [""839de9798f377492eee68f82b202d7cd3544be83d799f6226a02f3678c9bb914"", 1], [""c98c1475692bc22f4abab6a7a7d7969467c94e46a7e68919aaf127179ebf3f54"", 1]]",False,
mixed-R6,eeffebf44c689e60729c466dd3fda5e7c2731c84220464c1808ef661452d1de0,"According to the Conclusion section of case CA 009/2024, how did the Court of Appeal rule, and what costs were awarded?",free_text,"""In the Conclusion section, the Court of Appeal made a costs award in favour of the Appellant, fixing those costs at 50% of the amount claimed, namely USD 60,541.25.""","""The Court of Appeal allowed the appeal to the extent shown in its order, restored the amended Second Part 50 order against Ms Onita, dismissed the appeal as to Mr Oron, and awarded the appellant USD 60,541.25 in costs.""",0.6,0.16666666666666666,1.0,"[[""3f8a5ea0e051ba3af7a02da340c911fe0970ebece6c852c3e61a10c00cac6d6e"", 18], [""6248961b681ea0deb189f354be0c8286f35974dcdb211c13c921c3dd0e566a6e"", 2], [""6248961b681ea0deb189f354be0c8286f35974dcdb211c13c921c3dd0e566a6e"", 6], [""78ffe994cdc61ce6a2a6937c79fc52751bb5d2b4eaa4019f088fbccf70569c26"", 1], [""bd2d222ee0a636a745434cfb457321cd658db5bb32b5f0a3f5643236cc1503d8"", 1], [""bd2d222ee0a636a745434cfb457321cd658db5bb32b5f0a3f5643236cc1503d8"", 14]]","[[""bd2d222ee0a636a745434cfb457321cd658db5bb32b5f0a3f5643236cc1503d8"", 14]]",True,"The costs figure is correct and supported, but the answer omits the actual ruling on the appeal (allowed in part, restored the amended Second Part 50 order against Ms Onita, and dismissed as to Mr Oron). Its confidence is a bit too high given that omission."
mixed-R6,6c32a091c7108047fabbea4f78137837d79c46a5a864963872cb7035ea9cce0f,What was the claim value in AED referenced in the appeal judgment CA 005/2025?,number,4200000,405351504,0.0,0.0,0.0,"[[""09660f78c26cd56c08c7253ed21ba01fb246092f482ccd8acd8e6f9b6fd2d917"", 5], [""6248961b681ea0deb189f354be0c8286f35974dcdb211c13c921c3dd0e566a6e"", 1], [""6248961b681ea0deb189f354be0c8286f35974dcdb211c13c921c3dd0e566a6e"", 5], [""6248961b681ea0deb189f354be0c8286f35974dcdb211c13c921c3dd0e566a6e"", 6], [""6248961b681ea0deb189f354be0c8286f35974dcdb211c13c921c3dd0e566a6e"", 7], [""62930da32fa3172edf2f2bbf3da268455bd99a7b5fab34d72358730d8cd5da30"", 3], [""78ffe994cdc61ce6a2a6937c79fc52751bb5d2b4eaa4019f088fbccf70569c26"", 1], [""f4c4d051d514270964adcf58e124569e396602340b7d9172671759de10a95897"", 2]]","[[""437568a801115019fe8278385c0484bdf07ab86f9a499ecaba2b7969b37c764b"", 3]]",False,
mixed-R6,f564b1fd7332944fa826e3af69330b53e8fed018c370dde5b57a8e338d4ecd62,"Between CFI 016/2025 and CFI 057/2025, which document has the earlier issue date?",name,"""CFI 057/2025""","""CFI 057/2025""",1.0,1.0,1.0,"[[""1b446e196b4d1752241c8ff689a31ea705e98ad0c16b9d343c303664f72b64a1"", 1], [""6248961b681ea0deb189f354be0c8286f35974dcdb211c13c921c3dd0e566a6e"", 1]]","[[""1b446e196b4d1752241c8ff689a31ea705e98ad0c16b9d343c303664f72b64a1"", 1], [""6248961b681ea0deb189f354be0c8286f35974dcdb211c13c921c3dd0e566a6e"", 1]]",True,
mixed-R6,b31a702f36e2c43e845e13f160ebc35d3d6ea27eb66a351561a94f0ce56b8667,"According to Article 13 of the Employment Law 2019, can an Employer employ a child who is under sixteen years of age?",boolean,false,false,1.0,0.5,1.0,"[[""33bc02044716acdfedb164b065bdaec098aaadcae863c591f9931c88e7307d16"", 7], [""33bc02044716acdfedb164b065bdaec098aaadcae863c591f9931c88e7307d16"", 44]]","[[""33bc02044716acdfedb164b065bdaec098aaadcae863c591f9931c88e7307d16"", 7]]",True,
mixed-R6,b13500141f04c86f328b49c56ba01c7bc13bce5afee9646860912718291a5c1a,"According to Article 7(3)(j) of the Operating Law 2018, can the Registrar delegate its functions and powers to officers or employees of the DIFCA without the approval of the Board of Directors of the DIFCA?",boolean,true,true,1.0,1.0,1.0,"[[""72ea171147bf30326fe6fd2e6798f607c7cef4bf9d43761dbccd2f1b6a356849"", 6]]","[[""72ea171147bf30326fe6fd2e6798f607c7cef4bf9d43761dbccd2f1b6a356849"", 6]]",False,
mixed-R6,43f77ed8a37c7af9b3e52b0532c593c768f8f1159db9b9ca717a700d6b0a47f9,"From the header/caption section of each document in case TCD 001/2024, identify all parties listed as Claimant.",names,"[""Architeriors Interior Design (L.L.C)""]","[""ARCHITERIORS INTERIOR DESIGN (L.L.C)""]",1.0,1.0,1.0,"[[""0471e83c1ea18086cfb6b3ff51da6f22b0efee337f10315b2593f782297ccb84"", 1], [""62930da32fa3172edf2f2bbf3da268455bd99a7b5fab34d72358730d8cd5da30"", 1], [""c98c1475692bc22f4abab6a7a7d7969467c94e46a7e68919aaf127179ebf3f54"", 1]]","[[""0471e83c1ea18086cfb6b3ff51da6f22b0efee337f10315b2593f782297ccb84"", 1], [""62930da32fa3172edf2f2bbf3da268455bd99a7b5fab34d72358730d8cd5da30"", 1], [""c98c1475692bc22f4abab6a7a7d7969467c94e46a7e68919aaf127179ebf3f54"", 1]]",False,
mixed-R6,12eaaba41338f13b21be7ab9fa1d754390b7aab512e9f33ea7184cc2b2f54d86,Is there a judge who presided over both case CA 004/2025 and case CFI 010/2024?,boolean,false,false,1.0,1.0,1.0,"[[""443e04bc1a78940b3fcd5438d24b6c5f182a276d354a3108e738b193675de032"", 1], [""78ffe994cdc61ce6a2a6937c79fc52751bb5d2b4eaa4019f088fbccf70569c26"", 1]]","[[""443e04bc1a78940b3fcd5438d24b6c5f182a276d354a3108e738b193675de032"", 1], [""78ffe994cdc61ce6a2a6937c79fc52751bb5d2b4eaa4019f088fbccf70569c26"", 1]]",True,
mixed-R6,1097af38db84c4d507357bfbdcbbcc1de60a0ccb10752bad8091a75b8f53eb5c,What is the minimum period for which a DIFC-incorporated General Partnership and a DIFC-incorporated Limited Liability Partnership must preserve their accounting records?,free_text,"""Both a DIFC-incorporated General Partnership and a DIFC-incorporated Limited Liability Partnership must preserve their accounting records for at least six (6) years from the date they were created.""","""Both must preserve their accounting records for at least six years from the date they were created.""",1.0,0.4,1.0,"[[""22442c5ee999e2519c68de908be511875a84f2b810ed540c2dcfcbcc65031434"", 2], [""302a0bd8d67775e8dc5960ecec7879be566300d8b32c4b0153ba15ebdb279425"", 2], [""302a0bd8d67775e8dc5960ecec7879be566300d8b32c4b0153ba15ebdb279425"", 7], [""b82ac8228e051d96bf8d706d3251893ebff1c9457b066fce3b7cb99af956f2a7"", 2], [""b82ac8228e051d96bf8d706d3251893ebff1c9457b066fce3b7cb99af956f2a7"", 13]]","[[""302a0bd8d67775e8dc5960ecec7879be566300d8b32c4b0153ba15ebdb279425"", 7], [""b82ac8228e051d96bf8d706d3251893ebff1c9457b066fce3b7cb99af956f2a7"", 13]]",False,
mixed-R6,0a414e1d999bcde13b5dac055194ed52527555ac577946acef75372eaad360fa,What did the jury decide in case ENF 269/2023?,free_text,"""In ENF 269/2023, the court recognized the DIFC-LCIA awards as binding and ordered that they be enforced in the same manner as a judgment of the DIFC Courts.""","""There is no information on this question in the provided documents.""",0.2,,,"[[""3a574fc4f0baa5ec7ff0dcc822d7c55e4f9c493c24addc217c8df3d848c16fa5"", 3], [""536bbce854b9406cc22697e04fcdabd645e030c0e55b918252643b00e0b2b25f"", 20], [""5d3df6d69fac3ef91e13ac835b43a35e9e434fbc7e72ea5c01e288d69b66e6a2"", 1], [""839de9798f377492eee68f82b202d7cd3544be83d799f6226a02f3678c9bb914"", 3], [""bd2d222ee0a636a745434cfb457321cd658db5bb32b5f0a3f5643236cc1503d8"", 1], [""bd2d222ee0a636a745434cfb457321cd658db5bb32b5f0a3f5643236cc1503d8"", 3], [""c98c1475692bc22f4abab6a7a7d7969467c94e46a7e68919aaf127179ebf3f54"", 11]]",[],False,"The reference says there is no information available, so the answer should have abstained. Instead it gives a substantive answer about the court’s order, and it does not answer the question about a jury decision."
mixed-R6,146567e3d096312584103b24983e3ff8e904e4ec5dea993d9774d24fef15fce7,"According to Article 14(2)(b) of the General Partnership Law 2004, how many years must a Recognised Partnership's Accounting Records be preserved?",number,6,6,1.0,1.0,1.0,"[[""302a0bd8d67775e8dc5960ecec7879be566300d8b32c4b0153ba15ebdb279425"", 6]]","[[""302a0bd8d67775e8dc5960ecec7879be566300d8b32c4b0153ba15ebdb279425"", 6]]",False,
mixed-R6,81d5652bd7e7518381629876f05fdded589e1acc60c8e93aae54488d23493214,Is there a judge who presided over both case ARB 034/2025 and case CFI 067/2025?,boolean,true,true,1.0,1.0,1.0,"[[""58eae81bf668e7f6c58619f419a49b5e35e2e5c9c7475475ace28ec562580545"", 1], [""897ab23ed5a70034d3d708d871ad1da8bc7b6608d94b1ca46b5d578d985d3c13"", 1]]","[[""58eae81bf668e7f6c58619f419a49b5e35e2e5c9c7475475ace28ec562580545"", 1], [""897ab23ed5a70034d3d708d871ad1da8bc7b6608d94b1ca46b5d578d985d3c13"", 1]]",True,
mixed-R6,ca8aebcc86f2b1ea064a28736c67b04357474bcf1128890991c73a237091638a,"Under Article 10(3) of the Operating Law 2018, how many days does a Registered Person have to change its name if it becomes misleading, deceptive, or conflicting?",number,30,30,1.0,1.0,1.0,"[[""72ea171147bf30326fe6fd2e6798f607c7cef4bf9d43761dbccd2f1b6a356849"", 9]]","[[""72ea171147bf30326fe6fd2e6798f607c7cef4bf9d43761dbccd2f1b6a356849"", 9]]",False,
mixed-R6,d9d27c9cace6eafd11dbb349244e0443e16c8cc0efdf516514cc945135e1a597,"Between ARB 034/2025 and SCT 295/2025, which was issued first?",name,"""SCT 295/2025""","""SCT 295/2025""",1.0,0.0,0.0,"[[""09660f78c26cd56c08c7253ed21ba01fb246092f482ccd8acd8e6f9b6fd2d917"", 1], [""58eae81bf668e7f6c58619f419a49b5e35e2e5c9c7475475ace28ec562580545"", 1]]","[[""09660f78c26cd56c08c7253ed21ba01fb246092f482ccd8acd8e6f9b6fd2d917"", 2], [""58eae81bf668e7f6c58619f419a49b5e35e2e5c9c7475475ace28ec562580545"", 2]]",True,
mixed-R6,be35b591e2e2383879988055e11ebf31df0e145903e04b4e0c6fca1786ff634d,"According to the 'IT IS HEREBY ORDERED THAT' section of arbitration case ARB 034/2025, what did the court decide?",free_text,"""There is no information on this question in the provided documents.""","""The ASI Order was discharged, the Defendant's Set Aside Application was granted, and the Claimant was ordered to pay the Defendant's costs, with a costs statement due within 5 days.""",0.2,0.2,1.0,"[[""09660f78c26cd56c08c7253ed21ba01fb246092f482ccd8acd8e6f9b6fd2d917"", 2], [""3a574fc4f0baa5ec7ff0dcc822d7c55e4f9c493c24addc217c8df3d848c16fa5"", 2], [""58eae81bf668e7f6c58619f419a49b5e35e2e5c9c7475475ace28ec562580545"", 1], [""58eae81bf668e7f6c58619f419a49b5e35e2e5c9c7475475ace28ec562580545"", 2], [""c98c1475692bc22f4abab6a7a7d7969467c94e46a7e68919aaf127179ebf3f54"", 1]]","[[""58eae81bf668e7f6c58619f419a49b5e35e2e5c9c7475475ace28ec562580545"", 2]]",True,"Correctness: the reference provides a specific set of orders, so saying there is no information is wrong. Completeness: it does not identify the discharge of the ASI Order, the granted set-aside application, or the costs order. Grounding: the claim that the documents contain no information is not supported by the supplied evidence. Confidence calibration: 0.95 is not appropriate for an incorrect/non-responsive answer. Clarity and relevance: the response is clear, concise, and on topic, even though it is unhelpful."
mixed-R6,8bf189fe861d79f2e2dfb2e9126fe590c41f6034afc0ee1ef5aefa61202b9d01,"Based on all documents in case CFI 010/2024 and case DEC 001/2025, did any judge appear in both cases?",boolean,false,false,1.0,1.0,0.75,"[[""1a255edc261961ec64870466a27ac4e25b5ebc2abe298e1b69f8dd2fc27288f6"", 2], [""3f8a5ea0e051ba3af7a02da340c911fe0970ebece6c852c3e61a10c00cac6d6e"", 1], [""443e04bc1a78940b3fcd5438d24b6c5f182a276d354a3108e738b193675de032"", 1]]","[[""1a255edc261961ec64870466a27ac4e25b5ebc2abe298e1b69f8dd2fc27288f6"", 2], [""3f8a5ea0e051ba3af7a02da340c911fe0970ebece6c852c3e61a10c00cac6d6e"", 1], [""443e04bc1a78940b3fcd5438d24b6c5f182a276d354a3108e738b193675de032"", 1], [""839de9798f377492eee68f82b202d7cd3544be83d799f6226a02f3678c9bb914"", 1]]",True,
mixed-R6,c9f0dd67c60a88de9c2c38956f2ffd7b394eb4d7568c73d1869b4182480faf64,"According to the 'IT IS HEREBY ORDERED THAT' section of case SCT 454/2024, what was the outcome of the application for permission to appeal?",free_text,"""The application for permission to appeal was refused.""","""The application for permission to appeal was refused.""",1.0,1.0,1.0,"[[""f4c4d051d514270964adcf58e124569e396602340b7d9172671759de10a95897"", 1]]","[[""f4c4d051d514270964adcf58e124569e396602340b7d9172671759de10a95897"", 1]]",False,The answer matches the reference and is directly supported by the quoted order stating that the application was refused.
mixed-R6,84a7c3564026e528c0a5e6a86a72447b4be016d6aa26ce5ce87843c58a975629,What was the plea bargain in case ARB 034/2025?,free_text,"""There is no information on this question in the provided documents.""","""There is no information on this question in the provided documents.""",1.0,,,"[[""1b446e196b4d1752241c8ff689a31ea705e98ad0c16b9d343c303664f72b64a1"", 3], [""58eae81bf668e7f6c58619f419a49b5e35e2e5c9c7475475ace28ec562580545"", 1]]",[],False,The submission matches the reference and appropriately abstains because the provided documents do not contain information about any plea bargain in case ARB 034/2025.
mixed-R6,b9e824da7bc69fa5b2f4e989a4d591d9c5196362cc985f70a9c29e6f710ea817,"According to the 'IT IS HEREBY ORDERED THAT' section of case CFI 092/2024, what was the outcome of the Defendants' application?",free_text,"""The Defendants' application was granted.""","""The Defendants' immediate judgment application was dismissed, and the claim will proceed to trial alongside the main issues.""",0.2,0.0,0.0,"[[""58eae81bf668e7f6c58619f419a49b5e35e2e5c9c7475475ace28ec562580545"", 2], [""58eae81bf668e7f6c58619f419a49b5e35e2e5c9c7475475ace28ec562580545"", 4], [""bd2d222ee0a636a745434cfb457321cd658db5bb32b5f0a3f5643236cc1503d8"", 2], [""bd2d222ee0a636a745434cfb457321cd658db5bb32b5f0a3f5643236cc1503d8"", 5], [""d32e76d495ac7d855d805fb71682b98d254520e3799aa4529ebc983212648335"", 1]]","[[""d32e76d495ac7d855d805fb71682b98d254520e3799aa4529ebc983212648335"", 2]]",False,"The answer is incorrect: the order states the Defendants’ immediate judgment application was dismissed, not granted, and the claim proceeds to trial alongside the main issues. It is also incomplete because it omits that further step. The stated confidence is too high for the wrong outcome, and the answer is not supported by the supplied evidence."
mixed-R6,3ab3489605bc64891f36d9f3c7cf9c8608d08163b8673db41aa359097786b4bc,"According to Article 12(4) of the Common Reporting Standard Law 2018, for how many years must records be retained by Reporting Financial Institutions after the date of reporting the information?",number,6,6,1.0,1.0,1.0,"[[""fbdd7f9dd299d83b1f398778da2e6765dfaaed62005667264734a1f76ec09071"", 7]]","[[""fbdd7f9dd299d83b1f398778da2e6765dfaaed62005667264734a1f76ec09071"", 7]]",False,
mixed-R6,ec0aa6992207b818c06e57dd28b08dad22ba2de3bd9e81a9a222e2fba9814406,Who are listed as the claimants in the case documents for SCT 454/2024?,names,"[""OLETA""]","[""Oleta""]",1.0,1.0,1.0,"[[""f4c4d051d514270964adcf58e124569e396602340b7d9172671759de10a95897"", 1]]","[[""f4c4d051d514270964adcf58e124569e396602340b7d9172671759de10a95897"", 1]]",False,
mixed-R6,e9b7a25f2bca575390d55244471366612a7698321f47c4f1eb28724c8448ef7d,Was the same judge involved in both case CFI 010/2024 and case CFI 016/2025?,boolean,false,false,1.0,1.0,1.0,"[[""443e04bc1a78940b3fcd5438d24b6c5f182a276d354a3108e738b193675de032"", 1], [""6248961b681ea0deb189f354be0c8286f35974dcdb211c13c921c3dd0e566a6e"", 1]]","[[""443e04bc1a78940b3fcd5438d24b6c5f182a276d354a3108e738b193675de032"", 1], [""6248961b681ea0deb189f354be0c8286f35974dcdb211c13c921c3dd0e566a6e"", 1]]",True,
mixed-R6,d6eb4a640e0ad690e92c1463e15f5394d36d8f5bb407f0fa4d7413c456c7a5bd,"Under Article 11(1) of the Employment Law 2019, is a provision in an agreement to waive minimum employment requirements void in all circumstances, except where expressly permitted by the Law?",boolean,true,true,1.0,1.0,1.0,"[[""33bc02044716acdfedb164b065bdaec098aaadcae863c591f9931c88e7307d16"", 7]]","[[""33bc02044716acdfedb164b065bdaec098aaadcae863c591f9931c88e7307d16"", 7]]",True,
mixed-R6,88f62d095220495f4a36b31f9f976e726aea7b53f6aead57084c6d8b36dc9814,Which case was issued earlier by the Court of First Instance: CFI 057/2025 or CFI 067/2025?,name,"""CFI 057/2025""","""CFI 057/2025""",1.0,0.0,0.0,"[[""1b446e196b4d1752241c8ff689a31ea705e98ad0c16b9d343c303664f72b64a1"", 1], [""897ab23ed5a70034d3d708d871ad1da8bc7b6608d94b1ca46b5d578d985d3c13"", 1]]","[[""1b446e196b4d1752241c8ff689a31ea705e98ad0c16b9d343c303664f72b64a1"", 2], [""897ab23ed5a70034d3d708d871ad1da8bc7b6608d94b1ca46b5d578d985d3c13"", 2]]",True,
mixed-R6,dd736c7955429054fc55ea9eb55b96d3feb13e410f27a25651eefe5ecb536575,Which case has an earlier Date of Issue: ENF 269/2023 or SCT 169/2025?,name,"""ENF 269/2023""","""ENF 269/2023""",1.0,0.0,0.0,"[[""3a574fc4f0baa5ec7ff0dcc822d7c55e4f9c493c24addc217c8df3d848c16fa5"", 1], [""5d3df6d69fac3ef91e13ac835b43a35e9e434fbc7e72ea5c01e288d69b66e6a2"", 1]]","[[""3a574fc4f0baa5ec7ff0dcc822d7c55e4f9c493c24addc217c8df3d848c16fa5"", 2], [""5d3df6d69fac3ef91e13ac835b43a35e9e434fbc7e72ea5c01e288d69b66e6a2"", 3]]",True,
mixed-R6,84941458c4ade946dae84cf5ebc4abf362a6f6e6fec835ba5c43ad2d3b4b14d7,Is there any information about parole hearings in case CFI 057/2025?,free_text,"""No specific information about parole hearings appears in the provided documents. They only mention hearings generally in CFI 057/2025, including that the hearings on 13 and 14 May 2025 were vacated and that a 3-day hearing was set for 12 May 2025.""","""There is no information on this question in the provided documents.""",0.4,,,"[[""1a255edc261961ec64870466a27ac4e25b5ebc2abe298e1b69f8dd2fc27288f6"", 2], [""1a255edc261961ec64870466a27ac4e25b5ebc2abe298e1b69f8dd2fc27288f6"", 4], [""1b446e196b4d1752241c8ff689a31ea705e98ad0c16b9d343c303664f72b64a1"", 1], [""3f8a5ea0e051ba3af7a02da340c911fe0970ebece6c852c3e61a10c00cac6d6e"", 1], [""437568a801115019fe8278385c0484bdf07ab86f9a499ecaba2b7969b37c764b"", 13], [""839de9798f377492eee68f82b202d7cd3544be83d799f6226a02f3678c9bb914"", 19], [""839de9798f377492eee68f82b202d7cd3544be83d799f6226a02f3678c9bb914"", 33]]",[],False,"The response appropriately says there is no specific parole-hearing information, but it also adds an unsupported case-specific detail about a 3-day hearing set for 12 May 2025. That extra factual claim is not supported by the supplied evidence for CFI 057/2025, so correctness and grounding fail. The high confidence is also too strong given the unsupported detail."
mixed-R6,ff1b357588e9b5881ec9b1558ede2892e7cbf42a6787a1cbb922b45318f66778,"According to the title page of the DIFC Law on the Application of Civil and Commercial Laws, what is its official law number?",number,3,3,1.0,0.0,0.0,"[[""ff746f7b583490a80ba104361c0a82a1ebbf7ed9097cd03dc49d744cb5057761"", 7]]","[[""ff746f7b583490a80ba104361c0a82a1ebbf7ed9097cd03dc49d744cb5057761"", 1]]",False,
mixed-R6,f2ea23e9f861379a5c049830b57dcb499d4e6ce51013e64d49722b5845139e22,"Under Article 22 of the Operating Law 2018, for how many years from the date the Registrar becomes aware of an act or omission can the Registrar exercise powers in respect of a former Registered Person removed from the Public Register?",number,3,3,1.0,1.0,1.0,"[[""72ea171147bf30326fe6fd2e6798f607c7cef4bf9d43761dbccd2f1b6a356849"", 15]]","[[""72ea171147bf30326fe6fd2e6798f607c7cef4bf9d43761dbccd2f1b6a356849"", 15]]",False,
mixed-R6,095cb50318776a3b8ef11769cd941775694c194924783ee31109c25e3306600e,Who is responsible for administering the Employment Law and any Regulations made under it?,free_text,"""The DIFCA.""","""The DIFCA administers the Employment Law and any Regulations made under it.""",1.0,1.0,1.0,"[[""33bc02044716acdfedb164b065bdaec098aaadcae863c591f9931c88e7307d16"", 6]]","[[""33bc02044716acdfedb164b065bdaec098aaadcae863c591f9931c88e7307d16"", 6]]",True,
mixed-R6,c2cf8224f1166780b25c77feede37101c514517ed61485c9ae31f6b1eb8c744b,Who administers the Foundations Law?,free_text,"""The Court.""","""The Registrar administers the Foundations Law.""",0.2,0.0,0.0,"[[""22442c5ee999e2519c68de908be511875a84f2b810ed540c2dcfcbcc65031434"", 1], [""22442c5ee999e2519c68de908be511875a84f2b810ed540c2dcfcbcc65031434"", 2], [""22442c5ee999e2519c68de908be511875a84f2b810ed540c2dcfcbcc65031434"", 18], [""22442c5ee999e2519c68de908be511875a84f2b810ed540c2dcfcbcc65031434"", 21], [""22442c5ee999e2519c68de908be511875a84f2b810ed540c2dcfcbcc65031434"", 25], [""22442c5ee999e2519c68de908be511875a84f2b810ed540c2dcfcbcc65031434"", 46], [""22442c5ee999e2519c68de908be511875a84f2b810ed540c2dcfcbcc65031434"", 47]]","[[""22442c5ee999e2519c68de908be511875a84f2b810ed540c2dcfcbcc65031434"", 4]]",False,"The reference says the Registrar administers the Foundations Law, not the Court. The answer is therefore incorrect and incomplete. The supplied evidence only mentions the Court’s role in administration, which does not support the claim that the Court administers the law. Confidence 0.6 is too high for an unsupported incorrect answer."
mixed-R6,cd69f5dfe06d2e7afac26c7b332ea925987864cc6730f90cce020d34d823abbe,What is the purpose of Article 9(1) of the Foundations Law?,free_text,"""There is no information on this question in the provided documents.""","""It empowers the DIFCA Board to make regulations to facilitate the administration of, or further the objects of, the Foundations Law.""",0.6,0.0,0.0,"[[""22442c5ee999e2519c68de908be511875a84f2b810ed540c2dcfcbcc65031434"", 1], [""22442c5ee999e2519c68de908be511875a84f2b810ed540c2dcfcbcc65031434"", 2], [""22442c5ee999e2519c68de908be511875a84f2b810ed540c2dcfcbcc65031434"", 5], [""22442c5ee999e2519c68de908be511875a84f2b810ed540c2dcfcbcc65031434"", 15], [""22442c5ee999e2519c68de908be511875a84f2b810ed540c2dcfcbcc65031434"", 18], [""22442c5ee999e2519c68de908be511875a84f2b810ed540c2dcfcbcc65031434"", 37], [""22442c5ee999e2519c68de908be511875a84f2b810ed540c2dcfcbcc65031434"", 46], [""22442c5ee999e2519c68de908be511875a84f2b810ed540c2dcfcbcc65031434"", 47]]","[[""22442c5ee999e2519c68de908be511875a84f2b810ed540c2dcfcbcc65031434"", 4]]",False,"Incorrect and incomplete: the reference answer says Article 9(1) empowers the DIFCA Board to make regulations to facilitate administration of, or further the objects of, the Foundations Law. The submission only abstains instead of providing that purpose."
original-R0,30ab0e56ee0c43b5bf94fd9657c7f7ac24f0e7be29ced2933437f7a234713cd7,"Under Article 8(1) of the Operating Law 2018, is a person permitted to operate or conduct business in or from the DIFC without being incorporated, registered, or continued under a Prescribed Law or other Legislation administered by the Registrar?",boolean,false,false,1.0,0.14285714285714285,1.0,"[[""72ea171147bf30326fe6fd2e6798f607c7cef4bf9d43761dbccd2f1b6a356849"", 1], [""72ea171147bf30326fe6fd2e6798f607c7cef4bf9d43761dbccd2f1b6a356849"", 2], [""72ea171147bf30326fe6fd2e6798f607c7cef4bf9d43761dbccd2f1b6a356849"", 4], [""72ea171147bf30326fe6fd2e6798f607c7cef4bf9d43761dbccd2f1b6a356849"", 8], [""72ea171147bf30326fe6fd2e6798f607c7cef4bf9d43761dbccd2f1b6a356849"", 40], [""b82ac8228e051d96bf8d706d3251893ebff1c9457b066fce3b7cb99af956f2a7"", 17], [""ff746f7b583490a80ba104361c0a82a1ebbf7ed9097cd03dc49d744cb5057761"", 3]]","[[""72ea171147bf30326fe6fd2e6798f607c7cef4bf9d43761dbccd2f1b6a356849"", 8]]",False,
original-R0,331b267822eaa013b4a79d92f2ac5118052a57150df9a29d7d11c531f02d23cf,What is the Date of Issue of the document in case CFI 057/2025?,date,"""2025-09-16""","""2026-02-02""",0.0,0.0,0.0,"[[""1a255edc261961ec64870466a27ac4e25b5ebc2abe298e1b69f8dd2fc27288f6"", 5], [""1a255edc261961ec64870466a27ac4e25b5ebc2abe298e1b69f8dd2fc27288f6"", 9], [""1a255edc261961ec64870466a27ac4e25b5ebc2abe298e1b69f8dd2fc27288f6"", 60], [""1a255edc261961ec64870466a27ac4e25b5ebc2abe298e1b69f8dd2fc27288f6"", 61], [""3f8a5ea0e051ba3af7a02da340c911fe0970ebece6c852c3e61a10c00cac6d6e"", 2], [""839de9798f377492eee68f82b202d7cd3544be83d799f6226a02f3678c9bb914"", 8], [""897ab23ed5a70034d3d708d871ad1da8bc7b6608d94b1ca46b5d578d985d3c13"", 1]]","[[""1b446e196b4d1752241c8ff689a31ea705e98ad0c16b9d343c303664f72b64a1"", 2]]",True,
original-R0,5d271fced60d88e008a69adc2da21de427906206bfb49f5554a3bf1dd6f72772,"According to the title page of the Common Reporting Standard Law, what is its official DIFC Law number?",number,2,2,1.0,0.2,1.0,"[[""fbdd7f9dd299d83b1f398778da2e6765dfaaed62005667264734a1f76ec09071"", 1], [""fbdd7f9dd299d83b1f398778da2e6765dfaaed62005667264734a1f76ec09071"", 3], [""fbdd7f9dd299d83b1f398778da2e6765dfaaed62005667264734a1f76ec09071"", 5], [""fbdd7f9dd299d83b1f398778da2e6765dfaaed62005667264734a1f76ec09071"", 15], [""fbdd7f9dd299d83b1f398778da2e6765dfaaed62005667264734a1f76ec09071"", 16]]","[[""fbdd7f9dd299d83b1f398778da2e6765dfaaed62005667264734a1f76ec09071"", 1]]",False,
original-R0,358bf0caaa87ba7e11698c5e0bb230f5742c141f2da8a3e8969cee41ef0f7841,Do cases SCT 295/2025 and SCT 514/2025 involve any of the same legal entities or individuals as main parties?,boolean,false,false,1.0,0.0,0.0,"[[""1a255edc261961ec64870466a27ac4e25b5ebc2abe298e1b69f8dd2fc27288f6"", 1], [""1a255edc261961ec64870466a27ac4e25b5ebc2abe298e1b69f8dd2fc27288f6"", 7], [""3a574fc4f0baa5ec7ff0dcc822d7c55e4f9c493c24addc217c8df3d848c16fa5"", 4], [""839de9798f377492eee68f82b202d7cd3544be83d799f6226a02f3678c9bb914"", 7], [""bd2d222ee0a636a745434cfb457321cd658db5bb32b5f0a3f5643236cc1503d8"", 6], [""bd2d222ee0a636a745434cfb457321cd658db5bb32b5f0a3f5643236cc1503d8"", 8], [""bd2d222ee0a636a745434cfb457321cd658db5bb32b5f0a3f5643236cc1503d8"", 10], [""d32e76d495ac7d855d805fb71682b98d254520e3799aa4529ebc983212648335"", 11]]","[[""09660f78c26cd56c08c7253ed21ba01fb246092f482ccd8acd8e6f9b6fd2d917"", 1], [""6306079a16b1dec85690f75c715cdbd78b0685a3e19ee30250d481bc32f2e29a"", 1]]",True,
original-R0,bce4c288236518dfd08f6bac5a75c75ea79b1250347c4b998252fa9d7265a7c3,What kind of liability do Partners have under Article 28(1) of the General Partnership Law 2004?,free_text,"""Under Article 28(1), each Partner is jointly and severally liable with the other Partners for all debts and obligations of the General Partnership incurred while they are a Partner, unless otherwise agreed by all the other Partners.""","""Partners are jointly and severally liable with the other Partners for all debts and obligations of the General Partnership incurred while they are Partners.""",1.0,0.16666666666666666,1.0,"[[""302a0bd8d67775e8dc5960ecec7879be566300d8b32c4b0153ba15ebdb279425"", 2], [""302a0bd8d67775e8dc5960ecec7879be566300d8b32c4b0153ba15ebdb279425"", 9], [""302a0bd8d67775e8dc5960ecec7879be566300d8b32c4b0153ba15ebdb279425"", 10], [""302a0bd8d67775e8dc5960ecec7879be566300d8b32c4b0153ba15ebdb279425"", 11], [""302a0bd8d67775e8dc5960ecec7879be566300d8b32c4b0153ba15ebdb279425"", 12], [""302a0bd8d67775e8dc5960ecec7879be566300d8b32c4b0153ba15ebdb279425"", 22]]","[[""302a0bd8d67775e8dc5960ecec7879be566300d8b32c4b0153ba15ebdb279425"", 10]]",False,The answer correctly states that partners are jointly and severally liable for partnership debts and obligations incurred while they are partners. The added exception ('unless otherwise agreed by all the other Partners') is also supported by the supplied evidence.
original-R0,6863a7f4a5e76694620518758411bc743142897fa8077f2a73701b89fa2d0b0f,"Under the Foundations Law DIFC Law No. 3 of 2018, what is the maximum fine for failing to provide a copy of an assignment of rights to the Registered Agent or Registrar within 30 days?",free_text,"""The maximum fine is USD 1,500.""","""The maximum fine is USD 1,500.""",1.0,0.25,1.0,"[[""22442c5ee999e2519c68de908be511875a84f2b810ed540c2dcfcbcc65031434"", 6], [""22442c5ee999e2519c68de908be511875a84f2b810ed540c2dcfcbcc65031434"", 16], [""22442c5ee999e2519c68de908be511875a84f2b810ed540c2dcfcbcc65031434"", 21], [""22442c5ee999e2519c68de908be511875a84f2b810ed540c2dcfcbcc65031434"", 22], [""22442c5ee999e2519c68de908be511875a84f2b810ed540c2dcfcbcc65031434"", 26], [""22442c5ee999e2519c68de908be511875a84f2b810ed540c2dcfcbcc65031434"", 46], [""72ea171147bf30326fe6fd2e6798f607c7cef4bf9d43761dbccd2f1b6a356849"", 10], [""72ea171147bf30326fe6fd2e6798f607c7cef4bf9d43761dbccd2f1b6a356849"", 12]]","[[""22442c5ee999e2519c68de908be511875a84f2b810ed540c2dcfcbcc65031434"", 6], [""22442c5ee999e2519c68de908be511875a84f2b810ed540c2dcfcbcc65031434"", 46]]",False,"The submission matches the reference and is directly supported by Schedule 3 in the evidence, which lists the maximum fine as USD 1,500 for failing to provide a copy of the assignment of rights."
original-R0,150d4428704ea7ce7452509bda9c25f4d242b2395114ed0ed59388b87660f218,"Under the Operating Law - DIFC Law No. 7 of 2018, who is responsible for appointing and dismissing the Registrar?",free_text,"""The Board of Directors of the DIFCA is responsible for appointing and dismissing the Registrar, and it must consult the President before doing either.""","""The Board of Directors of the DIFCA appoints and may dismiss the Registrar, after consulting the President.""",1.0,0.14285714285714285,1.0,"[[""72ea171147bf30326fe6fd2e6798f607c7cef4bf9d43761dbccd2f1b6a356849"", 2], [""72ea171147bf30326fe6fd2e6798f607c7cef4bf9d43761dbccd2f1b6a356849"", 3], [""72ea171147bf30326fe6fd2e6798f607c7cef4bf9d43761dbccd2f1b6a356849"", 4], [""72ea171147bf30326fe6fd2e6798f607c7cef4bf9d43761dbccd2f1b6a356849"", 5], [""72ea171147bf30326fe6fd2e6798f607c7cef4bf9d43761dbccd2f1b6a356849"", 6], [""72ea171147bf30326fe6fd2e6798f607c7cef4bf9d43761dbccd2f1b6a356849"", 40], [""b82ac8228e051d96bf8d706d3251893ebff1c9457b066fce3b7cb99af956f2a7"", 24]]","[[""72ea171147bf30326fe6fd2e6798f607c7cef4bf9d43761dbccd2f1b6a356849"", 5]]",False,"The answer matches the law: the Board of Directors of the DIFCA appoints and may dismiss the Registrar, after consulting the President."
original-R0,39890efe7db1258f568e838c284020a9fc79b8bf0deddab76fdf853c9b0171ed,Is there any main party common to both case CFI 057/2025 and case SCT 295/2025?,boolean,true,false,0.0,0.0,0.0,"[[""1a255edc261961ec64870466a27ac4e25b5ebc2abe298e1b69f8dd2fc27288f6"", 10], [""1a255edc261961ec64870466a27ac4e25b5ebc2abe298e1b69f8dd2fc27288f6"", 61], [""1a255edc261961ec64870466a27ac4e25b5ebc2abe298e1b69f8dd2fc27288f6"", 62], [""1a255edc261961ec64870466a27ac4e25b5ebc2abe298e1b69f8dd2fc27288f6"", 75], [""839de9798f377492eee68f82b202d7cd3544be83d799f6226a02f3678c9bb914"", 7], [""839de9798f377492eee68f82b202d7cd3544be83d799f6226a02f3678c9bb914"", 22], [""897ab23ed5a70034d3d708d871ad1da8bc7b6608d94b1ca46b5d578d985d3c13"", 1]]","[[""09660f78c26cd56c08c7253ed21ba01fb246092f482ccd8acd8e6f9b6fd2d917"", 1], [""1b446e196b4d1752241c8ff689a31ea705e98ad0c16b9d343c303664f72b64a1"", 1]]",True,
original-R0,acd0ddc6715f2bccf5076dc47e6874a8ecb782dd10c0b162071f890ad96bef47,"Between SCT 295/2025 and SCT 514/2025, which document has the earlier issue date?",name,null,"""SCT 295/2025""",0.0,0.0,0.0,"[[""09660f78c26cd56c08c7253ed21ba01fb246092f482ccd8acd8e6f9b6fd2d917"", 1], [""1a255edc261961ec64870466a27ac4e25b5ebc2abe298e1b69f8dd2fc27288f6"", 9], [""1a255edc261961ec64870466a27ac4e25b5ebc2abe298e1b69f8dd2fc27288f6"", 60], [""1a255edc261961ec64870466a27ac4e25b5ebc2abe298e1b69f8dd2fc27288f6"", 61], [""1a255edc261961ec64870466a27ac4e25b5ebc2abe298e1b69f8dd2fc27288f6"", 62], [""839de9798f377492eee68f82b202d7cd3544be83d799f6226a02f3678c9bb914"", 22]]","[[""09660f78c26cd56c08c7253ed21ba01fb246092f482ccd8acd8e6f9b6fd2d917"", 2], [""6306079a16b1dec85690f75c715cdbd78b0685a3e19ee30250d481bc32f2e29a"", 2]]",True,
original-R0,436c12cc4eb26087bd1540f5d47825712632e90b4d5b2bca6c52e3b26151f874,What was the result of the application heard in case CFI 057/2025?,free_text,"""There is no information on this question in the provided documents.""","""The Defendant's Permission to Appeal Application was refused, and the Defendant was ordered to pay the Claimant's costs of the application.""",0.6,0.0,0.0,"[[""1b446e196b4d1752241c8ff689a31ea705e98ad0c16b9d343c303664f72b64a1"", 1], [""3f8a5ea0e051ba3af7a02da340c911fe0970ebece6c852c3e61a10c00cac6d6e"", 2], [""3f8a5ea0e051ba3af7a02da340c911fe0970ebece6c852c3e61a10c00cac6d6e"", 4], [""437568a801115019fe8278385c0484bdf07ab86f9a499ecaba2b7969b37c764b"", 1], [""58eae81bf668e7f6c58619f419a49b5e35e2e5c9c7475475ace28ec562580545"", 1], [""839de9798f377492eee68f82b202d7cd3544be83d799f6226a02f3678c9bb914"", 17], [""897ab23ed5a70034d3d708d871ad1da8bc7b6608d94b1ca46b5d578d985d3c13"", 1], [""d32e76d495ac7d855d805fb71682b98d254520e3799aa4529ebc983212648335"", 1]]","[[""1b446e196b4d1752241c8ff689a31ea705e98ad0c16b9d343c303664f72b64a1"", 2]]",True,"The submission abstains, but the correct result was that the Defendant’s Permission to Appeal Application was refused and the Defendant was ordered to pay the Claimant’s costs. So it is not factually correct or complete."
original-R0,4fa07316db9a19980de495d2190350cc4b494ae0ab741cda7784e895709719e1,"Between CFI 010/2024 and SCT 169/2025, which document has the earlier issue date?",name,"""CFI 010/2024""","""SCT 169/2025""",0.0,0.0,0.0,"[[""1a255edc261961ec64870466a27ac4e25b5ebc2abe298e1b69f8dd2fc27288f6"", 9], [""1a255edc261961ec64870466a27ac4e25b5ebc2abe298e1b69f8dd2fc27288f6"", 60], [""1a255edc261961ec64870466a27ac4e25b5ebc2abe298e1b69f8dd2fc27288f6"", 61], [""22442c5ee999e2519c68de908be511875a84f2b810ed540c2dcfcbcc65031434"", 1], [""72ea171147bf30326fe6fd2e6798f607c7cef4bf9d43761dbccd2f1b6a356849"", 1], [""839de9798f377492eee68f82b202d7cd3544be83d799f6226a02f3678c9bb914"", 22], [""897ab23ed5a70034d3d708d871ad1da8bc7b6608d94b1ca46b5d578d985d3c13"", 1]]","[[""3a574fc4f0baa5ec7ff0dcc822d7c55e4f9c493c24addc217c8df3d848c16fa5"", 1], [""443e04bc1a78940b3fcd5438d24b6c5f182a276d354a3108e738b193675de032"", 1]]",True,
original-R0,1a80e5dc69fb76a97c0ada049df2425c9f06de373bbb9ee5b39dbd1f12f85387,"From the title pages of all documents in case CA 005/2025 and case CFI 067/2025, identify whether any individual or company is named as a main party in both cases.",boolean,true,false,0.0,0.0,0.0,"[[""1a255edc261961ec64870466a27ac4e25b5ebc2abe298e1b69f8dd2fc27288f6"", 8], [""1a255edc261961ec64870466a27ac4e25b5ebc2abe298e1b69f8dd2fc27288f6"", 9], [""1a255edc261961ec64870466a27ac4e25b5ebc2abe298e1b69f8dd2fc27288f6"", 75], [""3f8a5ea0e051ba3af7a02da340c911fe0970ebece6c852c3e61a10c00cac6d6e"", 7], [""3f8a5ea0e051ba3af7a02da340c911fe0970ebece6c852c3e61a10c00cac6d6e"", 9], [""839de9798f377492eee68f82b202d7cd3544be83d799f6226a02f3678c9bb914"", 7], [""839de9798f377492eee68f82b202d7cd3544be83d799f6226a02f3678c9bb914"", 28], [""bd2d222ee0a636a745434cfb457321cd658db5bb32b5f0a3f5643236cc1503d8"", 1]]","[[""03b621728fe29eb6113fcdb57f6458d793fd2d5c5b833ae26d40f04a29c85359"", 1], [""437568a801115019fe8278385c0484bdf07ab86f9a499ecaba2b7969b37c764b"", 1], [""897ab23ed5a70034d3d708d871ad1da8bc7b6608d94b1ca46b5d578d985d3c13"", 1]]",True,
original-R0,9f9fb4b911d75c22f2c9a42bb852848ac45594179a7d0d126c8ef0ac8941b18d,Do cases CA 004/2025 and SCT 295/2025 involve any of the same legal entities or individuals as parties?,boolean,null,false,0.0,0.0,0.0,"[[""03b621728fe29eb6113fcdb57f6458d793fd2d5c5b833ae26d40f04a29c85359"", 1], [""1a255edc261961ec64870466a27ac4e25b5ebc2abe298e1b69f8dd2fc27288f6"", 7], [""1a255edc261961ec64870466a27ac4e25b5ebc2abe298e1b69f8dd2fc27288f6"", 61], [""1a255edc261961ec64870466a27ac4e25b5ebc2abe298e1b69f8dd2fc27288f6"", 75], [""3a574fc4f0baa5ec7ff0dcc822d7c55e4f9c493c24addc217c8df3d848c16fa5"", 4], [""839de9798f377492eee68f82b202d7cd3544be83d799f6226a02f3678c9bb914"", 6], [""839de9798f377492eee68f82b202d7cd3544be83d799f6226a02f3678c9bb914"", 7], [""bd2d222ee0a636a745434cfb457321cd658db5bb32b5f0a3f5643236cc1503d8"", 7]]","[[""09660f78c26cd56c08c7253ed21ba01fb246092f482ccd8acd8e6f9b6fd2d917"", 1], [""78ffe994cdc61ce6a2a6937c79fc52751bb5d2b4eaa4019f088fbccf70569c26"", 1]]",True,
original-R0,d374bee20e02f7f384e766dd792856c6457f99fc1491e5fee2e6cd50a4d856b7,Identify whether any person or company is a main party to both ENF 269/2023 and SCT 514/2025.,boolean,null,false,0.0,0.0,0.0,"[[""1a255edc261961ec64870466a27ac4e25b5ebc2abe298e1b69f8dd2fc27288f6"", 7], [""1a255edc261961ec64870466a27ac4e25b5ebc2abe298e1b69f8dd2fc27288f6"", 93], [""72ea171147bf30326fe6fd2e6798f607c7cef4bf9d43761dbccd2f1b6a356849"", 2], [""72ea171147bf30326fe6fd2e6798f607c7cef4bf9d43761dbccd2f1b6a356849"", 39], [""839de9798f377492eee68f82b202d7cd3544be83d799f6226a02f3678c9bb914"", 7], [""839de9798f377492eee68f82b202d7cd3544be83d799f6226a02f3678c9bb914"", 21], [""839de9798f377492eee68f82b202d7cd3544be83d799f6226a02f3678c9bb914"", 22]]","[[""5d3df6d69fac3ef91e13ac835b43a35e9e434fbc7e72ea5c01e288d69b66e6a2"", 1], [""6306079a16b1dec85690f75c715cdbd78b0685a3e19ee30250d481bc32f2e29a"", 1]]",True,
original-R0,8de44b7964cdde111c1a33ac4cc13948b7b4e14fd120351fcb5a5bfb2b2dfff0,Identify the case with the higher monetary claim: SCT 169/2025 or SCT 295/2025?,name,null,"""SCT 169/2025""",0.0,0.0,0.0,"[[""09660f78c26cd56c08c7253ed21ba01fb246092f482ccd8acd8e6f9b6fd2d917"", 1], [""3a574fc4f0baa5ec7ff0dcc822d7c55e4f9c493c24addc217c8df3d848c16fa5"", 1], [""3f8a5ea0e051ba3af7a02da340c911fe0970ebece6c852c3e61a10c00cac6d6e"", 25], [""437568a801115019fe8278385c0484bdf07ab86f9a499ecaba2b7969b37c764b"", 4], [""6248961b681ea0deb189f354be0c8286f35974dcdb211c13c921c3dd0e566a6e"", 3], [""6306079a16b1dec85690f75c715cdbd78b0685a3e19ee30250d481bc32f2e29a"", 1], [""bd2d222ee0a636a745434cfb457321cd658db5bb32b5f0a3f5643236cc1503d8"", 1], [""f4c4d051d514270964adcf58e124569e396602340b7d9172671759de10a95897"", 1]]","[[""09660f78c26cd56c08c7253ed21ba01fb246092f482ccd8acd8e6f9b6fd2d917"", 2], [""3a574fc4f0baa5ec7ff0dcc822d7c55e4f9c493c24addc217c8df3d848c16fa5"", 2]]",True,
original-R0,a8813f8f56099bd156b5fe797cc44b061d2a54fb69ca2e748ffb7cc462eaa85e,Which case has an earlier Date of Issue: CFI 010/2024 or CFI 016/2025?,name,null,"""CFI 010/2024""",0.0,0.0,0.0,"[[""1a255edc261961ec64870466a27ac4e25b5ebc2abe298e1b69f8dd2fc27288f6"", 9], [""1a255edc261961ec64870466a27ac4e25b5ebc2abe298e1b69f8dd2fc27288f6"", 61], [""22442c5ee999e2519c68de908be511875a84f2b810ed540c2dcfcbcc65031434"", 1], [""839de9798f377492eee68f82b202d7cd3544be83d799f6226a02f3678c9bb914"", 22], [""897ab23ed5a70034d3d708d871ad1da8bc7b6608d94b1ca46b5d578d985d3c13"", 1], [""d32e76d495ac7d855d805fb71682b98d254520e3799aa4529ebc983212648335"", 1]]","[[""443e04bc1a78940b3fcd5438d24b6c5f182a276d354a3108e738b193675de032"", 1], [""6248961b681ea0deb189f354be0c8286f35974dcdb211c13c921c3dd0e566a6e"", 1]]",True,
original-R0,fcabd6aa14e2df4b7ca00fa516a70eba6de58b74dfde30270e3fe3eec6d1da7a,Which specific DIFC Laws were amended by DIFC Law No. 2 of 2022?,free_text,"""DIFC Law No. 2 of 2022 amended the following DIFC Laws: the Common Reporting Standard Law (DIFC Law No. 2 of 2018), the Employment Law (DIFC Law No. 2 of 2019), the Foundations Law (DIFC Law No. 3 of 2018), the Personal Property Law (DIFC Law No. 9 of 2005), the Law on the Aplic​""","""Common Reporting Standard Law, Employment Law, Foundations Law, General Partnership Law, Limited Liability Partnership Law, Personal Property Law, Trust Law, and the Law on the Application of Civil and Commercial Laws in the DIFC.""",0.6,0.875,0.875,"[[""22442c5ee999e2519c68de908be511875a84f2b810ed540c2dcfcbcc65031434"", 1], [""33bc02044716acdfedb164b065bdaec098aaadcae863c591f9931c88e7307d16"", 1], [""4e387152960c1029b3711cacb05b287b13c977bc61f2558059a62b7b427a62eb"", 1], [""536bbce854b9406cc22697e04fcdabd645e030c0e55b918252643b00e0b2b25f"", 1], [""72ea171147bf30326fe6fd2e6798f607c7cef4bf9d43761dbccd2f1b6a356849"", 1], [""b82ac8228e051d96bf8d706d3251893ebff1c9457b066fce3b7cb99af956f2a7"", 1], [""fbdd7f9dd299d83b1f398778da2e6765dfaaed62005667264734a1f76ec09071"", 1], [""ff746f7b583490a80ba104361c0a82a1ebbf7ed9097cd03dc49d744cb5057761"", 1]]","[[""22442c5ee999e2519c68de908be511875a84f2b810ed540c2dcfcbcc65031434"", 1], [""302a0bd8d67775e8dc5960ecec7879be566300d8b32c4b0153ba15ebdb279425"", 1], [""33bc02044716acdfedb164b065bdaec098aaadcae863c591f9931c88e7307d16"", 1], [""4e387152960c1029b3711cacb05b287b13c977bc61f2558059a62b7b427a62eb"", 1], [""536bbce854b9406cc22697e04fcdabd645e030c0e55b918252643b00e0b2b25f"", 1], [""b82ac8228e051d96bf8d706d3251893ebff1c9457b066fce3b7cb99af956f2a7"", 1], [""fbdd7f9dd299d83b1f398778da2e6765dfaaed62005667264734a1f76ec09071"", 1], [""ff746f7b583490a80ba104361c0a82a1ebbf7ed9097cd03dc49d744cb5057761"", 1]]",True,"The laws named are supported by the evidence, but the answer omits General Partnership Law, Limited Liability Partnership Law, and Trust Law, so it is incomplete. The 0.99 confidence is too high for a truncated, partial response."
original-R0,e59a0dc49c291402ead91342b065bc4e9ded0043d126f73dd00ba6045aae46b7,"Under Article 14(1) of the Employment Law 2019, how many days does an Employer have to provide an Employee with a written Employment Contract after the commencement of employment?",number,7,7,1.0,0.125,1.0,"[[""33bc02044716acdfedb164b065bdaec098aaadcae863c591f9931c88e7307d16"", 2], [""33bc02044716acdfedb164b065bdaec098aaadcae863c591f9931c88e7307d16"", 5], [""33bc02044716acdfedb164b065bdaec098aaadcae863c591f9931c88e7307d16"", 7], [""33bc02044716acdfedb164b065bdaec098aaadcae863c591f9931c88e7307d16"", 8], [""33bc02044716acdfedb164b065bdaec098aaadcae863c591f9931c88e7307d16"", 11], [""33bc02044716acdfedb164b065bdaec098aaadcae863c591f9931c88e7307d16"", 17], [""33bc02044716acdfedb164b065bdaec098aaadcae863c591f9931c88e7307d16"", 28], [""33bc02044716acdfedb164b065bdaec098aaadcae863c591f9931c88e7307d16"", 38]]","[[""33bc02044716acdfedb164b065bdaec098aaadcae863c591f9931c88e7307d16"", 7]]",True,
original-R0,359f1c315f2ac48e6b34ecfa503c6b9c892365985b363dc9a4e3c85563550d05,Who is the defendant in case ARB 034/2025?,name,"""Onora""","""Onora""",1.0,0.14285714285714285,1.0,"[[""1a255edc261961ec64870466a27ac4e25b5ebc2abe298e1b69f8dd2fc27288f6"", 5], [""3a574fc4f0baa5ec7ff0dcc822d7c55e4f9c493c24addc217c8df3d848c16fa5"", 1], [""58eae81bf668e7f6c58619f419a49b5e35e2e5c9c7475475ace28ec562580545"", 1], [""5d3df6d69fac3ef91e13ac835b43a35e9e434fbc7e72ea5c01e288d69b66e6a2"", 1], [""839de9798f377492eee68f82b202d7cd3544be83d799f6226a02f3678c9bb914"", 6], [""bd2d222ee0a636a745434cfb457321cd658db5bb32b5f0a3f5643236cc1503d8"", 1], [""bd2d222ee0a636a745434cfb457321cd658db5bb32b5f0a3f5643236cc1503d8"", 4]]","[[""58eae81bf668e7f6c58619f419a49b5e35e2e5c9c7475475ace28ec562580545"", 1]]",True,
original-R0,2fc105ec9d11e361b057e8ce21245fbc01f14cefe5ccddada9d7541c952106d2,"If a Muslim Employee works during the holy month of Ramadan, what is the maximum number of hours they can be required to work each day according to Article 23 of the Employment Law 2019?",number,6,6,1.0,0.125,1.0,"[[""33bc02044716acdfedb164b065bdaec098aaadcae863c591f9931c88e7307d16"", 2], [""33bc02044716acdfedb164b065bdaec098aaadcae863c591f9931c88e7307d16"", 9], [""33bc02044716acdfedb164b065bdaec098aaadcae863c591f9931c88e7307d16"", 10], [""33bc02044716acdfedb164b065bdaec098aaadcae863c591f9931c88e7307d16"", 14], [""33bc02044716acdfedb164b065bdaec098aaadcae863c591f9931c88e7307d16"", 15], [""33bc02044716acdfedb164b065bdaec098aaadcae863c591f9931c88e7307d16"", 16], [""33bc02044716acdfedb164b065bdaec098aaadcae863c591f9931c88e7307d16"", 40], [""33bc02044716acdfedb164b065bdaec098aaadcae863c591f9931c88e7307d16"", 42]]","[[""33bc02044716acdfedb164b065bdaec098aaadcae863c591f9931c88e7307d16"", 14]]",True,
original-R0,b667804a5541a24d40f211b3febc69fa5e633d52a08baf9ce6735832ea4e5ec1,"Based on the full case files for DEC 001/2025 and CFI 057/2025, was there any judge involved in both cases?",boolean,null,false,0.0,0.0,0.0,"[[""1a255edc261961ec64870466a27ac4e25b5ebc2abe298e1b69f8dd2fc27288f6"", 8], [""3f8a5ea0e051ba3af7a02da340c911fe0970ebece6c852c3e61a10c00cac6d6e"", 8], [""5d3df6d69fac3ef91e13ac835b43a35e9e434fbc7e72ea5c01e288d69b66e6a2"", 14], [""5d3df6d69fac3ef91e13ac835b43a35e9e434fbc7e72ea5c01e288d69b66e6a2"", 15], [""839de9798f377492eee68f82b202d7cd3544be83d799f6226a02f3678c9bb914"", 7], [""897ab23ed5a70034d3d708d871ad1da8bc7b6608d94b1ca46b5d578d985d3c13"", 1], [""bd2d222ee0a636a745434cfb457321cd658db5bb32b5f0a3f5643236cc1503d8"", 1]]","[[""1b446e196b4d1752241c8ff689a31ea705e98ad0c16b9d343c303664f72b64a1"", 1], [""3f8a5ea0e051ba3af7a02da340c911fe0970ebece6c852c3e61a10c00cac6d6e"", 1], [""839de9798f377492eee68f82b202d7cd3544be83d799f6226a02f3678c9bb914"", 1]]",True,
original-R0,b1d0245bb7c71b42f08a4cdbec612a56715295223472ac5a45af31811ada2f3b,"Under the Operating Law 2018, can the Registrar be held liable for acts or omissions in performing their functions if the act or omission is shown to have been in bad faith, according to Article 7(8)?",boolean,true,true,1.0,0.14285714285714285,1.0,"[[""72ea171147bf30326fe6fd2e6798f607c7cef4bf9d43761dbccd2f1b6a356849"", 5], [""72ea171147bf30326fe6fd2e6798f607c7cef4bf9d43761dbccd2f1b6a356849"", 7], [""72ea171147bf30326fe6fd2e6798f607c7cef4bf9d43761dbccd2f1b6a356849"", 18], [""72ea171147bf30326fe6fd2e6798f607c7cef4bf9d43761dbccd2f1b6a356849"", 19], [""72ea171147bf30326fe6fd2e6798f607c7cef4bf9d43761dbccd2f1b6a356849"", 20], [""72ea171147bf30326fe6fd2e6798f607c7cef4bf9d43761dbccd2f1b6a356849"", 24], [""72ea171147bf30326fe6fd2e6798f607c7cef4bf9d43761dbccd2f1b6a356849"", 33]]","[[""72ea171147bf30326fe6fd2e6798f607c7cef4bf9d43761dbccd2f1b6a356849"", 7]]",False,
original-R0,ad7357a7eb955085f6438dfcaf44324de7fcf88da86c846242e173eacdeebfda,What was the result of the application heard in case SCT 169/2025?,free_text,"""The application was unsuccessful: permission to appeal was not granted, the Applicant could not request reconsideration at a hearing, and the Applicant had to bear its own costs.""","""The Permission to Appeal Application was refused, the adjournment request was refused, and there was no order as to costs.""",0.4,0.14285714285714285,1.0,"[[""3a574fc4f0baa5ec7ff0dcc822d7c55e4f9c493c24addc217c8df3d848c16fa5"", 2], [""3f8a5ea0e051ba3af7a02da340c911fe0970ebece6c852c3e61a10c00cac6d6e"", 4], [""3f8a5ea0e051ba3af7a02da340c911fe0970ebece6c852c3e61a10c00cac6d6e"", 5], [""58eae81bf668e7f6c58619f419a49b5e35e2e5c9c7475475ace28ec562580545"", 1], [""839de9798f377492eee68f82b202d7cd3544be83d799f6226a02f3678c9bb914"", 17], [""d32e76d495ac7d855d805fb71682b98d254520e3799aa4529ebc983212648335"", 1], [""f4c4d051d514270964adcf58e124569e396602340b7d9172671759de10a95897"", 2]]","[[""3a574fc4f0baa5ec7ff0dcc822d7c55e4f9c493c24addc217c8df3d848c16fa5"", 2]]",True,"It captures the main outcome, but it omits the adjournment request being refused. The permission-refusal claim is not explicit in the supplied evidence snippets, so the answer is not well grounded, and the 0.87 confidence is too high for the partial support."
original-R0,0aba04f64851d1419be984476f91f278e6ada2d6c536fd119d7ab37a8ed06593,Do cases CFI 067/2025 and SCT 514/2025 involve any of the same legal entities or individuals as main parties?,boolean,false,false,1.0,0.14285714285714285,0.5,"[[""1a255edc261961ec64870466a27ac4e25b5ebc2abe298e1b69f8dd2fc27288f6"", 7], [""1a255edc261961ec64870466a27ac4e25b5ebc2abe298e1b69f8dd2fc27288f6"", 75], [""3a574fc4f0baa5ec7ff0dcc822d7c55e4f9c493c24addc217c8df3d848c16fa5"", 4], [""3f8a5ea0e051ba3af7a02da340c911fe0970ebece6c852c3e61a10c00cac6d6e"", 8], [""839de9798f377492eee68f82b202d7cd3544be83d799f6226a02f3678c9bb914"", 7], [""897ab23ed5a70034d3d708d871ad1da8bc7b6608d94b1ca46b5d578d985d3c13"", 1], [""bd2d222ee0a636a745434cfb457321cd658db5bb32b5f0a3f5643236cc1503d8"", 6]]","[[""6306079a16b1dec85690f75c715cdbd78b0685a3e19ee30250d481bc32f2e29a"", 1], [""897ab23ed5a70034d3d708d871ad1da8bc7b6608d94b1ca46b5d578d985d3c13"", 1]]",True,
original-R0,9596fb754439e6752034890c1272a2df7c0f9000db7d186db21aa232a253fca4,What is the effective date for due diligence requirements for Pre-existing Accounts and New Accounts under the Common Reporting Standard Law 2018?,free_text,"""The effective date for due diligence requirements is 2016-12-31 for Pre-existing Accounts and 2017-01-01 for New Accounts.""","""Pre-existing Accounts: 31 December 2016; New Accounts: 1 January 2017.""",1.0,0.14285714285714285,1.0,"[[""fbdd7f9dd299d83b1f398778da2e6765dfaaed62005667264734a1f76ec09071"", 1], [""fbdd7f9dd299d83b1f398778da2e6765dfaaed62005667264734a1f76ec09071"", 2], [""fbdd7f9dd299d83b1f398778da2e6765dfaaed62005667264734a1f76ec09071"", 3], [""fbdd7f9dd299d83b1f398778da2e6765dfaaed62005667264734a1f76ec09071"", 7], [""fbdd7f9dd299d83b1f398778da2e6765dfaaed62005667264734a1f76ec09071"", 15], [""fbdd7f9dd299d83b1f398778da2e6765dfaaed62005667264734a1f76ec09071"", 16], [""fbdd7f9dd299d83b1f398778da2e6765dfaaed62005667264734a1f76ec09071"", 17]]","[[""fbdd7f9dd299d83b1f398778da2e6765dfaaed62005667264734a1f76ec09071"", 3]]",False,The answer matches the reference: Pre-existing Accounts effective date is 31 December 2016 and New Accounts effective date is 1 January 2017. It is directly supported by the provided evidence and is clear and concise.
original-R0,9f48d8eca6d10cf26f60226078f0d9cb32d3aa2fd25c90c312549cb6265ebd84,"According to Article 2 of the DIFC Personal Property Law 2005, who made this Law?",free_text,"""The Law was made by the Ruler of Dubai.""","""It was made by the Ruler of Dubai.""",1.0,0.14285714285714285,1.0,"[[""302a0bd8d67775e8dc5960ecec7879be566300d8b32c4b0153ba15ebdb279425"", 1], [""536bbce854b9406cc22697e04fcdabd645e030c0e55b918252643b00e0b2b25f"", 1], [""536bbce854b9406cc22697e04fcdabd645e030c0e55b918252643b00e0b2b25f"", 3], [""72ea171147bf30326fe6fd2e6798f607c7cef4bf9d43761dbccd2f1b6a356849"", 41], [""b82ac8228e051d96bf8d706d3251893ebff1c9457b066fce3b7cb99af956f2a7"", 1], [""ff746f7b583490a80ba104361c0a82a1ebbf7ed9097cd03dc49d744cb5057761"", 3], [""ff746f7b583490a80ba104361c0a82a1ebbf7ed9097cd03dc49d744cb5057761"", 7]]","[[""536bbce854b9406cc22697e04fcdabd645e030c0e55b918252643b00e0b2b25f"", 3]]",True,The answer matches the reference and is directly supported by the provided evidence.
original-R0,802d12a65530cd728da4c2f4430275488285ced247123431a905f8d525e80ede,"Based on the second page of the document, was the Claimant's application for continuation of the ASI Order granted by the court in case ARB 034/2025?",boolean,false,false,1.0,0.14285714285714285,1.0,"[[""22442c5ee999e2519c68de908be511875a84f2b810ed540c2dcfcbcc65031434"", 45], [""58eae81bf668e7f6c58619f419a49b5e35e2e5c9c7475475ace28ec562580545"", 1], [""58eae81bf668e7f6c58619f419a49b5e35e2e5c9c7475475ace28ec562580545"", 2], [""58eae81bf668e7f6c58619f419a49b5e35e2e5c9c7475475ace28ec562580545"", 3], [""58eae81bf668e7f6c58619f419a49b5e35e2e5c9c7475475ace28ec562580545"", 4], [""bd2d222ee0a636a745434cfb457321cd658db5bb32b5f0a3f5643236cc1503d8"", 2], [""c98c1475692bc22f4abab6a7a7d7969467c94e46a7e68919aaf127179ebf3f54"", 1]]","[[""58eae81bf668e7f6c58619f419a49b5e35e2e5c9c7475475ace28ec562580545"", 2]]",True,
original-R0,84ef7f354a41168e99812515cd775297b36c35a541c5b8eb1978be771554b546,"According to Article 14(2)(l) of the Employment Law 2019, what is the maximum probation period in months for an Employee, except in specific fixed-term contract circumstances?",number,6,6,1.0,0.16666666666666666,1.0,"[[""09660f78c26cd56c08c7253ed21ba01fb246092f482ccd8acd8e6f9b6fd2d917"", 4], [""33bc02044716acdfedb164b065bdaec098aaadcae863c591f9931c88e7307d16"", 2], [""33bc02044716acdfedb164b065bdaec098aaadcae863c591f9931c88e7307d16"", 5], [""33bc02044716acdfedb164b065bdaec098aaadcae863c591f9931c88e7307d16"", 7], [""33bc02044716acdfedb164b065bdaec098aaadcae863c591f9931c88e7307d16"", 8], [""33bc02044716acdfedb164b065bdaec098aaadcae863c591f9931c88e7307d16"", 28]]","[[""33bc02044716acdfedb164b065bdaec098aaadcae863c591f9931c88e7307d16"", 8]]",True,
original-R0,5046b4e3fa11a42090ae0cef08c4cd64a1c8761955eb711db396f7fb1634ea86,"According to page 2 of the judgment, from which specific claim number did the appeal in CA 009/2024 originate?",name,"""Claim No. ENF-316-2023/2""","""Claim No. ENF-316-2023/2""",1.0,0.125,1.0,"[[""3a574fc4f0baa5ec7ff0dcc822d7c55e4f9c493c24addc217c8df3d848c16fa5"", 2], [""437568a801115019fe8278385c0484bdf07ab86f9a499ecaba2b7969b37c764b"", 14], [""5d3df6d69fac3ef91e13ac835b43a35e9e434fbc7e72ea5c01e288d69b66e6a2"", 5], [""6306079a16b1dec85690f75c715cdbd78b0685a3e19ee30250d481bc32f2e29a"", 1], [""bd2d222ee0a636a745434cfb457321cd658db5bb32b5f0a3f5643236cc1503d8"", 1], [""bd2d222ee0a636a745434cfb457321cd658db5bb32b5f0a3f5643236cc1503d8"", 2], [""c98c1475692bc22f4abab6a7a7d7969467c94e46a7e68919aaf127179ebf3f54"", 1], [""f4c4d051d514270964adcf58e124569e396602340b7d9172671759de10a95897"", 1]]","[[""bd2d222ee0a636a745434cfb457321cd658db5bb32b5f0a3f5643236cc1503d8"", 2]]",True,
original-R0,042ddf2ed161068fab8072f16e01a15e11da9d741d207bfc0185e5133a810193,Does the Law on the Application of Civil and Commercial Laws in the DIFC Law No. 3 of 2004 apply in the jurisdiction of the Dubai International Financial Centre?,boolean,true,true,1.0,0.16666666666666666,1.0,"[[""ff746f7b583490a80ba104361c0a82a1ebbf7ed9097cd03dc49d744cb5057761"", 1], [""ff746f7b583490a80ba104361c0a82a1ebbf7ed9097cd03dc49d744cb5057761"", 2], [""ff746f7b583490a80ba104361c0a82a1ebbf7ed9097cd03dc49d744cb5057761"", 3], [""ff746f7b583490a80ba104361c0a82a1ebbf7ed9097cd03dc49d744cb5057761"", 4], [""ff746f7b583490a80ba104361c0a82a1ebbf7ed9097cd03dc49d744cb5057761"", 5], [""ff746f7b583490a80ba104361c0a82a1ebbf7ed9097cd03dc49d744cb5057761"", 7]]","[[""ff746f7b583490a80ba104361c0a82a1ebbf7ed9097cd03dc49d744cb5057761"", 3]]",False,
original-R0,e14ad296801b3fb6855a3a9338f1e9b8e2d1bfb05c99682a3cf4f9140b49b17b,"Under Article 11(5) of the DIFC Trust Law 2018, is a term of the trust expressly declaring that the laws of the DIFC shall govern the trust valid, effective, and conclusive regardless of any other circumstance?",boolean,true,true,1.0,0.14285714285714285,1.0,"[[""4e387152960c1029b3711cacb05b287b13c977bc61f2558059a62b7b427a62eb"", 1], [""4e387152960c1029b3711cacb05b287b13c977bc61f2558059a62b7b427a62eb"", 4], [""4e387152960c1029b3711cacb05b287b13c977bc61f2558059a62b7b427a62eb"", 5], [""4e387152960c1029b3711cacb05b287b13c977bc61f2558059a62b7b427a62eb"", 6], [""4e387152960c1029b3711cacb05b287b13c977bc61f2558059a62b7b427a62eb"", 7], [""4e387152960c1029b3711cacb05b287b13c977bc61f2558059a62b7b427a62eb"", 48], [""4e387152960c1029b3711cacb05b287b13c977bc61f2558059a62b7b427a62eb"", 50]]","[[""4e387152960c1029b3711cacb05b287b13c977bc61f2558059a62b7b427a62eb"", 6]]",False,
original-R0,f33177fc2ed5b35033bfa1c7f9fc5d7a3776feb10b498c375cdcb40e0c53ffbf,Is there any main party that appeared in both cases CA 004/2025 and SCT 514/2025?,boolean,true,false,0.0,0.0,0.0,"[[""1a255edc261961ec64870466a27ac4e25b5ebc2abe298e1b69f8dd2fc27288f6"", 61], [""1a255edc261961ec64870466a27ac4e25b5ebc2abe298e1b69f8dd2fc27288f6"", 75], [""1a255edc261961ec64870466a27ac4e25b5ebc2abe298e1b69f8dd2fc27288f6"", 108], [""839de9798f377492eee68f82b202d7cd3544be83d799f6226a02f3678c9bb914"", 6], [""839de9798f377492eee68f82b202d7cd3544be83d799f6226a02f3678c9bb914"", 7], [""839de9798f377492eee68f82b202d7cd3544be83d799f6226a02f3678c9bb914"", 21], [""839de9798f377492eee68f82b202d7cd3544be83d799f6226a02f3678c9bb914"", 22], [""bd2d222ee0a636a745434cfb457321cd658db5bb32b5f0a3f5643236cc1503d8"", 8]]","[[""6306079a16b1dec85690f75c715cdbd78b0685a3e19ee30250d481bc32f2e29a"", 1], [""78ffe994cdc61ce6a2a6937c79fc52751bb5d2b4eaa4019f088fbccf70569c26"", 1]]",True,
original-R0,f29159d38bf494e330b32f03507df593d5869a129796a3b7f6efe14fd1b1a0a5,What does Article 16(1)(c) of the Employment Law 2019 require an Employer to keep records of regarding an Employee's remuneration?,free_text,"""Article 16(1)(c) requires the Employer to keep records of the Employee’s remuneration, including the gross and net amounts where applicable, and the applicable Pay Period.""","""The employee's remuneration, gross and net where applicable, and the applicable pay period.""",1.0,0.16666666666666666,1.0,"[[""33bc02044716acdfedb164b065bdaec098aaadcae863c591f9931c88e7307d16"", 2], [""33bc02044716acdfedb164b065bdaec098aaadcae863c591f9931c88e7307d16"", 4], [""33bc02044716acdfedb164b065bdaec098aaadcae863c591f9931c88e7307d16"", 8], [""33bc02044716acdfedb164b065bdaec098aaadcae863c591f9931c88e7307d16"", 9], [""33bc02044716acdfedb164b065bdaec098aaadcae863c591f9931c88e7307d16"", 11], [""33bc02044716acdfedb164b065bdaec098aaadcae863c591f9931c88e7307d16"", 12]]","[[""33bc02044716acdfedb164b065bdaec098aaadcae863c591f9931c88e7307d16"", 8]]",True,The answer matches the reference and is directly supported by Article 16(1)(c) in the provided evidence.
original-R0,2e8b251fd560f4446bfc9c5fa4b83ecbce69d650a8fd00fc9815c1fb34a764ad,"Looking at the title/cover page of every document across both case TCD 001/2024 and case CFI 016/2025, is there any party (claimant or defendant) common to both cases?",boolean,false,false,1.0,0.0,0.0,"[[""1a255edc261961ec64870466a27ac4e25b5ebc2abe298e1b69f8dd2fc27288f6"", 29], [""1a255edc261961ec64870466a27ac4e25b5ebc2abe298e1b69f8dd2fc27288f6"", 75], [""3f8a5ea0e051ba3af7a02da340c911fe0970ebece6c852c3e61a10c00cac6d6e"", 2], [""3f8a5ea0e051ba3af7a02da340c911fe0970ebece6c852c3e61a10c00cac6d6e"", 4], [""bd2d222ee0a636a745434cfb457321cd658db5bb32b5f0a3f5643236cc1503d8"", 1], [""d32e76d495ac7d855d805fb71682b98d254520e3799aa4529ebc983212648335"", 9], [""d32e76d495ac7d855d805fb71682b98d254520e3799aa4529ebc983212648335"", 11]]","[[""0471e83c1ea18086cfb6b3ff51da6f22b0efee337f10315b2593f782297ccb84"", 1], [""6248961b681ea0deb189f354be0c8286f35974dcdb211c13c921c3dd0e566a6e"", 1], [""62930da32fa3172edf2f2bbf3da268455bd99a7b5fab34d72358730d8cd5da30"", 1], [""c98c1475692bc22f4abab6a7a7d7969467c94e46a7e68919aaf127179ebf3f54"", 1]]",False,
original-R0,fa672c84261a575ba49aba560b6a00c5d944ab9373b764c743d79821658e0052,"What was the outcome of the specific order or application described in case CFI 016/2025, based on the last page of the document?",free_text,"""The application was dismissed, and the applicant was ordered to pay the respondent’s costs on the standard basis.""","""The No Costs Application was rejected, no costs were ordered on that application, and the Defendant was awarded AED 70,000 in costs for the claim.""",0.4,0.0,0.0,"[[""1a255edc261961ec64870466a27ac4e25b5ebc2abe298e1b69f8dd2fc27288f6"", 7], [""3f8a5ea0e051ba3af7a02da340c911fe0970ebece6c852c3e61a10c00cac6d6e"", 2], [""5d3df6d69fac3ef91e13ac835b43a35e9e434fbc7e72ea5c01e288d69b66e6a2"", 4], [""839de9798f377492eee68f82b202d7cd3544be83d799f6226a02f3678c9bb914"", 5], [""839de9798f377492eee68f82b202d7cd3544be83d799f6226a02f3678c9bb914"", 7], [""839de9798f377492eee68f82b202d7cd3544be83d799f6226a02f3678c9bb914"", 38], [""897ab23ed5a70034d3d708d871ad1da8bc7b6608d94b1ca46b5d578d985d3c13"", 1]]","[[""6248961b681ea0deb189f354be0c8286f35974dcdb211c13c921c3dd0e566a6e"", 7]]",False,"The answer matches a different order in the evidence, but it does not agree with the reference outcome for CFI 016/2025. It omits that the No Costs Application was rejected, that no costs were ordered on that application, and that the Defendant was awarded AED 70,000 in costs for the claim. The confidence is too high given the mismatch."
original-R0,7aae865f328e2012c31b41b6e2cccac715c14df5b56ec548d3fa9cb6bc46dcd1,"Under Article 11 of the General Partnership Law 2004, is an unincorporated body of persons carrying on business for profit automatically deemed a partnership if there is an agreement specifying it as a body corporate?",boolean,false,false,1.0,0.125,1.0,"[[""302a0bd8d67775e8dc5960ecec7879be566300d8b32c4b0153ba15ebdb279425"", 1], [""302a0bd8d67775e8dc5960ecec7879be566300d8b32c4b0153ba15ebdb279425"", 2], [""302a0bd8d67775e8dc5960ecec7879be566300d8b32c4b0153ba15ebdb279425"", 4], [""302a0bd8d67775e8dc5960ecec7879be566300d8b32c4b0153ba15ebdb279425"", 5], [""302a0bd8d67775e8dc5960ecec7879be566300d8b32c4b0153ba15ebdb279425"", 10], [""302a0bd8d67775e8dc5960ecec7879be566300d8b32c4b0153ba15ebdb279425"", 12], [""302a0bd8d67775e8dc5960ecec7879be566300d8b32c4b0153ba15ebdb279425"", 13], [""302a0bd8d67775e8dc5960ecec7879be566300d8b32c4b0153ba15ebdb279425"", 22]]","[[""302a0bd8d67775e8dc5960ecec7879be566300d8b32c4b0153ba15ebdb279425"", 5]]",False,
original-R0,e0798bd394af022603f1ed7a09641de2bb414bd14a9d6a2c494980c86095ccff,"If the Relevant Authority confirms a fine or action after an appeal under Article 21(5) of the Common Reporting Standard Law 2018, how many business days does the Reporting Financial Institution have to pay the fine or perform the action?",number,15,15,1.0,0.25,1.0,"[[""fbdd7f9dd299d83b1f398778da2e6765dfaaed62005667264734a1f76ec09071"", 3], [""fbdd7f9dd299d83b1f398778da2e6765dfaaed62005667264734a1f76ec09071"", 11], [""fbdd7f9dd299d83b1f398778da2e6765dfaaed62005667264734a1f76ec09071"", 12], [""fbdd7f9dd299d83b1f398778da2e6765dfaaed62005667264734a1f76ec09071"", 13]]","[[""fbdd7f9dd299d83b1f398778da2e6765dfaaed62005667264734a1f76ec09071"", 13]]",False,
original-R0,32bb32856c65215eddb17d2b5b938f58b4bec525af96f8637686e33b0d696e89,"According to Article 28(4) of the DIFC Trust Law 2018, can an order made consequential to a declaration under Articles 24 to 27 prejudice a purchaser in good faith for value of trust property without notice of the voidable matters?",boolean,false,false,1.0,0.14285714285714285,1.0,"[[""4e387152960c1029b3711cacb05b287b13c977bc61f2558059a62b7b427a62eb"", 4], [""4e387152960c1029b3711cacb05b287b13c977bc61f2558059a62b7b427a62eb"", 5], [""4e387152960c1029b3711cacb05b287b13c977bc61f2558059a62b7b427a62eb"", 6], [""4e387152960c1029b3711cacb05b287b13c977bc61f2558059a62b7b427a62eb"", 7], [""4e387152960c1029b3711cacb05b287b13c977bc61f2558059a62b7b427a62eb"", 9], [""4e387152960c1029b3711cacb05b287b13c977bc61f2558059a62b7b427a62eb"", 15], [""4e387152960c1029b3711cacb05b287b13c977bc61f2558059a62b7b427a62eb"", 24]]","[[""4e387152960c1029b3711cacb05b287b13c977bc61f2558059a62b7b427a62eb"", 15]]",False,
original-R0,698e30385362eebe29a7fd618bb6d5fc2d213fca30eb008f0496d3887d6b4677,Is there any main party that appeared in both cases ARB 034/2025 and SCT 514/2025?,boolean,null,false,0.0,0.125,0.5,"[[""1a255edc261961ec64870466a27ac4e25b5ebc2abe298e1b69f8dd2fc27288f6"", 1], [""1a255edc261961ec64870466a27ac4e25b5ebc2abe298e1b69f8dd2fc27288f6"", 60], [""1a255edc261961ec64870466a27ac4e25b5ebc2abe298e1b69f8dd2fc27288f6"", 61], [""1a255edc261961ec64870466a27ac4e25b5ebc2abe298e1b69f8dd2fc27288f6"", 62], [""3f8a5ea0e051ba3af7a02da340c911fe0970ebece6c852c3e61a10c00cac6d6e"", 16], [""58eae81bf668e7f6c58619f419a49b5e35e2e5c9c7475475ace28ec562580545"", 1], [""839de9798f377492eee68f82b202d7cd3544be83d799f6226a02f3678c9bb914"", 6], [""839de9798f377492eee68f82b202d7cd3544be83d799f6226a02f3678c9bb914"", 21]]","[[""58eae81bf668e7f6c58619f419a49b5e35e2e5c9c7475475ace28ec562580545"", 1], [""6306079a16b1dec85690f75c715cdbd78b0685a3e19ee30250d481bc32f2e29a"", 1]]",True,
original-R0,52a35cfabe76f2c538c6f72a841a08e0cc85bbe8f732874a4d2827383794c213,Did cases CA 004/2025 and ARB 034/2025 have any judges in common?,boolean,false,false,1.0,0.2857142857142857,1.0,"[[""03b621728fe29eb6113fcdb57f6458d793fd2d5c5b833ae26d40f04a29c85359"", 1], [""1a255edc261961ec64870466a27ac4e25b5ebc2abe298e1b69f8dd2fc27288f6"", 1], [""1a255edc261961ec64870466a27ac4e25b5ebc2abe298e1b69f8dd2fc27288f6"", 5], [""3f8a5ea0e051ba3af7a02da340c911fe0970ebece6c852c3e61a10c00cac6d6e"", 18], [""58eae81bf668e7f6c58619f419a49b5e35e2e5c9c7475475ace28ec562580545"", 1], [""78ffe994cdc61ce6a2a6937c79fc52751bb5d2b4eaa4019f088fbccf70569c26"", 1], [""bd2d222ee0a636a745434cfb457321cd658db5bb32b5f0a3f5643236cc1503d8"", 1]]","[[""58eae81bf668e7f6c58619f419a49b5e35e2e5c9c7475475ace28ec562580545"", 1], [""78ffe994cdc61ce6a2a6937c79fc52751bb5d2b4eaa4019f088fbccf70569c26"", 1]]",True,
original-R0,a341025df493b0e6a962fa637e3df6fe053c3de28cb2f5c8eb0814067af32b95,"According to Article 12(4) of the Common Reporting Standard Law and Article 18(2)(b) of the General Partnership Law, what are the retention periods for records?",free_text,"""Under Article 12(4) of the Common Reporting Standard Law, records must be retained for six (6) years after the date of reporting the information. Under Article 18(2)(b) of the General Partnership Law, records must be preserved for at least six (6) years from the date they were,be""","""Under the CRS Law, records must be retained for 6 years after reporting. Under the General Partnership Law, accounting records must be preserved for at least 6 years from creation, or longer if prescribed by Regulations.""",0.6,0.2857142857142857,1.0,"[[""302a0bd8d67775e8dc5960ecec7879be566300d8b32c4b0153ba15ebdb279425"", 6], [""302a0bd8d67775e8dc5960ecec7879be566300d8b32c4b0153ba15ebdb279425"", 7], [""302a0bd8d67775e8dc5960ecec7879be566300d8b32c4b0153ba15ebdb279425"", 8], [""302a0bd8d67775e8dc5960ecec7879be566300d8b32c4b0153ba15ebdb279425"", 23], [""b82ac8228e051d96bf8d706d3251893ebff1c9457b066fce3b7cb99af956f2a7"", 13], [""b82ac8228e051d96bf8d706d3251893ebff1c9457b066fce3b7cb99af956f2a7"", 18], [""fbdd7f9dd299d83b1f398778da2e6765dfaaed62005667264734a1f76ec09071"", 7]]","[[""302a0bd8d67775e8dc5960ecec7879be566300d8b32c4b0153ba15ebdb279425"", 7], [""fbdd7f9dd299d83b1f398778da2e6765dfaaed62005667264734a1f76ec09071"", 7]]",False,"The main retention periods are correct, but the answer omits the General Partnership Law qualifier that records may need to be kept longer if prescribed by Regulations. The stated confidence is too high given the truncated/incomplete ending."
original-R0,acd7d2aea67ff920768aae75300837412f603e0e29f048ea33171ba52c1c0cd8,Which case has an earlier Date of Issue: ENF 269/2023 or SCT 514/2025?,name,"""ENF 269/2023""","""ENF 269/2023""",1.0,0.0,0.0,"[[""1a255edc261961ec64870466a27ac4e25b5ebc2abe298e1b69f8dd2fc27288f6"", 5], [""1a255edc261961ec64870466a27ac4e25b5ebc2abe298e1b69f8dd2fc27288f6"", 8], [""839de9798f377492eee68f82b202d7cd3544be83d799f6226a02f3678c9bb914"", 17], [""839de9798f377492eee68f82b202d7cd3544be83d799f6226a02f3678c9bb914"", 22], [""c98c1475692bc22f4abab6a7a7d7969467c94e46a7e68919aaf127179ebf3f54"", 6], [""c98c1475692bc22f4abab6a7a7d7969467c94e46a7e68919aaf127179ebf3f54"", 8], [""c98c1475692bc22f4abab6a7a7d7969467c94e46a7e68919aaf127179ebf3f54"", 9]]","[[""5d3df6d69fac3ef91e13ac835b43a35e9e434fbc7e72ea5c01e288d69b66e6a2"", 3], [""6306079a16b1dec85690f75c715cdbd78b0685a3e19ee30250d481bc32f2e29a"", 2]]",True,
original-R0,f2a28b01dbdda99ec2b09a7001ea72e35b94a42c14c4bc5e5206c59857770306,Is there a judge who presided over both case CFI 057/2025 and case ENF 269/2023?,boolean,null,false,0.0,0.125,0.5,"[[""3f8a5ea0e051ba3af7a02da340c911fe0970ebece6c852c3e61a10c00cac6d6e"", 18], [""5d3df6d69fac3ef91e13ac835b43a35e9e434fbc7e72ea5c01e288d69b66e6a2"", 1], [""5d3df6d69fac3ef91e13ac835b43a35e9e434fbc7e72ea5c01e288d69b66e6a2"", 12], [""5d3df6d69fac3ef91e13ac835b43a35e9e434fbc7e72ea5c01e288d69b66e6a2"", 15], [""897ab23ed5a70034d3d708d871ad1da8bc7b6608d94b1ca46b5d578d985d3c13"", 1], [""bd2d222ee0a636a745434cfb457321cd658db5bb32b5f0a3f5643236cc1503d8"", 1], [""bd2d222ee0a636a745434cfb457321cd658db5bb32b5f0a3f5643236cc1503d8"", 2], [""bd2d222ee0a636a745434cfb457321cd658db5bb32b5f0a3f5643236cc1503d8"", 4]]","[[""1b446e196b4d1752241c8ff689a31ea705e98ad0c16b9d343c303664f72b64a1"", 1], [""5d3df6d69fac3ef91e13ac835b43a35e9e434fbc7e72ea5c01e288d69b66e6a2"", 1]]",True,
original-R0,3c33f9a4de9bac177c65e3c3bd986ef05e527095e4c96aabbbed76599b727eb0,Who are listed as the claimants in the case documents for SCT 295/2025?,names,"[""Olexa""]","[""Olexa""]",1.0,0.14285714285714285,1.0,"[[""09660f78c26cd56c08c7253ed21ba01fb246092f482ccd8acd8e6f9b6fd2d917"", 1], [""3a574fc4f0baa5ec7ff0dcc822d7c55e4f9c493c24addc217c8df3d848c16fa5"", 2], [""3a574fc4f0baa5ec7ff0dcc822d7c55e4f9c493c24addc217c8df3d848c16fa5"", 4], [""58eae81bf668e7f6c58619f419a49b5e35e2e5c9c7475475ace28ec562580545"", 1], [""839de9798f377492eee68f82b202d7cd3544be83d799f6226a02f3678c9bb914"", 7], [""bd2d222ee0a636a745434cfb457321cd658db5bb32b5f0a3f5643236cc1503d8"", 1], [""d32e76d495ac7d855d805fb71682b98d254520e3799aa4529ebc983212648335"", 1]]","[[""09660f78c26cd56c08c7253ed21ba01fb246092f482ccd8acd8e6f9b6fd2d917"", 1]]",False,
original-R0,b982f3b308042c0eb23dfe264a56ab53866fbea5d3981c4bfcf3ffb6de22054e,What was the result of the application heard in case CFI 067/2025?,free_text,"""The application was dismissed, and the applicant was ordered to pay the respondent’s costs on the standard basis.""","""The Defendant's application for immediate judgment and/or strike out was dismissed, and the Applicant was ordered to pay 80% of the Respondent's costs, assessed at USD 155,879.50.""",0.8,0.125,1.0,"[[""3f8a5ea0e051ba3af7a02da340c911fe0970ebece6c852c3e61a10c00cac6d6e"", 2], [""3f8a5ea0e051ba3af7a02da340c911fe0970ebece6c852c3e61a10c00cac6d6e"", 4], [""3f8a5ea0e051ba3af7a02da340c911fe0970ebece6c852c3e61a10c00cac6d6e"", 18], [""437568a801115019fe8278385c0484bdf07ab86f9a499ecaba2b7969b37c764b"", 1], [""58eae81bf668e7f6c58619f419a49b5e35e2e5c9c7475475ace28ec562580545"", 1], [""839de9798f377492eee68f82b202d7cd3544be83d799f6226a02f3678c9bb914"", 17], [""897ab23ed5a70034d3d708d871ad1da8bc7b6608d94b1ca46b5d578d985d3c13"", 1], [""d32e76d495ac7d855d805fb71682b98d254520e3799aa4529ebc983212648335"", 1]]","[[""897ab23ed5a70034d3d708d871ad1da8bc7b6608d94b1ca46b5d578d985d3c13"", 1]]",True,"The answer matches the core outcome (the application was dismissed and costs were awarded) and is supported by the evidence, but it omits the specific costs order that the reference includes: 80% of the Respondent’s costs, assessed at USD 155,879.50."
original-R0,cdddeb6a063f29cbea5f10b3dccbd83aa16849e1f3124e223d141d1578efeb0a,Who were the claimants in case CFI 010/2024?,names,"[""Fursa Consulting""]","[""Fursa Consulting""]",1.0,0.125,1.0,"[[""3f8a5ea0e051ba3af7a02da340c911fe0970ebece6c852c3e61a10c00cac6d6e"", 8], [""443e04bc1a78940b3fcd5438d24b6c5f182a276d354a3108e738b193675de032"", 1], [""443e04bc1a78940b3fcd5438d24b6c5f182a276d354a3108e738b193675de032"", 2], [""58eae81bf668e7f6c58619f419a49b5e35e2e5c9c7475475ace28ec562580545"", 1], [""897ab23ed5a70034d3d708d871ad1da8bc7b6608d94b1ca46b5d578d985d3c13"", 1], [""bd2d222ee0a636a745434cfb457321cd658db5bb32b5f0a3f5643236cc1503d8"", 1], [""d32e76d495ac7d855d805fb71682b98d254520e3799aa4529ebc983212648335"", 1], [""f4c4d051d514270964adcf58e124569e396602340b7d9172671759de10a95897"", 1]]","[[""443e04bc1a78940b3fcd5438d24b6c5f182a276d354a3108e738b193675de032"", 1]]",True,
original-R0,f5c27c961e218728abde9ff9031d1701cb36db4a2e590d2dbd8914dd28a27b20,"According to Article 19(2)(c) of the Common Reporting Standard Law 2018, how many days does a Reporting Financial Institution have to pay a fine for opening a New Account without a valid self-certification after receiving notification?",number,30,30,1.0,0.2,1.0,"[[""fbdd7f9dd299d83b1f398778da2e6765dfaaed62005667264734a1f76ec09071"", 3], [""fbdd7f9dd299d83b1f398778da2e6765dfaaed62005667264734a1f76ec09071"", 11], [""fbdd7f9dd299d83b1f398778da2e6765dfaaed62005667264734a1f76ec09071"", 12], [""fbdd7f9dd299d83b1f398778da2e6765dfaaed62005667264734a1f76ec09071"", 13], [""fbdd7f9dd299d83b1f398778da2e6765dfaaed62005667264734a1f76ec09071"", 17]]","[[""fbdd7f9dd299d83b1f398778da2e6765dfaaed62005667264734a1f76ec09071"", 11]]",False,
original-R0,7b31467fd9f391a836ecd316b258a6d5e849cb62a9a0c95573b084c1d1338ba0,"According to Article 9(9)(a) of the Operating Law 2018, how many months does a Licence typically have effect from its issue date by the Registrar?",number,12,12,1.0,0.14285714285714285,1.0,"[[""302a0bd8d67775e8dc5960ecec7879be566300d8b32c4b0153ba15ebdb279425"", 18], [""72ea171147bf30326fe6fd2e6798f607c7cef4bf9d43761dbccd2f1b6a356849"", 4], [""72ea171147bf30326fe6fd2e6798f607c7cef4bf9d43761dbccd2f1b6a356849"", 8], [""72ea171147bf30326fe6fd2e6798f607c7cef4bf9d43761dbccd2f1b6a356849"", 9], [""72ea171147bf30326fe6fd2e6798f607c7cef4bf9d43761dbccd2f1b6a356849"", 19], [""72ea171147bf30326fe6fd2e6798f607c7cef4bf9d43761dbccd2f1b6a356849"", 41], [""d32e76d495ac7d855d805fb71682b98d254520e3799aa4529ebc983212648335"", 8]]","[[""72ea171147bf30326fe6fd2e6798f607c7cef4bf9d43761dbccd2f1b6a356849"", 9]]",False,
original-R0,6b20dd63f6b2072c51f7063e32f5accf7218fd36fdfcc3fb627867139b41359e,Which case has an earlier Date of Issue: SCT 169/2025 or SCT 295/2025?,name,"""SCT 295/2025""","""SCT 295/2025""",1.0,0.0,0.0,"[[""09660f78c26cd56c08c7253ed21ba01fb246092f482ccd8acd8e6f9b6fd2d917"", 1], [""1a255edc261961ec64870466a27ac4e25b5ebc2abe298e1b69f8dd2fc27288f6"", 5], [""1a255edc261961ec64870466a27ac4e25b5ebc2abe298e1b69f8dd2fc27288f6"", 61], [""3a574fc4f0baa5ec7ff0dcc822d7c55e4f9c493c24addc217c8df3d848c16fa5"", 1], [""3a574fc4f0baa5ec7ff0dcc822d7c55e4f9c493c24addc217c8df3d848c16fa5"", 3], [""6306079a16b1dec85690f75c715cdbd78b0685a3e19ee30250d481bc32f2e29a"", 1], [""839de9798f377492eee68f82b202d7cd3544be83d799f6226a02f3678c9bb914"", 17], [""d32e76d495ac7d855d805fb71682b98d254520e3799aa4529ebc983212648335"", 9]]","[[""09660f78c26cd56c08c7253ed21ba01fb246092f482ccd8acd8e6f9b6fd2d917"", 2], [""3a574fc4f0baa5ec7ff0dcc822d7c55e4f9c493c24addc217c8df3d848c16fa5"", 2]]",True,
original-R0,a499c8553e73100d9ecc8ccd1164beea4b82fa6b32c519de1a37c861925076a1,"If a Reporting Financial Institution fails to provide specified information during an investigation, does this constitute obstruction of Inspectors under Article 17(b) of the Common Reporting Standard Law 2018?",boolean,true,true,1.0,0.16666666666666666,1.0,"[[""72ea171147bf30326fe6fd2e6798f607c7cef4bf9d43761dbccd2f1b6a356849"", 18], [""fbdd7f9dd299d83b1f398778da2e6765dfaaed62005667264734a1f76ec09071"", 2], [""fbdd7f9dd299d83b1f398778da2e6765dfaaed62005667264734a1f76ec09071"", 3], [""fbdd7f9dd299d83b1f398778da2e6765dfaaed62005667264734a1f76ec09071"", 8], [""fbdd7f9dd299d83b1f398778da2e6765dfaaed62005667264734a1f76ec09071"", 9], [""fbdd7f9dd299d83b1f398778da2e6765dfaaed62005667264734a1f76ec09071"", 10]]","[[""fbdd7f9dd299d83b1f398778da2e6765dfaaed62005667264734a1f76ec09071"", 10]]",False,
original-R0,de67a8574c9e4352ba32d662761e8b2e59ce1d2ae36c33cf5c563dfc5d879920,"Considering all documents across case CA 005/2025 and case TCD 001/2024, was there any judge who participated in both cases?",boolean,false,true,0.0,0.0,0.0,"[[""09660f78c26cd56c08c7253ed21ba01fb246092f482ccd8acd8e6f9b6fd2d917"", 1], [""1a255edc261961ec64870466a27ac4e25b5ebc2abe298e1b69f8dd2fc27288f6"", 75], [""58eae81bf668e7f6c58619f419a49b5e35e2e5c9c7475475ace28ec562580545"", 1], [""5d3df6d69fac3ef91e13ac835b43a35e9e434fbc7e72ea5c01e288d69b66e6a2"", 15], [""78ffe994cdc61ce6a2a6937c79fc52751bb5d2b4eaa4019f088fbccf70569c26"", 1], [""bd2d222ee0a636a745434cfb457321cd658db5bb32b5f0a3f5643236cc1503d8"", 1], [""c98c1475692bc22f4abab6a7a7d7969467c94e46a7e68919aaf127179ebf3f54"", 1], [""d32e76d495ac7d855d805fb71682b98d254520e3799aa4529ebc983212648335"", 1]]","[[""0471e83c1ea18086cfb6b3ff51da6f22b0efee337f10315b2593f782297ccb84"", 1], [""437568a801115019fe8278385c0484bdf07ab86f9a499ecaba2b7969b37c764b"", 1]]",False,
original-R0,e153746c20cc385a520728ac381151f424c9eee10e4c582904fee70afe9af243,"According to Article 10 of the Employment Law 2019, how many months after the Termination Date must a claim under this Law be presented to the Court, unless otherwise specified?",number,6,6,1.0,0.14285714285714285,1.0,"[[""09660f78c26cd56c08c7253ed21ba01fb246092f482ccd8acd8e6f9b6fd2d917"", 2], [""09660f78c26cd56c08c7253ed21ba01fb246092f482ccd8acd8e6f9b6fd2d917"", 4], [""09660f78c26cd56c08c7253ed21ba01fb246092f482ccd8acd8e6f9b6fd2d917"", 7], [""33bc02044716acdfedb164b065bdaec098aaadcae863c591f9931c88e7307d16"", 4], [""33bc02044716acdfedb164b065bdaec098aaadcae863c591f9931c88e7307d16"", 6], [""33bc02044716acdfedb164b065bdaec098aaadcae863c591f9931c88e7307d16"", 12], [""33bc02044716acdfedb164b065bdaec098aaadcae863c591f9931c88e7307d16"", 28]]","[[""33bc02044716acdfedb164b065bdaec098aaadcae863c591f9931c88e7307d16"", 6]]",True,
original-R0,922dcd5ae0d2420ec5577ed8094f593124f7b69f7e61b12c24ad46410114e8ae,What official law number is stated on the cover page of the DIFC Trust Law?,number,4,4,1.0,0.125,1.0,"[[""22442c5ee999e2519c68de908be511875a84f2b810ed540c2dcfcbcc65031434"", 1], [""22442c5ee999e2519c68de908be511875a84f2b810ed540c2dcfcbcc65031434"", 41], [""4e387152960c1029b3711cacb05b287b13c977bc61f2558059a62b7b427a62eb"", 1], [""4e387152960c1029b3711cacb05b287b13c977bc61f2558059a62b7b427a62eb"", 4], [""4e387152960c1029b3711cacb05b287b13c977bc61f2558059a62b7b427a62eb"", 50], [""536bbce854b9406cc22697e04fcdabd645e030c0e55b918252643b00e0b2b25f"", 1], [""72ea171147bf30326fe6fd2e6798f607c7cef4bf9d43761dbccd2f1b6a356849"", 1], [""ff746f7b583490a80ba104361c0a82a1ebbf7ed9097cd03dc49d744cb5057761"", 7]]","[[""4e387152960c1029b3711cacb05b287b13c977bc61f2558059a62b7b427a62eb"", 1]]",False,
original-R0,f950917f9b85f687161b1022a11c3ce31e4f6ab459af69dfea311c20893fc8a7,Who are listed as the claimants in the case documents for CFI 067/2025?,names,"[""Coinmena B.S.C. (C)""]","[""COINMENA B.S.C. (C)""]",1.0,0.125,1.0,"[[""1b446e196b4d1752241c8ff689a31ea705e98ad0c16b9d343c303664f72b64a1"", 1], [""3f8a5ea0e051ba3af7a02da340c911fe0970ebece6c852c3e61a10c00cac6d6e"", 8], [""443e04bc1a78940b3fcd5438d24b6c5f182a276d354a3108e738b193675de032"", 2], [""58eae81bf668e7f6c58619f419a49b5e35e2e5c9c7475475ace28ec562580545"", 1], [""5d3df6d69fac3ef91e13ac835b43a35e9e434fbc7e72ea5c01e288d69b66e6a2"", 1], [""839de9798f377492eee68f82b202d7cd3544be83d799f6226a02f3678c9bb914"", 7], [""897ab23ed5a70034d3d708d871ad1da8bc7b6608d94b1ca46b5d578d985d3c13"", 1], [""bd2d222ee0a636a745434cfb457321cd658db5bb32b5f0a3f5643236cc1503d8"", 1]]","[[""897ab23ed5a70034d3d708d871ad1da8bc7b6608d94b1ca46b5d578d985d3c13"", 1]]",True,
original-R0,254c8499b22ba05b0b1536c111b23e8afb031d0ed14af5970f665d6b1e821e65,"Under Article 26(2) of the Employment Law 2019, for how many months after the actual date of childbirth is a female Employee returning from Maternity Leave entitled to nursing breaks if her working time exceeds six hours?",number,6,6,1.0,0.2,1.0,"[[""33bc02044716acdfedb164b065bdaec098aaadcae863c591f9931c88e7307d16"", 9], [""33bc02044716acdfedb164b065bdaec098aaadcae863c591f9931c88e7307d16"", 14], [""33bc02044716acdfedb164b065bdaec098aaadcae863c591f9931c88e7307d16"", 17], [""33bc02044716acdfedb164b065bdaec098aaadcae863c591f9931c88e7307d16"", 18], [""33bc02044716acdfedb164b065bdaec098aaadcae863c591f9931c88e7307d16"", 19]]","[[""33bc02044716acdfedb164b065bdaec098aaadcae863c591f9931c88e7307d16"", 14]]",True,
original-R0,322674cd65809bde505d9f50edb1bf7e1674f7e118a8179617732a3942b52d74,"According to Article 19(4) of the General Partnership Law 2004, how many months after the end of the financial year must the accounts for that year be prepared and approved by the Partners?",number,6,6,1.0,0.16666666666666666,1.0,"[[""302a0bd8d67775e8dc5960ecec7879be566300d8b32c4b0153ba15ebdb279425"", 6], [""302a0bd8d67775e8dc5960ecec7879be566300d8b32c4b0153ba15ebdb279425"", 7], [""302a0bd8d67775e8dc5960ecec7879be566300d8b32c4b0153ba15ebdb279425"", 8], [""b82ac8228e051d96bf8d706d3251893ebff1c9457b066fce3b7cb99af956f2a7"", 13], [""b82ac8228e051d96bf8d706d3251893ebff1c9457b066fce3b7cb99af956f2a7"", 14], [""b82ac8228e051d96bf8d706d3251893ebff1c9457b066fce3b7cb99af956f2a7"", 18]]","[[""302a0bd8d67775e8dc5960ecec7879be566300d8b32c4b0153ba15ebdb279425"", 8]]",False,
original-R0,87a1294f4e8414adaf49579d914252f4c7a9e90c54a452b5a420bed4934ce335,"If a Reporting Financial Institution obtains or creates records in a language other than English under the Common Reporting Standard Law 2018, what must it provide upon request to the Relevant Authority?",free_text,"""It must provide an English translation to the Relevant Authority.""","""It must provide an English translation to the Relevant Authority upon request.""",1.0,0.2,1.0,"[[""fbdd7f9dd299d83b1f398778da2e6765dfaaed62005667264734a1f76ec09071"", 3], [""fbdd7f9dd299d83b1f398778da2e6765dfaaed62005667264734a1f76ec09071"", 7], [""fbdd7f9dd299d83b1f398778da2e6765dfaaed62005667264734a1f76ec09071"", 10], [""fbdd7f9dd299d83b1f398778da2e6765dfaaed62005667264734a1f76ec09071"", 15], [""fbdd7f9dd299d83b1f398778da2e6765dfaaed62005667264734a1f76ec09071"", 16]]","[[""fbdd7f9dd299d83b1f398778da2e6765dfaaed62005667264734a1f76ec09071"", 7]]",False,
original-R0,b2fcc22c0bfc27e799fec5df74c911114a91f83d0aa2995729390d6c8cb80c1a,On what date was the DIFC Personal Property Law 2005 enacted?,free_text,"""There is no information on this question in the provided documents.""","""There is no information on this question in the provided documents.""",1.0,,,"[[""302a0bd8d67775e8dc5960ecec7879be566300d8b32c4b0153ba15ebdb279425"", 1], [""33bc02044716acdfedb164b065bdaec098aaadcae863c591f9931c88e7307d16"", 1], [""536bbce854b9406cc22697e04fcdabd645e030c0e55b918252643b00e0b2b25f"", 1], [""536bbce854b9406cc22697e04fcdabd645e030c0e55b918252643b00e0b2b25f"", 3], [""b82ac8228e051d96bf8d706d3251893ebff1c9457b066fce3b7cb99af956f2a7"", 1], [""ff746f7b583490a80ba104361c0a82a1ebbf7ed9097cd03dc49d744cb5057761"", 1], [""ff746f7b583490a80ba104361c0a82a1ebbf7ed9097cd03dc49d744cb5057761"", 3], [""ff746f7b583490a80ba104361c0a82a1ebbf7ed9097cd03dc49d744cb5057761"", 7]]",[],False,"The submission matches the reference and appropriately abstains because the provided documents do not give an actual enactment date, only that it is set in the Enactment Notice."
original-R0,8167b0cfeb476ce373ca991b28b3b35f78a8c3c9a5e3d1b682fdbb0ed5604ef4,"Looking only at the last page of the document in case SCT 514/2025, what was the outcome of the specific order or application described?",free_text,"""The court ordered that all outstanding applications be heard on 12 May 2025, and the hearing listed for 6 May 2025 was vacated.""","""The Defendant's Application for Permission to Appeal was refused.""",0.2,0.0,0.0,"[[""3f8a5ea0e051ba3af7a02da340c911fe0970ebece6c852c3e61a10c00cac6d6e"", 2], [""3f8a5ea0e051ba3af7a02da340c911fe0970ebece6c852c3e61a10c00cac6d6e"", 8], [""5d3df6d69fac3ef91e13ac835b43a35e9e434fbc7e72ea5c01e288d69b66e6a2"", 4], [""839de9798f377492eee68f82b202d7cd3544be83d799f6226a02f3678c9bb914"", 7], [""839de9798f377492eee68f82b202d7cd3544be83d799f6226a02f3678c9bb914"", 17], [""f4c4d051d514270964adcf58e124569e396602340b7d9172671759de10a95897"", 1]]","[[""6306079a16b1dec85690f75c715cdbd78b0685a3e19ee30250d481bc32f2e29a"", 6]]",True,"The submission is grounded in the provided evidence, but it answers a different order/application than the one asked about. The reference outcome was that the Defendant's Application for Permission to Appeal was refused, so the submission is incorrect, incomplete, and overconfident."
original-R0,2e211d0cdb29134de759b277c8b8ed5b8fe43f033dcec1e4bd15feafb1dbb8ab,"Across all documents in case DEC 001/2025 and case SCT 514/2025, is there any legal entity or individual that appears as a main party in both cases?",boolean,null,false,0.0,0.14285714285714285,0.3333333333333333,"[[""1a255edc261961ec64870466a27ac4e25b5ebc2abe298e1b69f8dd2fc27288f6"", 1], [""1a255edc261961ec64870466a27ac4e25b5ebc2abe298e1b69f8dd2fc27288f6"", 8], [""1a255edc261961ec64870466a27ac4e25b5ebc2abe298e1b69f8dd2fc27288f6"", 75], [""3f8a5ea0e051ba3af7a02da340c911fe0970ebece6c852c3e61a10c00cac6d6e"", 8], [""839de9798f377492eee68f82b202d7cd3544be83d799f6226a02f3678c9bb914"", 1], [""839de9798f377492eee68f82b202d7cd3544be83d799f6226a02f3678c9bb914"", 7], [""bd2d222ee0a636a745434cfb457321cd658db5bb32b5f0a3f5643236cc1503d8"", 8]]","[[""3f8a5ea0e051ba3af7a02da340c911fe0970ebece6c852c3e61a10c00cac6d6e"", 1], [""6306079a16b1dec85690f75c715cdbd78b0685a3e19ee30250d481bc32f2e29a"", 1], [""839de9798f377492eee68f82b202d7cd3544be83d799f6226a02f3678c9bb914"", 1]]",True,
original-R0,89f4b2e86cf7e48e185b9d5775d67e7c8a51beccbb20abce8dac2a1b0e80b723,Were the Miranda rights properly administered in case ENF 269/2023?,free_text,"""There is no information on this question in the provided documents.""","""There is no information on this question in the provided documents.""",1.0,,,"[[""3f8a5ea0e051ba3af7a02da340c911fe0970ebece6c852c3e61a10c00cac6d6e"", 5], [""3f8a5ea0e051ba3af7a02da340c911fe0970ebece6c852c3e61a10c00cac6d6e"", 18], [""5d3df6d69fac3ef91e13ac835b43a35e9e434fbc7e72ea5c01e288d69b66e6a2"", 12], [""5d3df6d69fac3ef91e13ac835b43a35e9e434fbc7e72ea5c01e288d69b66e6a2"", 18], [""72ea171147bf30326fe6fd2e6798f607c7cef4bf9d43761dbccd2f1b6a356849"", 2], [""72ea171147bf30326fe6fd2e6798f607c7cef4bf9d43761dbccd2f1b6a356849"", 20], [""bd2d222ee0a636a745434cfb457321cd658db5bb32b5f0a3f5643236cc1503d8"", 2], [""c98c1475692bc22f4abab6a7a7d7969467c94e46a7e68919aaf127179ebf3f54"", 11]]",[],False,"No criteria failed. The response correctly abstains, matches the reference, is directly relevant, and does not assert unsupported facts."
original-R0,98d473221f50a845466544b43d6bb52b0497893aade63a8659db228459c271b4,When was the consolidated version of the Law on the Application of Civil and Commercial Laws in the DIFC published?,free_text,"""The consolidated version was published in November 2024.""","""The consolidated version was published in November 2024.""",1.0,0.14285714285714285,1.0,"[[""22442c5ee999e2519c68de908be511875a84f2b810ed540c2dcfcbcc65031434"", 1], [""72ea171147bf30326fe6fd2e6798f607c7cef4bf9d43761dbccd2f1b6a356849"", 1], [""fbdd7f9dd299d83b1f398778da2e6765dfaaed62005667264734a1f76ec09071"", 1], [""ff746f7b583490a80ba104361c0a82a1ebbf7ed9097cd03dc49d744cb5057761"", 1], [""ff746f7b583490a80ba104361c0a82a1ebbf7ed9097cd03dc49d744cb5057761"", 2], [""ff746f7b583490a80ba104361c0a82a1ebbf7ed9097cd03dc49d744cb5057761"", 3], [""ff746f7b583490a80ba104361c0a82a1ebbf7ed9097cd03dc49d744cb5057761"", 7]]","[[""ff746f7b583490a80ba104361c0a82a1ebbf7ed9097cd03dc49d744cb5057761"", 1]]",False,All criteria satisfied; the answer matches the reference and is directly supported by the evidence.
original-R0,5cb2e9e631929fec4306d0bf7cbf145bcfe5f29d86eade85178d359852626cbf,Does the DIFC law numbered DIFC Law No. 7 of 2018 deal with insolvency and preferential debts?,boolean,null,false,0.0,0.125,1.0,"[[""22442c5ee999e2519c68de908be511875a84f2b810ed540c2dcfcbcc65031434"", 1], [""22442c5ee999e2519c68de908be511875a84f2b810ed540c2dcfcbcc65031434"", 41], [""4e387152960c1029b3711cacb05b287b13c977bc61f2558059a62b7b427a62eb"", 1], [""72ea171147bf30326fe6fd2e6798f607c7cef4bf9d43761dbccd2f1b6a356849"", 1], [""b82ac8228e051d96bf8d706d3251893ebff1c9457b066fce3b7cb99af956f2a7"", 1], [""fbdd7f9dd299d83b1f398778da2e6765dfaaed62005667264734a1f76ec09071"", 1], [""ff746f7b583490a80ba104361c0a82a1ebbf7ed9097cd03dc49d744cb5057761"", 1], [""ff746f7b583490a80ba104361c0a82a1ebbf7ed9097cd03dc49d744cb5057761"", 3]]","[[""72ea171147bf30326fe6fd2e6798f607c7cef4bf9d43761dbccd2f1b6a356849"", 1]]",False,
original-R0,30167c4bda50157907608b180c50e4e49902b0cb6bd09b6461b6c7cb75961a1b,"Summarize the court's final ruling in case CFI 010/2024, as stated on the first page of the document.",free_text,"""In CFI 010/2024, the court dismissed the Application and ordered that the Claimant bear its own costs of the Application.""","""The court dismissed the Claimant's application for a Default Costs Certificate and ordered the Claimant to bear its own costs of the application.""",1.0,0.125,1.0,"[[""3f8a5ea0e051ba3af7a02da340c911fe0970ebece6c852c3e61a10c00cac6d6e"", 2], [""3f8a5ea0e051ba3af7a02da340c911fe0970ebece6c852c3e61a10c00cac6d6e"", 18], [""443e04bc1a78940b3fcd5438d24b6c5f182a276d354a3108e738b193675de032"", 1], [""897ab23ed5a70034d3d708d871ad1da8bc7b6608d94b1ca46b5d578d985d3c13"", 1], [""bd2d222ee0a636a745434cfb457321cd658db5bb32b5f0a3f5643236cc1503d8"", 1], [""d32e76d495ac7d855d805fb71682b98d254520e3799aa4529ebc983212648335"", 1], [""d32e76d495ac7d855d805fb71682b98d254520e3799aa4529ebc983212648335"", 9], [""f4c4d051d514270964adcf58e124569e396602340b7d9172671759de10a95897"", 1]]","[[""443e04bc1a78940b3fcd5438d24b6c5f182a276d354a3108e738b193675de032"", 1]]",True,The submission matches the first-page ruling: the application was dismissed and the Claimant was ordered to bear its own costs. It is concise and well supported by the evidence.
original-R0,30040cc854022341de6bb9ee7dc3e932d540666a1addda4750bf974ce9d9292f,Which case has an earlier Date of Issue: CFI 016/2025 or ENF 269/2023?,name,null,"""ENF 269/2023""",0.0,0.0,0.0,"[[""1a255edc261961ec64870466a27ac4e25b5ebc2abe298e1b69f8dd2fc27288f6"", 61], [""3f8a5ea0e051ba3af7a02da340c911fe0970ebece6c852c3e61a10c00cac6d6e"", 18], [""443e04bc1a78940b3fcd5438d24b6c5f182a276d354a3108e738b193675de032"", 2], [""5d3df6d69fac3ef91e13ac835b43a35e9e434fbc7e72ea5c01e288d69b66e6a2"", 1], [""839de9798f377492eee68f82b202d7cd3544be83d799f6226a02f3678c9bb914"", 22], [""897ab23ed5a70034d3d708d871ad1da8bc7b6608d94b1ca46b5d578d985d3c13"", 1]]","[[""5d3df6d69fac3ef91e13ac835b43a35e9e434fbc7e72ea5c01e288d69b66e6a2"", 3], [""6248961b681ea0deb189f354be0c8286f35974dcdb211c13c921c3dd0e566a6e"", 2]]",False,
original-R0,33060f268efcac79c65cd3e0a39bc0f7d91d9bb1802bc2e08bfa43ec5a5cd355,"According to Article 16(1) of the Operating Law 2018, what document must every Registered Person file with the Registrar at the same time as applying for Licence renewal?",name,null,"""Confirmation Statement""",0.0,0.14285714285714285,1.0,"[[""302a0bd8d67775e8dc5960ecec7879be566300d8b32c4b0153ba15ebdb279425"", 18], [""72ea171147bf30326fe6fd2e6798f607c7cef4bf9d43761dbccd2f1b6a356849"", 9], [""72ea171147bf30326fe6fd2e6798f607c7cef4bf9d43761dbccd2f1b6a356849"", 11], [""72ea171147bf30326fe6fd2e6798f607c7cef4bf9d43761dbccd2f1b6a356849"", 19], [""72ea171147bf30326fe6fd2e6798f607c7cef4bf9d43761dbccd2f1b6a356849"", 20], [""72ea171147bf30326fe6fd2e6798f607c7cef4bf9d43761dbccd2f1b6a356849"", 22], [""72ea171147bf30326fe6fd2e6798f607c7cef4bf9d43761dbccd2f1b6a356849"", 41]]","[[""72ea171147bf30326fe6fd2e6798f607c7cef4bf9d43761dbccd2f1b6a356849"", 11]]",False,
original-R0,0149374f1699ab209f6169cffcdd94f45072fca07fbf7a580720760f5c32f658,"Under Article 11(2)(b) of the Employment Law 2019, can an Employee waive any right under this Law by entering into a written agreement with their Employer to terminate employment, provided they were given an opportunity to receive independent legal advice or took part in mediation?",boolean,true,true,1.0,0.14285714285714285,1.0,"[[""33bc02044716acdfedb164b065bdaec098aaadcae863c591f9931c88e7307d16"", 3], [""33bc02044716acdfedb164b065bdaec098aaadcae863c591f9931c88e7307d16"", 4], [""33bc02044716acdfedb164b065bdaec098aaadcae863c591f9931c88e7307d16"", 7], [""33bc02044716acdfedb164b065bdaec098aaadcae863c591f9931c88e7307d16"", 8], [""33bc02044716acdfedb164b065bdaec098aaadcae863c591f9931c88e7307d16"", 25], [""33bc02044716acdfedb164b065bdaec098aaadcae863c591f9931c88e7307d16"", 28], [""33bc02044716acdfedb164b065bdaec098aaadcae863c591f9931c88e7307d16"", 29]]","[[""33bc02044716acdfedb164b065bdaec098aaadcae863c591f9931c88e7307d16"", 7]]",True,
original-R0,5c3ca60614572a117bb7436e202cb32249c186ad8c5526b35a3556b54ff425b7,Which case has an earlier Date of Issue: CA 004/2025 or SCT 295/2025?,name,null,"""CA 004/2025""",0.0,0.0,0.0,"[[""09660f78c26cd56c08c7253ed21ba01fb246092f482ccd8acd8e6f9b6fd2d917"", 1], [""1a255edc261961ec64870466a27ac4e25b5ebc2abe298e1b69f8dd2fc27288f6"", 8], [""1a255edc261961ec64870466a27ac4e25b5ebc2abe298e1b69f8dd2fc27288f6"", 61], [""3a574fc4f0baa5ec7ff0dcc822d7c55e4f9c493c24addc217c8df3d848c16fa5"", 1], [""3a574fc4f0baa5ec7ff0dcc822d7c55e4f9c493c24addc217c8df3d848c16fa5"", 2], [""6306079a16b1dec85690f75c715cdbd78b0685a3e19ee30250d481bc32f2e29a"", 1], [""839de9798f377492eee68f82b202d7cd3544be83d799f6226a02f3678c9bb914"", 22], [""c98c1475692bc22f4abab6a7a7d7969467c94e46a7e68919aaf127179ebf3f54"", 1]]","[[""09660f78c26cd56c08c7253ed21ba01fb246092f482ccd8acd8e6f9b6fd2d917"", 2], [""78ffe994cdc61ce6a2a6937c79fc52751bb5d2b4eaa4019f088fbccf70569c26"", 2]]",True,
original-R0,52e9e31a6d7a80a597147115b3d38065da495a41e7c11e797d0a190c9a580bcf,What was the outcome of the specific order or application described in case SCT 295/2025?,free_text,"""There is no information on this question in the provided documents.""","""The permission to appeal application was refused, and there was no order as to costs.""",0.0,0.0,0.0,"[[""09660f78c26cd56c08c7253ed21ba01fb246092f482ccd8acd8e6f9b6fd2d917"", 1], [""1a255edc261961ec64870466a27ac4e25b5ebc2abe298e1b69f8dd2fc27288f6"", 7], [""5d3df6d69fac3ef91e13ac835b43a35e9e434fbc7e72ea5c01e288d69b66e6a2"", 4], [""839de9798f377492eee68f82b202d7cd3544be83d799f6226a02f3678c9bb914"", 5], [""839de9798f377492eee68f82b202d7cd3544be83d799f6226a02f3678c9bb914"", 7], [""839de9798f377492eee68f82b202d7cd3544be83d799f6226a02f3678c9bb914"", 17], [""c98c1475692bc22f4abab6a7a7d7969467c94e46a7e68919aaf127179ebf3f54"", 1]]","[[""09660f78c26cd56c08c7253ed21ba01fb246092f482ccd8acd8e6f9b6fd2d917"", 2]]",False,"The submission incorrectly says there is no information, but the documents state the permission to appeal application was refused and there was no order as to costs. It is therefore incorrect, incomplete, ungrounded, and overconfident."
original-R0,fdeb03aecacff6f7d78a86ff22a13e95abe014855c18282b142d6ad1f46daa0a,Review the full case files for DEC 001/2025 and TCD 001/2024 — did any judge preside over proceedings in both cases?,boolean,null,false,0.0,0.0,0.0,"[[""1a255edc261961ec64870466a27ac4e25b5ebc2abe298e1b69f8dd2fc27288f6"", 8], [""3f8a5ea0e051ba3af7a02da340c911fe0970ebece6c852c3e61a10c00cac6d6e"", 2], [""3f8a5ea0e051ba3af7a02da340c911fe0970ebece6c852c3e61a10c00cac6d6e"", 4], [""3f8a5ea0e051ba3af7a02da340c911fe0970ebece6c852c3e61a10c00cac6d6e"", 8], [""839de9798f377492eee68f82b202d7cd3544be83d799f6226a02f3678c9bb914"", 7], [""bd2d222ee0a636a745434cfb457321cd658db5bb32b5f0a3f5643236cc1503d8"", 1], [""d32e76d495ac7d855d805fb71682b98d254520e3799aa4529ebc983212648335"", 9]]","[[""0471e83c1ea18086cfb6b3ff51da6f22b0efee337f10315b2593f782297ccb84"", 1], [""1a255edc261961ec64870466a27ac4e25b5ebc2abe298e1b69f8dd2fc27288f6"", 2], [""3f8a5ea0e051ba3af7a02da340c911fe0970ebece6c852c3e61a10c00cac6d6e"", 1], [""62930da32fa3172edf2f2bbf3da268455bd99a7b5fab34d72358730d8cd5da30"", 1], [""839de9798f377492eee68f82b202d7cd3544be83d799f6226a02f3678c9bb914"", 1], [""c98c1475692bc22f4abab6a7a7d7969467c94e46a7e68919aaf127179ebf3f54"", 1]]",False,
original-R0,eeffebf44c689e60729c466dd3fda5e7c2731c84220464c1808ef661452d1de0,"According to the Conclusion section of case CA 009/2024, how did the Court of Appeal rule, and what costs were awarded?",free_text,"""The Court of Appeal allowed the appeal to the extent shown in its order: it restored the Second Part 50 order in amended form against Ms Onita and dismissed the appeal insofar as it related to Mr Oron. As to costs, the Appellant was entitled to its costs, subject to a measure of,""","""The Court of Appeal allowed the appeal to the extent shown in its order, restored the amended Second Part 50 order against Ms Onita, dismissed the appeal as to Mr Oron, and awarded the appellant USD 60,541.25 in costs.""",0.4,0.125,1.0,"[[""3f8a5ea0e051ba3af7a02da340c911fe0970ebece6c852c3e61a10c00cac6d6e"", 19], [""437568a801115019fe8278385c0484bdf07ab86f9a499ecaba2b7969b37c764b"", 5], [""437568a801115019fe8278385c0484bdf07ab86f9a499ecaba2b7969b37c764b"", 14], [""6248961b681ea0deb189f354be0c8286f35974dcdb211c13c921c3dd0e566a6e"", 6], [""78ffe994cdc61ce6a2a6937c79fc52751bb5d2b4eaa4019f088fbccf70569c26"", 1], [""78ffe994cdc61ce6a2a6937c79fc52751bb5d2b4eaa4019f088fbccf70569c26"", 2], [""bd2d222ee0a636a745434cfb457321cd658db5bb32b5f0a3f5643236cc1503d8"", 14], [""c98c1475692bc22f4abab6a7a7d7969467c94e46a7e68919aaf127179ebf3f54"", 13]]","[[""bd2d222ee0a636a745434cfb457321cd658db5bb32b5f0a3f5643236cc1503d8"", 14]]",True,"The ruling portion matches the conclusion section, but the answer fails to give the awarded costs amount (USD 60,541.25), so it is incomplete and not fully correct. The high confidence is not well calibrated to the incomplete response."
original-R0,6c32a091c7108047fabbea4f78137837d79c46a5a864963872cb7035ea9cce0f,What was the claim value in AED referenced in the appeal judgment CA 005/2025?,number,550000,405351504,0.0,0.0,0.0,"[[""03b621728fe29eb6113fcdb57f6458d793fd2d5c5b833ae26d40f04a29c85359"", 3], [""09660f78c26cd56c08c7253ed21ba01fb246092f482ccd8acd8e6f9b6fd2d917"", 1], [""437568a801115019fe8278385c0484bdf07ab86f9a499ecaba2b7969b37c764b"", 4], [""6248961b681ea0deb189f354be0c8286f35974dcdb211c13c921c3dd0e566a6e"", 3], [""6248961b681ea0deb189f354be0c8286f35974dcdb211c13c921c3dd0e566a6e"", 6], [""6248961b681ea0deb189f354be0c8286f35974dcdb211c13c921c3dd0e566a6e"", 7], [""62930da32fa3172edf2f2bbf3da268455bd99a7b5fab34d72358730d8cd5da30"", 4], [""78ffe994cdc61ce6a2a6937c79fc52751bb5d2b4eaa4019f088fbccf70569c26"", 1]]","[[""437568a801115019fe8278385c0484bdf07ab86f9a499ecaba2b7969b37c764b"", 3]]",False,
original-R0,f564b1fd7332944fa826e3af69330b53e8fed018c370dde5b57a8e338d4ecd62,"Between CFI 016/2025 and CFI 057/2025, which document has the earlier issue date?",name,null,"""CFI 057/2025""",0.0,0.0,0.0,"[[""1a255edc261961ec64870466a27ac4e25b5ebc2abe298e1b69f8dd2fc27288f6"", 9], [""1a255edc261961ec64870466a27ac4e25b5ebc2abe298e1b69f8dd2fc27288f6"", 60], [""1a255edc261961ec64870466a27ac4e25b5ebc2abe298e1b69f8dd2fc27288f6"", 61], [""839de9798f377492eee68f82b202d7cd3544be83d799f6226a02f3678c9bb914"", 22], [""897ab23ed5a70034d3d708d871ad1da8bc7b6608d94b1ca46b5d578d985d3c13"", 1], [""fbdd7f9dd299d83b1f398778da2e6765dfaaed62005667264734a1f76ec09071"", 1]]","[[""1b446e196b4d1752241c8ff689a31ea705e98ad0c16b9d343c303664f72b64a1"", 1], [""6248961b681ea0deb189f354be0c8286f35974dcdb211c13c921c3dd0e566a6e"", 1]]",True,
original-R0,b31a702f36e2c43e845e13f160ebc35d3d6ea27eb66a351561a94f0ce56b8667,"According to Article 13 of the Employment Law 2019, can an Employer employ a child who is under sixteen years of age?",boolean,false,false,1.0,0.125,1.0,"[[""33bc02044716acdfedb164b065bdaec098aaadcae863c591f9931c88e7307d16"", 1], [""33bc02044716acdfedb164b065bdaec098aaadcae863c591f9931c88e7307d16"", 2], [""33bc02044716acdfedb164b065bdaec098aaadcae863c591f9931c88e7307d16"", 4], [""33bc02044716acdfedb164b065bdaec098aaadcae863c591f9931c88e7307d16"", 5], [""33bc02044716acdfedb164b065bdaec098aaadcae863c591f9931c88e7307d16"", 7], [""33bc02044716acdfedb164b065bdaec098aaadcae863c591f9931c88e7307d16"", 17], [""33bc02044716acdfedb164b065bdaec098aaadcae863c591f9931c88e7307d16"", 24], [""33bc02044716acdfedb164b065bdaec098aaadcae863c591f9931c88e7307d16"", 44]]","[[""33bc02044716acdfedb164b065bdaec098aaadcae863c591f9931c88e7307d16"", 7]]",True,
original-R0,b13500141f04c86f328b49c56ba01c7bc13bce5afee9646860912718291a5c1a,"According to Article 7(3)(j) of the Operating Law 2018, can the Registrar delegate its functions and powers to officers or employees of the DIFCA without the approval of the Board of Directors of the DIFCA?",boolean,true,true,1.0,0.16666666666666666,1.0,"[[""72ea171147bf30326fe6fd2e6798f607c7cef4bf9d43761dbccd2f1b6a356849"", 3], [""72ea171147bf30326fe6fd2e6798f607c7cef4bf9d43761dbccd2f1b6a356849"", 5], [""72ea171147bf30326fe6fd2e6798f607c7cef4bf9d43761dbccd2f1b6a356849"", 6], [""72ea171147bf30326fe6fd2e6798f607c7cef4bf9d43761dbccd2f1b6a356849"", 29], [""72ea171147bf30326fe6fd2e6798f607c7cef4bf9d43761dbccd2f1b6a356849"", 40], [""b82ac8228e051d96bf8d706d3251893ebff1c9457b066fce3b7cb99af956f2a7"", 20]]","[[""72ea171147bf30326fe6fd2e6798f607c7cef4bf9d43761dbccd2f1b6a356849"", 6]]",False,
original-R0,43f77ed8a37c7af9b3e52b0532c593c768f8f1159db9b9ca717a700d6b0a47f9,"From the header/caption section of each document in case TCD 001/2024, identify all parties listed as Claimant.",names,"[""ARCHITERIORS INTERIOR DESIGN (L.L.C)""]","[""ARCHITERIORS INTERIOR DESIGN (L.L.C)""]",1.0,0.125,0.3333333333333333,"[[""1a255edc261961ec64870466a27ac4e25b5ebc2abe298e1b69f8dd2fc27288f6"", 9], [""1a255edc261961ec64870466a27ac4e25b5ebc2abe298e1b69f8dd2fc27288f6"", 29], [""3f8a5ea0e051ba3af7a02da340c911fe0970ebece6c852c3e61a10c00cac6d6e"", 8], [""62930da32fa3172edf2f2bbf3da268455bd99a7b5fab34d72358730d8cd5da30"", 1], [""839de9798f377492eee68f82b202d7cd3544be83d799f6226a02f3678c9bb914"", 7], [""839de9798f377492eee68f82b202d7cd3544be83d799f6226a02f3678c9bb914"", 20], [""bd2d222ee0a636a745434cfb457321cd658db5bb32b5f0a3f5643236cc1503d8"", 1], [""d32e76d495ac7d855d805fb71682b98d254520e3799aa4529ebc983212648335"", 7]]","[[""0471e83c1ea18086cfb6b3ff51da6f22b0efee337f10315b2593f782297ccb84"", 1], [""62930da32fa3172edf2f2bbf3da268455bd99a7b5fab34d72358730d8cd5da30"", 1], [""c98c1475692bc22f4abab6a7a7d7969467c94e46a7e68919aaf127179ebf3f54"", 1]]",False,
original-R0,12eaaba41338f13b21be7ab9fa1d754390b7aab512e9f33ea7184cc2b2f54d86,Is there a judge who presided over both case CA 004/2025 and case CFI 010/2024?,boolean,null,false,0.0,0.125,0.5,"[[""03b621728fe29eb6113fcdb57f6458d793fd2d5c5b833ae26d40f04a29c85359"", 1], [""3f8a5ea0e051ba3af7a02da340c911fe0970ebece6c852c3e61a10c00cac6d6e"", 3], [""3f8a5ea0e051ba3af7a02da340c911fe0970ebece6c852c3e61a10c00cac6d6e"", 18], [""58eae81bf668e7f6c58619f419a49b5e35e2e5c9c7475475ace28ec562580545"", 1], [""78ffe994cdc61ce6a2a6937c79fc52751bb5d2b4eaa4019f088fbccf70569c26"", 1], [""897ab23ed5a70034d3d708d871ad1da8bc7b6608d94b1ca46b5d578d985d3c13"", 1], [""bd2d222ee0a636a745434cfb457321cd658db5bb32b5f0a3f5643236cc1503d8"", 1], [""f4c4d051d514270964adcf58e124569e396602340b7d9172671759de10a95897"", 1]]","[[""443e04bc1a78940b3fcd5438d24b6c5f182a276d354a3108e738b193675de032"", 1], [""78ffe994cdc61ce6a2a6937c79fc52751bb5d2b4eaa4019f088fbccf70569c26"", 1]]",True,
original-R0,1097af38db84c4d507357bfbdcbbcc1de60a0ccb10752bad8091a75b8f53eb5c,What is the minimum period for which a DIFC-incorporated General Partnership and a DIFC-incorporated Limited Liability Partnership must preserve their accounting records?,free_text,"""Both a DIFC-incorporated General Partnership and a DIFC-incorporated Limited Liability Partnership must preserve their accounting records for at least six (6) years from the date they were created.""","""Both must preserve their accounting records for at least six years from the date they were created.""",1.0,0.3333333333333333,1.0,"[[""302a0bd8d67775e8dc5960ecec7879be566300d8b32c4b0153ba15ebdb279425"", 2], [""302a0bd8d67775e8dc5960ecec7879be566300d8b32c4b0153ba15ebdb279425"", 6], [""302a0bd8d67775e8dc5960ecec7879be566300d8b32c4b0153ba15ebdb279425"", 7], [""302a0bd8d67775e8dc5960ecec7879be566300d8b32c4b0153ba15ebdb279425"", 21], [""b82ac8228e051d96bf8d706d3251893ebff1c9457b066fce3b7cb99af956f2a7"", 13], [""b82ac8228e051d96bf8d706d3251893ebff1c9457b066fce3b7cb99af956f2a7"", 17]]","[[""302a0bd8d67775e8dc5960ecec7879be566300d8b32c4b0153ba15ebdb279425"", 7], [""b82ac8228e051d96bf8d706d3251893ebff1c9457b066fce3b7cb99af956f2a7"", 13]]",False,All criteria satisfied.
original-R0,0a414e1d999bcde13b5dac055194ed52527555ac577946acef75372eaad360fa,What did the jury decide in case ENF 269/2023?,free_text,"""The Court of Appeal allowed the appeal to the following extent.""","""There is no information on this question in the provided documents.""",0.4,,,"[[""3f8a5ea0e051ba3af7a02da340c911fe0970ebece6c852c3e61a10c00cac6d6e"", 18], [""5d3df6d69fac3ef91e13ac835b43a35e9e434fbc7e72ea5c01e288d69b66e6a2"", 1], [""6306079a16b1dec85690f75c715cdbd78b0685a3e19ee30250d481bc32f2e29a"", 4], [""bd2d222ee0a636a745434cfb457321cd658db5bb32b5f0a3f5643236cc1503d8"", 2], [""c98c1475692bc22f4abab6a7a7d7969467c94e46a7e68919aaf127179ebf3f54"", 6], [""c98c1475692bc22f4abab6a7a7d7969467c94e46a7e68919aaf127179ebf3f54"", 11]]",[],False,"The response is grounded in the provided evidence, which says the appeal was allowed to the following extent. However, it does not match the reference answer, which indicates there is no information available in the provided documents, so it should have abstained instead of giving a definite answer. The stated confidence is also too high for an answer that does not align with the reference."
original-R0,146567e3d096312584103b24983e3ff8e904e4ec5dea993d9774d24fef15fce7,"According to Article 14(2)(b) of the General Partnership Law 2004, how many years must a Recognised Partnership's Accounting Records be preserved?",number,6,6,1.0,0.16666666666666666,1.0,"[[""302a0bd8d67775e8dc5960ecec7879be566300d8b32c4b0153ba15ebdb279425"", 6], [""302a0bd8d67775e8dc5960ecec7879be566300d8b32c4b0153ba15ebdb279425"", 7], [""302a0bd8d67775e8dc5960ecec7879be566300d8b32c4b0153ba15ebdb279425"", 8], [""302a0bd8d67775e8dc5960ecec7879be566300d8b32c4b0153ba15ebdb279425"", 23], [""b82ac8228e051d96bf8d706d3251893ebff1c9457b066fce3b7cb99af956f2a7"", 13], [""b82ac8228e051d96bf8d706d3251893ebff1c9457b066fce3b7cb99af956f2a7"", 18]]","[[""302a0bd8d67775e8dc5960ecec7879be566300d8b32c4b0153ba15ebdb279425"", 6]]",False,
original-R0,81d5652bd7e7518381629876f05fdded589e1acc60c8e93aae54488d23493214,Is there a judge who presided over both case ARB 034/2025 and case CFI 067/2025?,boolean,null,true,0.0,0.14285714285714285,0.5,"[[""1a255edc261961ec64870466a27ac4e25b5ebc2abe298e1b69f8dd2fc27288f6"", 5], [""3f8a5ea0e051ba3af7a02da340c911fe0970ebece6c852c3e61a10c00cac6d6e"", 7], [""3f8a5ea0e051ba3af7a02da340c911fe0970ebece6c852c3e61a10c00cac6d6e"", 18], [""58eae81bf668e7f6c58619f419a49b5e35e2e5c9c7475475ace28ec562580545"", 1], [""5d3df6d69fac3ef91e13ac835b43a35e9e434fbc7e72ea5c01e288d69b66e6a2"", 1], [""bd2d222ee0a636a745434cfb457321cd658db5bb32b5f0a3f5643236cc1503d8"", 1], [""bd2d222ee0a636a745434cfb457321cd658db5bb32b5f0a3f5643236cc1503d8"", 4]]","[[""58eae81bf668e7f6c58619f419a49b5e35e2e5c9c7475475ace28ec562580545"", 1], [""897ab23ed5a70034d3d708d871ad1da8bc7b6608d94b1ca46b5d578d985d3c13"", 1]]",True,
original-R0,ca8aebcc86f2b1ea064a28736c67b04357474bcf1128890991c73a237091638a,"Under Article 10(3) of the Operating Law 2018, how many days does a Registered Person have to change its name if it becomes misleading, deceptive, or conflicting?",number,30,30,1.0,0.2,1.0,"[[""72ea171147bf30326fe6fd2e6798f607c7cef4bf9d43761dbccd2f1b6a356849"", 9], [""72ea171147bf30326fe6fd2e6798f607c7cef4bf9d43761dbccd2f1b6a356849"", 10], [""72ea171147bf30326fe6fd2e6798f607c7cef4bf9d43761dbccd2f1b6a356849"", 11], [""72ea171147bf30326fe6fd2e6798f607c7cef4bf9d43761dbccd2f1b6a356849"", 12], [""72ea171147bf30326fe6fd2e6798f607c7cef4bf9d43761dbccd2f1b6a356849"", 21]]","[[""72ea171147bf30326fe6fd2e6798f607c7cef4bf9d43761dbccd2f1b6a356849"", 9]]",False,
original-R0,d9d27c9cace6eafd11dbb349244e0443e16c8cc0efdf516514cc945135e1a597,"Between ARB 034/2025 and SCT 295/2025, which was issued first?",name,null,"""SCT 295/2025""",0.0,0.0,0.0,"[[""1a255edc261961ec64870466a27ac4e25b5ebc2abe298e1b69f8dd2fc27288f6"", 5], [""1a255edc261961ec64870466a27ac4e25b5ebc2abe298e1b69f8dd2fc27288f6"", 44], [""1a255edc261961ec64870466a27ac4e25b5ebc2abe298e1b69f8dd2fc27288f6"", 61], [""1a255edc261961ec64870466a27ac4e25b5ebc2abe298e1b69f8dd2fc27288f6"", 62], [""58eae81bf668e7f6c58619f419a49b5e35e2e5c9c7475475ace28ec562580545"", 1], [""839de9798f377492eee68f82b202d7cd3544be83d799f6226a02f3678c9bb914"", 21]]","[[""09660f78c26cd56c08c7253ed21ba01fb246092f482ccd8acd8e6f9b6fd2d917"", 2], [""58eae81bf668e7f6c58619f419a49b5e35e2e5c9c7475475ace28ec562580545"", 2]]",True,
original-R0,be35b591e2e2383879988055e11ebf31df0e145903e04b4e0c6fca1786ff634d,"According to the 'IT IS HEREBY ORDERED THAT' section of arbitration case ARB 034/2025, what did the court decide?",free_text,"""The court discharged the ASI Order immediately, granted the Defendant’s Set Aside Application, and ordered the Claimant to pay the Defendant’s costs of the Set Aside Application on the standard basis. The Defendant was also directed to submit a Statement of Costs within 5 days.""","""The ASI Order was discharged, the Defendant's Set Aside Application was granted, and the Claimant was ordered to pay the Defendant's costs, with a costs statement due within 5 days.""",1.0,0.16666666666666666,1.0,"[[""58eae81bf668e7f6c58619f419a49b5e35e2e5c9c7475475ace28ec562580545"", 1], [""58eae81bf668e7f6c58619f419a49b5e35e2e5c9c7475475ace28ec562580545"", 2], [""58eae81bf668e7f6c58619f419a49b5e35e2e5c9c7475475ace28ec562580545"", 4], [""5d3df6d69fac3ef91e13ac835b43a35e9e434fbc7e72ea5c01e288d69b66e6a2"", 1], [""62930da32fa3172edf2f2bbf3da268455bd99a7b5fab34d72358730d8cd5da30"", 1], [""bd2d222ee0a636a745434cfb457321cd658db5bb32b5f0a3f5643236cc1503d8"", 4]]","[[""58eae81bf668e7f6c58619f419a49b5e35e2e5c9c7475475ace28ec562580545"", 2]]",True,The submission matches the reference and is fully supported by the provided order text.
original-R0,8bf189fe861d79f2e2dfb2e9126fe590c41f6034afc0ee1ef5aefa61202b9d01,"Based on all documents in case CFI 010/2024 and case DEC 001/2025, did any judge appear in both cases?",boolean,null,false,0.0,0.0,0.0,"[[""1a255edc261961ec64870466a27ac4e25b5ebc2abe298e1b69f8dd2fc27288f6"", 75], [""3f8a5ea0e051ba3af7a02da340c911fe0970ebece6c852c3e61a10c00cac6d6e"", 18], [""78ffe994cdc61ce6a2a6937c79fc52751bb5d2b4eaa4019f088fbccf70569c26"", 1], [""897ab23ed5a70034d3d708d871ad1da8bc7b6608d94b1ca46b5d578d985d3c13"", 1], [""bd2d222ee0a636a745434cfb457321cd658db5bb32b5f0a3f5643236cc1503d8"", 1], [""d32e76d495ac7d855d805fb71682b98d254520e3799aa4529ebc983212648335"", 1], [""d32e76d495ac7d855d805fb71682b98d254520e3799aa4529ebc983212648335"", 11], [""f4c4d051d514270964adcf58e124569e396602340b7d9172671759de10a95897"", 1]]","[[""1a255edc261961ec64870466a27ac4e25b5ebc2abe298e1b69f8dd2fc27288f6"", 2], [""3f8a5ea0e051ba3af7a02da340c911fe0970ebece6c852c3e61a10c00cac6d6e"", 1], [""443e04bc1a78940b3fcd5438d24b6c5f182a276d354a3108e738b193675de032"", 1], [""839de9798f377492eee68f82b202d7cd3544be83d799f6226a02f3678c9bb914"", 1]]",True,
original-R0,c9f0dd67c60a88de9c2c38956f2ffd7b394eb4d7568c73d1869b4182480faf64,"According to the 'IT IS HEREBY ORDERED THAT' section of case SCT 454/2024, what was the outcome of the application for permission to appeal?",free_text,"""The application for permission to appeal was refused.""","""The application for permission to appeal was refused.""",1.0,0.0,0.0,"[[""1a255edc261961ec64870466a27ac4e25b5ebc2abe298e1b69f8dd2fc27288f6"", 3], [""3a574fc4f0baa5ec7ff0dcc822d7c55e4f9c493c24addc217c8df3d848c16fa5"", 2], [""5d3df6d69fac3ef91e13ac835b43a35e9e434fbc7e72ea5c01e288d69b66e6a2"", 5], [""6306079a16b1dec85690f75c715cdbd78b0685a3e19ee30250d481bc32f2e29a"", 4], [""bd2d222ee0a636a745434cfb457321cd658db5bb32b5f0a3f5643236cc1503d8"", 2], [""c98c1475692bc22f4abab6a7a7d7969467c94e46a7e68919aaf127179ebf3f54"", 1], [""f4c4d051d514270964adcf58e124569e396602340b7d9172671759de10a95897"", 4]]","[[""f4c4d051d514270964adcf58e124569e396602340b7d9172671759de10a95897"", 1]]",False,The answer matches the reference and is directly supported by the evidence stating that permission to appeal was refused.
original-R0,84a7c3564026e528c0a5e6a86a72447b4be016d6aa26ce5ce87843c58a975629,What was the plea bargain in case ARB 034/2025?,free_text,"""There is no information on this question in the provided documents.""","""There is no information on this question in the provided documents.""",1.0,,,"[[""1a255edc261961ec64870466a27ac4e25b5ebc2abe298e1b69f8dd2fc27288f6"", 5], [""58eae81bf668e7f6c58619f419a49b5e35e2e5c9c7475475ace28ec562580545"", 1], [""58eae81bf668e7f6c58619f419a49b5e35e2e5c9c7475475ace28ec562580545"", 2], [""5d3df6d69fac3ef91e13ac835b43a35e9e434fbc7e72ea5c01e288d69b66e6a2"", 1], [""6248961b681ea0deb189f354be0c8286f35974dcdb211c13c921c3dd0e566a6e"", 6], [""bd2d222ee0a636a745434cfb457321cd658db5bb32b5f0a3f5643236cc1503d8"", 1]]",[],False,"The submission appropriately abstains, matching the reference that no information is available."
original-R0,b9e824da7bc69fa5b2f4e989a4d591d9c5196362cc985f70a9c29e6f710ea817,"According to the 'IT IS HEREBY ORDERED THAT' section of case CFI 092/2024, what was the outcome of the Defendants' application?",free_text,"""There is no information on this question in the provided documents.""","""The Defendants' immediate judgment application was dismissed, and the claim will proceed to trial alongside the main issues.""",0.6,0.0,0.0,"[[""1a255edc261961ec64870466a27ac4e25b5ebc2abe298e1b69f8dd2fc27288f6"", 2], [""3f8a5ea0e051ba3af7a02da340c911fe0970ebece6c852c3e61a10c00cac6d6e"", 2], [""437568a801115019fe8278385c0484bdf07ab86f9a499ecaba2b7969b37c764b"", 14], [""58eae81bf668e7f6c58619f419a49b5e35e2e5c9c7475475ace28ec562580545"", 2], [""897ab23ed5a70034d3d708d871ad1da8bc7b6608d94b1ca46b5d578d985d3c13"", 1], [""bd2d222ee0a636a745434cfb457321cd658db5bb32b5f0a3f5643236cc1503d8"", 5], [""d32e76d495ac7d855d805fb71682b98d254520e3799aa4529ebc983212648335"", 1]]","[[""d32e76d495ac7d855d805fb71682b98d254520e3799aa4529ebc983212648335"", 2]]",False,Incorrect: the order actually dismissed the Defendants’ immediate judgment application and left the claim to proceed to trial. Incomplete: the submission does not state the outcome of the application.
original-R0,3ab3489605bc64891f36d9f3c7cf9c8608d08163b8673db41aa359097786b4bc,"According to Article 12(4) of the Common Reporting Standard Law 2018, for how many years must records be retained by Reporting Financial Institutions after the date of reporting the information?",number,6,6,1.0,0.14285714285714285,1.0,"[[""72ea171147bf30326fe6fd2e6798f607c7cef4bf9d43761dbccd2f1b6a356849"", 31], [""fbdd7f9dd299d83b1f398778da2e6765dfaaed62005667264734a1f76ec09071"", 3], [""fbdd7f9dd299d83b1f398778da2e6765dfaaed62005667264734a1f76ec09071"", 7], [""fbdd7f9dd299d83b1f398778da2e6765dfaaed62005667264734a1f76ec09071"", 10], [""fbdd7f9dd299d83b1f398778da2e6765dfaaed62005667264734a1f76ec09071"", 12], [""fbdd7f9dd299d83b1f398778da2e6765dfaaed62005667264734a1f76ec09071"", 16], [""fbdd7f9dd299d83b1f398778da2e6765dfaaed62005667264734a1f76ec09071"", 17]]","[[""fbdd7f9dd299d83b1f398778da2e6765dfaaed62005667264734a1f76ec09071"", 7]]",False,
original-R0,ec0aa6992207b818c06e57dd28b08dad22ba2de3bd9e81a9a222e2fba9814406,Who are listed as the claimants in the case documents for SCT 454/2024?,names,"[""Oleta""]","[""Oleta""]",1.0,0.125,1.0,"[[""3a574fc4f0baa5ec7ff0dcc822d7c55e4f9c493c24addc217c8df3d848c16fa5"", 4], [""3f8a5ea0e051ba3af7a02da340c911fe0970ebece6c852c3e61a10c00cac6d6e"", 8], [""58eae81bf668e7f6c58619f419a49b5e35e2e5c9c7475475ace28ec562580545"", 1], [""6306079a16b1dec85690f75c715cdbd78b0685a3e19ee30250d481bc32f2e29a"", 1], [""839de9798f377492eee68f82b202d7cd3544be83d799f6226a02f3678c9bb914"", 7], [""bd2d222ee0a636a745434cfb457321cd658db5bb32b5f0a3f5643236cc1503d8"", 1], [""bd2d222ee0a636a745434cfb457321cd658db5bb32b5f0a3f5643236cc1503d8"", 5], [""f4c4d051d514270964adcf58e124569e396602340b7d9172671759de10a95897"", 1]]","[[""f4c4d051d514270964adcf58e124569e396602340b7d9172671759de10a95897"", 1]]",False,
original-R0,e9b7a25f2bca575390d55244471366612a7698321f47c4f1eb28724c8448ef7d,Was the same judge involved in both case CFI 010/2024 and case CFI 016/2025?,boolean,null,false,0.0,0.0,0.0,"[[""1a255edc261961ec64870466a27ac4e25b5ebc2abe298e1b69f8dd2fc27288f6"", 75], [""3f8a5ea0e051ba3af7a02da340c911fe0970ebece6c852c3e61a10c00cac6d6e"", 18], [""897ab23ed5a70034d3d708d871ad1da8bc7b6608d94b1ca46b5d578d985d3c13"", 1], [""bd2d222ee0a636a745434cfb457321cd658db5bb32b5f0a3f5643236cc1503d8"", 1], [""d32e76d495ac7d855d805fb71682b98d254520e3799aa4529ebc983212648335"", 1], [""d32e76d495ac7d855d805fb71682b98d254520e3799aa4529ebc983212648335"", 9], [""d32e76d495ac7d855d805fb71682b98d254520e3799aa4529ebc983212648335"", 11], [""f4c4d051d514270964adcf58e124569e396602340b7d9172671759de10a95897"", 1]]","[[""443e04bc1a78940b3fcd5438d24b6c5f182a276d354a3108e738b193675de032"", 1], [""6248961b681ea0deb189f354be0c8286f35974dcdb211c13c921c3dd0e566a6e"", 1]]",True,
original-R0,d6eb4a640e0ad690e92c1463e15f5394d36d8f5bb407f0fa4d7413c456c7a5bd,"Under Article 11(1) of the Employment Law 2019, is a provision in an agreement to waive minimum employment requirements void in all circumstances, except where expressly permitted by the Law?",boolean,true,true,1.0,0.14285714285714285,1.0,"[[""33bc02044716acdfedb164b065bdaec098aaadcae863c591f9931c88e7307d16"", 2], [""33bc02044716acdfedb164b065bdaec098aaadcae863c591f9931c88e7307d16"", 3], [""33bc02044716acdfedb164b065bdaec098aaadcae863c591f9931c88e7307d16"", 4], [""33bc02044716acdfedb164b065bdaec098aaadcae863c591f9931c88e7307d16"", 7], [""33bc02044716acdfedb164b065bdaec098aaadcae863c591f9931c88e7307d16"", 24], [""33bc02044716acdfedb164b065bdaec098aaadcae863c591f9931c88e7307d16"", 25], [""33bc02044716acdfedb164b065bdaec098aaadcae863c591f9931c88e7307d16"", 28]]","[[""33bc02044716acdfedb164b065bdaec098aaadcae863c591f9931c88e7307d16"", 7]]",True,
original-R0,88f62d095220495f4a36b31f9f976e726aea7b53f6aead57084c6d8b36dc9814,Which case was issued earlier by the Court of First Instance: CFI 057/2025 or CFI 067/2025?,name,"""CFI 057/2025 (Clyde & Co LLP v (1) Union Properties P.J.S.C. (2) UPP Capital Investment LLC)""","""CFI 057/2025""",0.0,0.0,0.0,"[[""09660f78c26cd56c08c7253ed21ba01fb246092f482ccd8acd8e6f9b6fd2d917"", 7], [""1b446e196b4d1752241c8ff689a31ea705e98ad0c16b9d343c303664f72b64a1"", 1], [""3f8a5ea0e051ba3af7a02da340c911fe0970ebece6c852c3e61a10c00cac6d6e"", 2], [""3f8a5ea0e051ba3af7a02da340c911fe0970ebece6c852c3e61a10c00cac6d6e"", 18], [""6306079a16b1dec85690f75c715cdbd78b0685a3e19ee30250d481bc32f2e29a"", 1], [""897ab23ed5a70034d3d708d871ad1da8bc7b6608d94b1ca46b5d578d985d3c13"", 1], [""d32e76d495ac7d855d805fb71682b98d254520e3799aa4529ebc983212648335"", 1], [""f4c4d051d514270964adcf58e124569e396602340b7d9172671759de10a95897"", 1]]","[[""1b446e196b4d1752241c8ff689a31ea705e98ad0c16b9d343c303664f72b64a1"", 2], [""897ab23ed5a70034d3d708d871ad1da8bc7b6608d94b1ca46b5d578d985d3c13"", 2]]",True,
original-R0,dd736c7955429054fc55ea9eb55b96d3feb13e410f27a25651eefe5ecb536575,Which case has an earlier Date of Issue: ENF 269/2023 or SCT 169/2025?,name,"""ENF 269/2023""","""ENF 269/2023""",1.0,0.0,0.0,"[[""3a574fc4f0baa5ec7ff0dcc822d7c55e4f9c493c24addc217c8df3d848c16fa5"", 1], [""3f8a5ea0e051ba3af7a02da340c911fe0970ebece6c852c3e61a10c00cac6d6e"", 18], [""5d3df6d69fac3ef91e13ac835b43a35e9e434fbc7e72ea5c01e288d69b66e6a2"", 1], [""839de9798f377492eee68f82b202d7cd3544be83d799f6226a02f3678c9bb914"", 5], [""839de9798f377492eee68f82b202d7cd3544be83d799f6226a02f3678c9bb914"", 22], [""c98c1475692bc22f4abab6a7a7d7969467c94e46a7e68919aaf127179ebf3f54"", 8], [""c98c1475692bc22f4abab6a7a7d7969467c94e46a7e68919aaf127179ebf3f54"", 9]]","[[""3a574fc4f0baa5ec7ff0dcc822d7c55e4f9c493c24addc217c8df3d848c16fa5"", 2], [""5d3df6d69fac3ef91e13ac835b43a35e9e434fbc7e72ea5c01e288d69b66e6a2"", 3]]",True,
original-R0,84941458c4ade946dae84cf5ebc4abf362a6f6e6fec835ba5c43ad2d3b4b14d7,Is there any information about parole hearings in case CFI 057/2025?,free_text,"""There is no information on this question in the provided documents.""","""There is no information on this question in the provided documents.""",1.0,,,"[[""1a255edc261961ec64870466a27ac4e25b5ebc2abe298e1b69f8dd2fc27288f6"", 9], [""3f8a5ea0e051ba3af7a02da340c911fe0970ebece6c852c3e61a10c00cac6d6e"", 2], [""3f8a5ea0e051ba3af7a02da340c911fe0970ebece6c852c3e61a10c00cac6d6e"", 3], [""839de9798f377492eee68f82b202d7cd3544be83d799f6226a02f3678c9bb914"", 8], [""839de9798f377492eee68f82b202d7cd3544be83d799f6226a02f3678c9bb914"", 17], [""839de9798f377492eee68f82b202d7cd3544be83d799f6226a02f3678c9bb914"", 19], [""bd2d222ee0a636a745434cfb457321cd658db5bb32b5f0a3f5643236cc1503d8"", 2]]",[],False,The submission matches the reference exactly and appropriately abstains; the evidence does not mention parole hearings.
original-R0,ff1b357588e9b5881ec9b1558ede2892e7cbf42a6787a1cbb922b45318f66778,"According to the title page of the DIFC Law on the Application of Civil and Commercial Laws, what is its official law number?",number,3,3,1.0,0.14285714285714285,1.0,"[[""22442c5ee999e2519c68de908be511875a84f2b810ed540c2dcfcbcc65031434"", 1], [""536bbce854b9406cc22697e04fcdabd645e030c0e55b918252643b00e0b2b25f"", 1], [""72ea171147bf30326fe6fd2e6798f607c7cef4bf9d43761dbccd2f1b6a356849"", 1], [""ff746f7b583490a80ba104361c0a82a1ebbf7ed9097cd03dc49d744cb5057761"", 1], [""ff746f7b583490a80ba104361c0a82a1ebbf7ed9097cd03dc49d744cb5057761"", 2], [""ff746f7b583490a80ba104361c0a82a1ebbf7ed9097cd03dc49d744cb5057761"", 3], [""ff746f7b583490a80ba104361c0a82a1ebbf7ed9097cd03dc49d744cb5057761"", 7]]","[[""ff746f7b583490a80ba104361c0a82a1ebbf7ed9097cd03dc49d744cb5057761"", 1]]",False,
original-R0,f2ea23e9f861379a5c049830b57dcb499d4e6ce51013e64d49722b5845139e22,"Under Article 22 of the Operating Law 2018, for how many years from the date the Registrar becomes aware of an act or omission can the Registrar exercise powers in respect of a former Registered Person removed from the Public Register?",number,3,3,1.0,0.16666666666666666,1.0,"[[""72ea171147bf30326fe6fd2e6798f607c7cef4bf9d43761dbccd2f1b6a356849"", 15], [""72ea171147bf30326fe6fd2e6798f607c7cef4bf9d43761dbccd2f1b6a356849"", 20], [""72ea171147bf30326fe6fd2e6798f607c7cef4bf9d43761dbccd2f1b6a356849"", 21], [""72ea171147bf30326fe6fd2e6798f607c7cef4bf9d43761dbccd2f1b6a356849"", 22], [""72ea171147bf30326fe6fd2e6798f607c7cef4bf9d43761dbccd2f1b6a356849"", 23], [""72ea171147bf30326fe6fd2e6798f607c7cef4bf9d43761dbccd2f1b6a356849"", 24]]","[[""72ea171147bf30326fe6fd2e6798f607c7cef4bf9d43761dbccd2f1b6a356849"", 15]]",False,
original-R0,095cb50318776a3b8ef11769cd941775694c194924783ee31109c25e3306600e,Who is responsible for administering the Employment Law and any Regulations made under it?,free_text,"""The DIFCA is responsible for administering the Employment Law and any Regulations made under it.""","""The DIFCA administers the Employment Law and any Regulations made under it.""",1.0,0.125,1.0,"[[""22442c5ee999e2519c68de908be511875a84f2b810ed540c2dcfcbcc65031434"", 4], [""33bc02044716acdfedb164b065bdaec098aaadcae863c591f9931c88e7307d16"", 1], [""33bc02044716acdfedb164b065bdaec098aaadcae863c591f9931c88e7307d16"", 2], [""33bc02044716acdfedb164b065bdaec098aaadcae863c591f9931c88e7307d16"", 4], [""33bc02044716acdfedb164b065bdaec098aaadcae863c591f9931c88e7307d16"", 5], [""33bc02044716acdfedb164b065bdaec098aaadcae863c591f9931c88e7307d16"", 6], [""33bc02044716acdfedb164b065bdaec098aaadcae863c591f9931c88e7307d16"", 37], [""72ea171147bf30326fe6fd2e6798f607c7cef4bf9d43761dbccd2f1b6a356849"", 41]]","[[""33bc02044716acdfedb164b065bdaec098aaadcae863c591f9931c88e7307d16"", 6]]",True,The submission matches the reference and is directly supported by the evidence stating that the DIFCA administers the Law and any Regulations under it.
original-R0,c2cf8224f1166780b25c77feede37101c514517ed61485c9ae31f6b1eb8c744b,Who administers the Foundations Law?,free_text,"""The Foundations Law is administered by the Registrar.""","""The Registrar administers the Foundations Law.""",1.0,0.14285714285714285,1.0,"[[""22442c5ee999e2519c68de908be511875a84f2b810ed540c2dcfcbcc65031434"", 2], [""22442c5ee999e2519c68de908be511875a84f2b810ed540c2dcfcbcc65031434"", 4], [""22442c5ee999e2519c68de908be511875a84f2b810ed540c2dcfcbcc65031434"", 8], [""22442c5ee999e2519c68de908be511875a84f2b810ed540c2dcfcbcc65031434"", 9], [""22442c5ee999e2519c68de908be511875a84f2b810ed540c2dcfcbcc65031434"", 18], [""22442c5ee999e2519c68de908be511875a84f2b810ed540c2dcfcbcc65031434"", 25], [""22442c5ee999e2519c68de908be511875a84f2b810ed540c2dcfcbcc65031434"", 42]]","[[""22442c5ee999e2519c68de908be511875a84f2b810ed540c2dcfcbcc65031434"", 4]]",False,All criteria satisfied; the submission matches the reference and is directly supported by the cited law text stating the Law is administered by the Registrar.
original-R0,cd69f5dfe06d2e7afac26c7b332ea925987864cc6730f90cce020d34d823abbe,What is the purpose of Article 9(1) of the Foundations Law?,free_text,"""There is no information on this question in the provided documents.""","""It empowers the DIFCA Board to make regulations to facilitate the administration of, or further the objects of, the Foundations Law.""",0.4,0.125,1.0,"[[""22442c5ee999e2519c68de908be511875a84f2b810ed540c2dcfcbcc65031434"", 2], [""22442c5ee999e2519c68de908be511875a84f2b810ed540c2dcfcbcc65031434"", 4], [""22442c5ee999e2519c68de908be511875a84f2b810ed540c2dcfcbcc65031434"", 6], [""22442c5ee999e2519c68de908be511875a84f2b810ed540c2dcfcbcc65031434"", 7], [""22442c5ee999e2519c68de908be511875a84f2b810ed540c2dcfcbcc65031434"", 9], [""22442c5ee999e2519c68de908be511875a84f2b810ed540c2dcfcbcc65031434"", 18], [""22442c5ee999e2519c68de908be511875a84f2b810ed540c2dcfcbcc65031434"", 30], [""22442c5ee999e2519c68de908be511875a84f2b810ed540c2dcfcbcc65031434"", 42]]","[[""22442c5ee999e2519c68de908be511875a84f2b810ed540c2dcfcbcc65031434"", 4]]",False,"The submission does not answer the question; Article 9(1) is about the DIFCA Board’s power to make regulations to facilitate administration of, or further the objects of, the Law. The abstention is clear, but it is incomplete and incorrect relative to the reference. The high confidence is not well calibrated for an unsupported/incorrect answer."
original-R1,30ab0e56ee0c43b5bf94fd9657c7f7ac24f0e7be29ced2933437f7a234713cd7,"Under Article 8(1) of the Operating Law 2018, is a person permitted to operate or conduct business in or from the DIFC without being incorporated, registered, or continued under a Prescribed Law or other Legislation administered by the Registrar?",boolean,false,false,1.0,0.14285714285714285,1.0,"[[""72ea171147bf30326fe6fd2e6798f607c7cef4bf9d43761dbccd2f1b6a356849"", 1], [""72ea171147bf30326fe6fd2e6798f607c7cef4bf9d43761dbccd2f1b6a356849"", 2], [""72ea171147bf30326fe6fd2e6798f607c7cef4bf9d43761dbccd2f1b6a356849"", 4], [""72ea171147bf30326fe6fd2e6798f607c7cef4bf9d43761dbccd2f1b6a356849"", 8], [""72ea171147bf30326fe6fd2e6798f607c7cef4bf9d43761dbccd2f1b6a356849"", 40], [""b82ac8228e051d96bf8d706d3251893ebff1c9457b066fce3b7cb99af956f2a7"", 17], [""ff746f7b583490a80ba104361c0a82a1ebbf7ed9097cd03dc49d744cb5057761"", 3]]","[[""72ea171147bf30326fe6fd2e6798f607c7cef4bf9d43761dbccd2f1b6a356849"", 8]]",False,
original-R1,331b267822eaa013b4a79d92f2ac5118052a57150df9a29d7d11c531f02d23cf,What is the Date of Issue of the document in case CFI 057/2025?,date,"""2025-09-16""","""2026-02-02""",0.0,0.0,0.0,"[[""1a255edc261961ec64870466a27ac4e25b5ebc2abe298e1b69f8dd2fc27288f6"", 5], [""1a255edc261961ec64870466a27ac4e25b5ebc2abe298e1b69f8dd2fc27288f6"", 9], [""1a255edc261961ec64870466a27ac4e25b5ebc2abe298e1b69f8dd2fc27288f6"", 60], [""1a255edc261961ec64870466a27ac4e25b5ebc2abe298e1b69f8dd2fc27288f6"", 61], [""3f8a5ea0e051ba3af7a02da340c911fe0970ebece6c852c3e61a10c00cac6d6e"", 2], [""839de9798f377492eee68f82b202d7cd3544be83d799f6226a02f3678c9bb914"", 8], [""897ab23ed5a70034d3d708d871ad1da8bc7b6608d94b1ca46b5d578d985d3c13"", 1]]","[[""1b446e196b4d1752241c8ff689a31ea705e98ad0c16b9d343c303664f72b64a1"", 2]]",True,
original-R1,5d271fced60d88e008a69adc2da21de427906206bfb49f5554a3bf1dd6f72772,"According to the title page of the Common Reporting Standard Law, what is its official DIFC Law number?",number,2,2,1.0,0.2,1.0,"[[""fbdd7f9dd299d83b1f398778da2e6765dfaaed62005667264734a1f76ec09071"", 1], [""fbdd7f9dd299d83b1f398778da2e6765dfaaed62005667264734a1f76ec09071"", 3], [""fbdd7f9dd299d83b1f398778da2e6765dfaaed62005667264734a1f76ec09071"", 5], [""fbdd7f9dd299d83b1f398778da2e6765dfaaed62005667264734a1f76ec09071"", 15], [""fbdd7f9dd299d83b1f398778da2e6765dfaaed62005667264734a1f76ec09071"", 16]]","[[""fbdd7f9dd299d83b1f398778da2e6765dfaaed62005667264734a1f76ec09071"", 1]]",False,
original-R1,358bf0caaa87ba7e11698c5e0bb230f5742c141f2da8a3e8969cee41ef0f7841,Do cases SCT 295/2025 and SCT 514/2025 involve any of the same legal entities or individuals as main parties?,boolean,false,false,1.0,0.0,0.0,"[[""1a255edc261961ec64870466a27ac4e25b5ebc2abe298e1b69f8dd2fc27288f6"", 1], [""1a255edc261961ec64870466a27ac4e25b5ebc2abe298e1b69f8dd2fc27288f6"", 7], [""3a574fc4f0baa5ec7ff0dcc822d7c55e4f9c493c24addc217c8df3d848c16fa5"", 4], [""839de9798f377492eee68f82b202d7cd3544be83d799f6226a02f3678c9bb914"", 7], [""bd2d222ee0a636a745434cfb457321cd658db5bb32b5f0a3f5643236cc1503d8"", 6], [""bd2d222ee0a636a745434cfb457321cd658db5bb32b5f0a3f5643236cc1503d8"", 8], [""bd2d222ee0a636a745434cfb457321cd658db5bb32b5f0a3f5643236cc1503d8"", 10], [""d32e76d495ac7d855d805fb71682b98d254520e3799aa4529ebc983212648335"", 11]]","[[""09660f78c26cd56c08c7253ed21ba01fb246092f482ccd8acd8e6f9b6fd2d917"", 1], [""6306079a16b1dec85690f75c715cdbd78b0685a3e19ee30250d481bc32f2e29a"", 1]]",True,
original-R1,bce4c288236518dfd08f6bac5a75c75ea79b1250347c4b998252fa9d7265a7c3,What kind of liability do Partners have under Article 28(1) of the General Partnership Law 2004?,free_text,"""Under Article 28(1), each Partner is jointly and severally liable with the other Partners for all debts and obligations of the General Partnership incurred while they are a Partner, unless otherwise agreed by all the other Partners.""","""Partners are jointly and severally liable with the other Partners for all debts and obligations of the General Partnership incurred while they are Partners.""",1.0,0.16666666666666666,1.0,"[[""302a0bd8d67775e8dc5960ecec7879be566300d8b32c4b0153ba15ebdb279425"", 2], [""302a0bd8d67775e8dc5960ecec7879be566300d8b32c4b0153ba15ebdb279425"", 9], [""302a0bd8d67775e8dc5960ecec7879be566300d8b32c4b0153ba15ebdb279425"", 10], [""302a0bd8d67775e8dc5960ecec7879be566300d8b32c4b0153ba15ebdb279425"", 11], [""302a0bd8d67775e8dc5960ecec7879be566300d8b32c4b0153ba15ebdb279425"", 12], [""302a0bd8d67775e8dc5960ecec7879be566300d8b32c4b0153ba15ebdb279425"", 22]]","[[""302a0bd8d67775e8dc5960ecec7879be566300d8b32c4b0153ba15ebdb279425"", 10]]",False,The answer correctly states that partners are jointly and severally liable for partnership debts and obligations incurred while they are partners. The added exception ('unless otherwise agreed by all the other Partners') is also supported by the supplied evidence.
original-R1,6863a7f4a5e76694620518758411bc743142897fa8077f2a73701b89fa2d0b0f,"Under the Foundations Law DIFC Law No. 3 of 2018, what is the maximum fine for failing to provide a copy of an assignment of rights to the Registered Agent or Registrar within 30 days?",free_text,"""The maximum fine is USD 1,500.""","""The maximum fine is USD 1,500.""",1.0,0.25,1.0,"[[""22442c5ee999e2519c68de908be511875a84f2b810ed540c2dcfcbcc65031434"", 6], [""22442c5ee999e2519c68de908be511875a84f2b810ed540c2dcfcbcc65031434"", 16], [""22442c5ee999e2519c68de908be511875a84f2b810ed540c2dcfcbcc65031434"", 21], [""22442c5ee999e2519c68de908be511875a84f2b810ed540c2dcfcbcc65031434"", 22], [""22442c5ee999e2519c68de908be511875a84f2b810ed540c2dcfcbcc65031434"", 26], [""22442c5ee999e2519c68de908be511875a84f2b810ed540c2dcfcbcc65031434"", 46], [""72ea171147bf30326fe6fd2e6798f607c7cef4bf9d43761dbccd2f1b6a356849"", 10], [""72ea171147bf30326fe6fd2e6798f607c7cef4bf9d43761dbccd2f1b6a356849"", 12]]","[[""22442c5ee999e2519c68de908be511875a84f2b810ed540c2dcfcbcc65031434"", 6], [""22442c5ee999e2519c68de908be511875a84f2b810ed540c2dcfcbcc65031434"", 46]]",False,"The submission matches the reference and is directly supported by Schedule 3 in the evidence, which lists the maximum fine as USD 1,500 for failing to provide a copy of the assignment of rights."
original-R1,150d4428704ea7ce7452509bda9c25f4d242b2395114ed0ed59388b87660f218,"Under the Operating Law - DIFC Law No. 7 of 2018, who is responsible for appointing and dismissing the Registrar?",free_text,"""The Board of Directors of the DIFCA is responsible for appointing and dismissing the Registrar, and it must consult the President before doing either.""","""The Board of Directors of the DIFCA appoints and may dismiss the Registrar, after consulting the President.""",1.0,0.14285714285714285,1.0,"[[""72ea171147bf30326fe6fd2e6798f607c7cef4bf9d43761dbccd2f1b6a356849"", 2], [""72ea171147bf30326fe6fd2e6798f607c7cef4bf9d43761dbccd2f1b6a356849"", 3], [""72ea171147bf30326fe6fd2e6798f607c7cef4bf9d43761dbccd2f1b6a356849"", 4], [""72ea171147bf30326fe6fd2e6798f607c7cef4bf9d43761dbccd2f1b6a356849"", 5], [""72ea171147bf30326fe6fd2e6798f607c7cef4bf9d43761dbccd2f1b6a356849"", 6], [""72ea171147bf30326fe6fd2e6798f607c7cef4bf9d43761dbccd2f1b6a356849"", 40], [""b82ac8228e051d96bf8d706d3251893ebff1c9457b066fce3b7cb99af956f2a7"", 24]]","[[""72ea171147bf30326fe6fd2e6798f607c7cef4bf9d43761dbccd2f1b6a356849"", 5]]",False,"The answer matches the law: the Board of Directors of the DIFCA appoints and may dismiss the Registrar, after consulting the President."
original-R1,39890efe7db1258f568e838c284020a9fc79b8bf0deddab76fdf853c9b0171ed,Is there any main party common to both case CFI 057/2025 and case SCT 295/2025?,boolean,true,false,0.0,0.0,0.0,"[[""1a255edc261961ec64870466a27ac4e25b5ebc2abe298e1b69f8dd2fc27288f6"", 10], [""1a255edc261961ec64870466a27ac4e25b5ebc2abe298e1b69f8dd2fc27288f6"", 61], [""1a255edc261961ec64870466a27ac4e25b5ebc2abe298e1b69f8dd2fc27288f6"", 62], [""1a255edc261961ec64870466a27ac4e25b5ebc2abe298e1b69f8dd2fc27288f6"", 75], [""839de9798f377492eee68f82b202d7cd3544be83d799f6226a02f3678c9bb914"", 7], [""839de9798f377492eee68f82b202d7cd3544be83d799f6226a02f3678c9bb914"", 22], [""897ab23ed5a70034d3d708d871ad1da8bc7b6608d94b1ca46b5d578d985d3c13"", 1]]","[[""09660f78c26cd56c08c7253ed21ba01fb246092f482ccd8acd8e6f9b6fd2d917"", 1], [""1b446e196b4d1752241c8ff689a31ea705e98ad0c16b9d343c303664f72b64a1"", 1]]",True,
original-R1,acd0ddc6715f2bccf5076dc47e6874a8ecb782dd10c0b162071f890ad96bef47,"Between SCT 295/2025 and SCT 514/2025, which document has the earlier issue date?",name,null,"""SCT 295/2025""",0.0,0.0,0.0,"[[""09660f78c26cd56c08c7253ed21ba01fb246092f482ccd8acd8e6f9b6fd2d917"", 1], [""1a255edc261961ec64870466a27ac4e25b5ebc2abe298e1b69f8dd2fc27288f6"", 9], [""1a255edc261961ec64870466a27ac4e25b5ebc2abe298e1b69f8dd2fc27288f6"", 60], [""1a255edc261961ec64870466a27ac4e25b5ebc2abe298e1b69f8dd2fc27288f6"", 61], [""1a255edc261961ec64870466a27ac4e25b5ebc2abe298e1b69f8dd2fc27288f6"", 62], [""839de9798f377492eee68f82b202d7cd3544be83d799f6226a02f3678c9bb914"", 22]]","[[""09660f78c26cd56c08c7253ed21ba01fb246092f482ccd8acd8e6f9b6fd2d917"", 2], [""6306079a16b1dec85690f75c715cdbd78b0685a3e19ee30250d481bc32f2e29a"", 2]]",True,
original-R1,436c12cc4eb26087bd1540f5d47825712632e90b4d5b2bca6c52e3b26151f874,What was the result of the application heard in case CFI 057/2025?,free_text,"""There is no information on this question in the provided documents.""","""The Defendant's Permission to Appeal Application was refused, and the Defendant was ordered to pay the Claimant's costs of the application.""",0.6,0.0,0.0,"[[""1b446e196b4d1752241c8ff689a31ea705e98ad0c16b9d343c303664f72b64a1"", 1], [""3f8a5ea0e051ba3af7a02da340c911fe0970ebece6c852c3e61a10c00cac6d6e"", 2], [""3f8a5ea0e051ba3af7a02da340c911fe0970ebece6c852c3e61a10c00cac6d6e"", 4], [""437568a801115019fe8278385c0484bdf07ab86f9a499ecaba2b7969b37c764b"", 1], [""58eae81bf668e7f6c58619f419a49b5e35e2e5c9c7475475ace28ec562580545"", 1], [""839de9798f377492eee68f82b202d7cd3544be83d799f6226a02f3678c9bb914"", 17], [""897ab23ed5a70034d3d708d871ad1da8bc7b6608d94b1ca46b5d578d985d3c13"", 1], [""d32e76d495ac7d855d805fb71682b98d254520e3799aa4529ebc983212648335"", 1]]","[[""1b446e196b4d1752241c8ff689a31ea705e98ad0c16b9d343c303664f72b64a1"", 2]]",True,"The submission abstains, but the correct result was that the Defendant’s Permission to Appeal Application was refused and the Defendant was ordered to pay the Claimant’s costs. So it is not factually correct or complete."
original-R1,4fa07316db9a19980de495d2190350cc4b494ae0ab741cda7784e895709719e1,"Between CFI 010/2024 and SCT 169/2025, which document has the earlier issue date?",name,"""CFI 010/2024""","""SCT 169/2025""",0.0,0.0,0.0,"[[""1a255edc261961ec64870466a27ac4e25b5ebc2abe298e1b69f8dd2fc27288f6"", 9], [""1a255edc261961ec64870466a27ac4e25b5ebc2abe298e1b69f8dd2fc27288f6"", 60], [""1a255edc261961ec64870466a27ac4e25b5ebc2abe298e1b69f8dd2fc27288f6"", 61], [""22442c5ee999e2519c68de908be511875a84f2b810ed540c2dcfcbcc65031434"", 1], [""72ea171147bf30326fe6fd2e6798f607c7cef4bf9d43761dbccd2f1b6a356849"", 1], [""839de9798f377492eee68f82b202d7cd3544be83d799f6226a02f3678c9bb914"", 22], [""897ab23ed5a70034d3d708d871ad1da8bc7b6608d94b1ca46b5d578d985d3c13"", 1]]","[[""3a574fc4f0baa5ec7ff0dcc822d7c55e4f9c493c24addc217c8df3d848c16fa5"", 1], [""443e04bc1a78940b3fcd5438d24b6c5f182a276d354a3108e738b193675de032"", 1]]",True,
original-R1,1a80e5dc69fb76a97c0ada049df2425c9f06de373bbb9ee5b39dbd1f12f85387,"From the title pages of all documents in case CA 005/2025 and case CFI 067/2025, identify whether any individual or company is named as a main party in both cases.",boolean,true,false,0.0,0.0,0.0,"[[""1a255edc261961ec64870466a27ac4e25b5ebc2abe298e1b69f8dd2fc27288f6"", 8], [""1a255edc261961ec64870466a27ac4e25b5ebc2abe298e1b69f8dd2fc27288f6"", 9], [""1a255edc261961ec64870466a27ac4e25b5ebc2abe298e1b69f8dd2fc27288f6"", 75], [""3f8a5ea0e051ba3af7a02da340c911fe0970ebece6c852c3e61a10c00cac6d6e"", 7], [""3f8a5ea0e051ba3af7a02da340c911fe0970ebece6c852c3e61a10c00cac6d6e"", 9], [""839de9798f377492eee68f82b202d7cd3544be83d799f6226a02f3678c9bb914"", 7], [""839de9798f377492eee68f82b202d7cd3544be83d799f6226a02f3678c9bb914"", 28], [""bd2d222ee0a636a745434cfb457321cd658db5bb32b5f0a3f5643236cc1503d8"", 1]]","[[""03b621728fe29eb6113fcdb57f6458d793fd2d5c5b833ae26d40f04a29c85359"", 1], [""437568a801115019fe8278385c0484bdf07ab86f9a499ecaba2b7969b37c764b"", 1], [""897ab23ed5a70034d3d708d871ad1da8bc7b6608d94b1ca46b5d578d985d3c13"", 1]]",True,
original-R1,9f9fb4b911d75c22f2c9a42bb852848ac45594179a7d0d126c8ef0ac8941b18d,Do cases CA 004/2025 and SCT 295/2025 involve any of the same legal entities or individuals as parties?,boolean,null,false,0.0,0.0,0.0,"[[""03b621728fe29eb6113fcdb57f6458d793fd2d5c5b833ae26d40f04a29c85359"", 1], [""1a255edc261961ec64870466a27ac4e25b5ebc2abe298e1b69f8dd2fc27288f6"", 7], [""1a255edc261961ec64870466a27ac4e25b5ebc2abe298e1b69f8dd2fc27288f6"", 61], [""1a255edc261961ec64870466a27ac4e25b5ebc2abe298e1b69f8dd2fc27288f6"", 75], [""3a574fc4f0baa5ec7ff0dcc822d7c55e4f9c493c24addc217c8df3d848c16fa5"", 4], [""839de9798f377492eee68f82b202d7cd3544be83d799f6226a02f3678c9bb914"", 6], [""839de9798f377492eee68f82b202d7cd3544be83d799f6226a02f3678c9bb914"", 7], [""bd2d222ee0a636a745434cfb457321cd658db5bb32b5f0a3f5643236cc1503d8"", 7]]","[[""09660f78c26cd56c08c7253ed21ba01fb246092f482ccd8acd8e6f9b6fd2d917"", 1], [""78ffe994cdc61ce6a2a6937c79fc52751bb5d2b4eaa4019f088fbccf70569c26"", 1]]",True,
original-R1,d374bee20e02f7f384e766dd792856c6457f99fc1491e5fee2e6cd50a4d856b7,Identify whether any person or company is a main party to both ENF 269/2023 and SCT 514/2025.,boolean,null,false,0.0,0.0,0.0,"[[""1a255edc261961ec64870466a27ac4e25b5ebc2abe298e1b69f8dd2fc27288f6"", 7], [""1a255edc261961ec64870466a27ac4e25b5ebc2abe298e1b69f8dd2fc27288f6"", 93], [""72ea171147bf30326fe6fd2e6798f607c7cef4bf9d43761dbccd2f1b6a356849"", 2], [""72ea171147bf30326fe6fd2e6798f607c7cef4bf9d43761dbccd2f1b6a356849"", 39], [""839de9798f377492eee68f82b202d7cd3544be83d799f6226a02f3678c9bb914"", 7], [""839de9798f377492eee68f82b202d7cd3544be83d799f6226a02f3678c9bb914"", 21], [""839de9798f377492eee68f82b202d7cd3544be83d799f6226a02f3678c9bb914"", 22]]","[[""5d3df6d69fac3ef91e13ac835b43a35e9e434fbc7e72ea5c01e288d69b66e6a2"", 1], [""6306079a16b1dec85690f75c715cdbd78b0685a3e19ee30250d481bc32f2e29a"", 1]]",True,
original-R1,8de44b7964cdde111c1a33ac4cc13948b7b4e14fd120351fcb5a5bfb2b2dfff0,Identify the case with the higher monetary claim: SCT 169/2025 or SCT 295/2025?,name,null,"""SCT 169/2025""",0.0,0.0,0.0,"[[""09660f78c26cd56c08c7253ed21ba01fb246092f482ccd8acd8e6f9b6fd2d917"", 1], [""3a574fc4f0baa5ec7ff0dcc822d7c55e4f9c493c24addc217c8df3d848c16fa5"", 1], [""3f8a5ea0e051ba3af7a02da340c911fe0970ebece6c852c3e61a10c00cac6d6e"", 25], [""437568a801115019fe8278385c0484bdf07ab86f9a499ecaba2b7969b37c764b"", 4], [""6248961b681ea0deb189f354be0c8286f35974dcdb211c13c921c3dd0e566a6e"", 3], [""6306079a16b1dec85690f75c715cdbd78b0685a3e19ee30250d481bc32f2e29a"", 1], [""bd2d222ee0a636a745434cfb457321cd658db5bb32b5f0a3f5643236cc1503d8"", 1], [""f4c4d051d514270964adcf58e124569e396602340b7d9172671759de10a95897"", 1]]","[[""09660f78c26cd56c08c7253ed21ba01fb246092f482ccd8acd8e6f9b6fd2d917"", 2], [""3a574fc4f0baa5ec7ff0dcc822d7c55e4f9c493c24addc217c8df3d848c16fa5"", 2]]",True,
original-R1,a8813f8f56099bd156b5fe797cc44b061d2a54fb69ca2e748ffb7cc462eaa85e,Which case has an earlier Date of Issue: CFI 010/2024 or CFI 016/2025?,name,null,"""CFI 010/2024""",0.0,0.0,0.0,"[[""1a255edc261961ec64870466a27ac4e25b5ebc2abe298e1b69f8dd2fc27288f6"", 9], [""1a255edc261961ec64870466a27ac4e25b5ebc2abe298e1b69f8dd2fc27288f6"", 61], [""22442c5ee999e2519c68de908be511875a84f2b810ed540c2dcfcbcc65031434"", 1], [""839de9798f377492eee68f82b202d7cd3544be83d799f6226a02f3678c9bb914"", 22], [""897ab23ed5a70034d3d708d871ad1da8bc7b6608d94b1ca46b5d578d985d3c13"", 1], [""d32e76d495ac7d855d805fb71682b98d254520e3799aa4529ebc983212648335"", 1]]","[[""443e04bc1a78940b3fcd5438d24b6c5f182a276d354a3108e738b193675de032"", 1], [""6248961b681ea0deb189f354be0c8286f35974dcdb211c13c921c3dd0e566a6e"", 1]]",True,
original-R1,fcabd6aa14e2df4b7ca00fa516a70eba6de58b74dfde30270e3fe3eec6d1da7a,Which specific DIFC Laws were amended by DIFC Law No. 2 of 2022?,free_text,"""DIFC Law No. 2 of 2022 amended the following DIFC Laws: the Common Reporting Standard Law (DIFC Law No. 2 of 2018), the Employment Law (DIFC Law No. 2 of 2019), the Foundations Law (DIFC Law No. 3 of 2018), the Personal Property Law (DIFC Law No. 9 of 2005), the Law on the Aplic​""","""Common Reporting Standard Law, Employment Law, Foundations Law, General Partnership Law, Limited Liability Partnership Law, Personal Property Law, Trust Law, and the Law on the Application of Civil and Commercial Laws in the DIFC.""",0.6,0.875,0.875,"[[""22442c5ee999e2519c68de908be511875a84f2b810ed540c2dcfcbcc65031434"", 1], [""33bc02044716acdfedb164b065bdaec098aaadcae863c591f9931c88e7307d16"", 1], [""4e387152960c1029b3711cacb05b287b13c977bc61f2558059a62b7b427a62eb"", 1], [""536bbce854b9406cc22697e04fcdabd645e030c0e55b918252643b00e0b2b25f"", 1], [""72ea171147bf30326fe6fd2e6798f607c7cef4bf9d43761dbccd2f1b6a356849"", 1], [""b82ac8228e051d96bf8d706d3251893ebff1c9457b066fce3b7cb99af956f2a7"", 1], [""fbdd7f9dd299d83b1f398778da2e6765dfaaed62005667264734a1f76ec09071"", 1], [""ff746f7b583490a80ba104361c0a82a1ebbf7ed9097cd03dc49d744cb5057761"", 1]]","[[""22442c5ee999e2519c68de908be511875a84f2b810ed540c2dcfcbcc65031434"", 1], [""302a0bd8d67775e8dc5960ecec7879be566300d8b32c4b0153ba15ebdb279425"", 1], [""33bc02044716acdfedb164b065bdaec098aaadcae863c591f9931c88e7307d16"", 1], [""4e387152960c1029b3711cacb05b287b13c977bc61f2558059a62b7b427a62eb"", 1], [""536bbce854b9406cc22697e04fcdabd645e030c0e55b918252643b00e0b2b25f"", 1], [""b82ac8228e051d96bf8d706d3251893ebff1c9457b066fce3b7cb99af956f2a7"", 1], [""fbdd7f9dd299d83b1f398778da2e6765dfaaed62005667264734a1f76ec09071"", 1], [""ff746f7b583490a80ba104361c0a82a1ebbf7ed9097cd03dc49d744cb5057761"", 1]]",True,"The laws named are supported by the evidence, but the answer omits General Partnership Law, Limited Liability Partnership Law, and Trust Law, so it is incomplete. The 0.99 confidence is too high for a truncated, partial response."
original-R1,e59a0dc49c291402ead91342b065bc4e9ded0043d126f73dd00ba6045aae46b7,"Under Article 14(1) of the Employment Law 2019, how many days does an Employer have to provide an Employee with a written Employment Contract after the commencement of employment?",number,7,7,1.0,0.125,1.0,"[[""33bc02044716acdfedb164b065bdaec098aaadcae863c591f9931c88e7307d16"", 2], [""33bc02044716acdfedb164b065bdaec098aaadcae863c591f9931c88e7307d16"", 5], [""33bc02044716acdfedb164b065bdaec098aaadcae863c591f9931c88e7307d16"", 7], [""33bc02044716acdfedb164b065bdaec098aaadcae863c591f9931c88e7307d16"", 8], [""33bc02044716acdfedb164b065bdaec098aaadcae863c591f9931c88e7307d16"", 11], [""33bc02044716acdfedb164b065bdaec098aaadcae863c591f9931c88e7307d16"", 17], [""33bc02044716acdfedb164b065bdaec098aaadcae863c591f9931c88e7307d16"", 28], [""33bc02044716acdfedb164b065bdaec098aaadcae863c591f9931c88e7307d16"", 38]]","[[""33bc02044716acdfedb164b065bdaec098aaadcae863c591f9931c88e7307d16"", 7]]",True,
original-R1,359f1c315f2ac48e6b34ecfa503c6b9c892365985b363dc9a4e3c85563550d05,Who is the defendant in case ARB 034/2025?,name,"""Onora""","""Onora""",1.0,0.14285714285714285,1.0,"[[""1a255edc261961ec64870466a27ac4e25b5ebc2abe298e1b69f8dd2fc27288f6"", 5], [""3a574fc4f0baa5ec7ff0dcc822d7c55e4f9c493c24addc217c8df3d848c16fa5"", 1], [""58eae81bf668e7f6c58619f419a49b5e35e2e5c9c7475475ace28ec562580545"", 1], [""5d3df6d69fac3ef91e13ac835b43a35e9e434fbc7e72ea5c01e288d69b66e6a2"", 1], [""839de9798f377492eee68f82b202d7cd3544be83d799f6226a02f3678c9bb914"", 6], [""bd2d222ee0a636a745434cfb457321cd658db5bb32b5f0a3f5643236cc1503d8"", 1], [""bd2d222ee0a636a745434cfb457321cd658db5bb32b5f0a3f5643236cc1503d8"", 4]]","[[""58eae81bf668e7f6c58619f419a49b5e35e2e5c9c7475475ace28ec562580545"", 1]]",True,
original-R1,2fc105ec9d11e361b057e8ce21245fbc01f14cefe5ccddada9d7541c952106d2,"If a Muslim Employee works during the holy month of Ramadan, what is the maximum number of hours they can be required to work each day according to Article 23 of the Employment Law 2019?",number,6,6,1.0,0.125,1.0,"[[""33bc02044716acdfedb164b065bdaec098aaadcae863c591f9931c88e7307d16"", 2], [""33bc02044716acdfedb164b065bdaec098aaadcae863c591f9931c88e7307d16"", 9], [""33bc02044716acdfedb164b065bdaec098aaadcae863c591f9931c88e7307d16"", 10], [""33bc02044716acdfedb164b065bdaec098aaadcae863c591f9931c88e7307d16"", 14], [""33bc02044716acdfedb164b065bdaec098aaadcae863c591f9931c88e7307d16"", 15], [""33bc02044716acdfedb164b065bdaec098aaadcae863c591f9931c88e7307d16"", 16], [""33bc02044716acdfedb164b065bdaec098aaadcae863c591f9931c88e7307d16"", 40], [""33bc02044716acdfedb164b065bdaec098aaadcae863c591f9931c88e7307d16"", 42]]","[[""33bc02044716acdfedb164b065bdaec098aaadcae863c591f9931c88e7307d16"", 14]]",True,
original-R1,b667804a5541a24d40f211b3febc69fa5e633d52a08baf9ce6735832ea4e5ec1,"Based on the full case files for DEC 001/2025 and CFI 057/2025, was there any judge involved in both cases?",boolean,null,false,0.0,0.0,0.0,"[[""1a255edc261961ec64870466a27ac4e25b5ebc2abe298e1b69f8dd2fc27288f6"", 8], [""3f8a5ea0e051ba3af7a02da340c911fe0970ebece6c852c3e61a10c00cac6d6e"", 8], [""5d3df6d69fac3ef91e13ac835b43a35e9e434fbc7e72ea5c01e288d69b66e6a2"", 14], [""5d3df6d69fac3ef91e13ac835b43a35e9e434fbc7e72ea5c01e288d69b66e6a2"", 15], [""839de9798f377492eee68f82b202d7cd3544be83d799f6226a02f3678c9bb914"", 7], [""897ab23ed5a70034d3d708d871ad1da8bc7b6608d94b1ca46b5d578d985d3c13"", 1], [""bd2d222ee0a636a745434cfb457321cd658db5bb32b5f0a3f5643236cc1503d8"", 1]]","[[""1b446e196b4d1752241c8ff689a31ea705e98ad0c16b9d343c303664f72b64a1"", 1], [""3f8a5ea0e051ba3af7a02da340c911fe0970ebece6c852c3e61a10c00cac6d6e"", 1], [""839de9798f377492eee68f82b202d7cd3544be83d799f6226a02f3678c9bb914"", 1]]",True,
original-R1,b1d0245bb7c71b42f08a4cdbec612a56715295223472ac5a45af31811ada2f3b,"Under the Operating Law 2018, can the Registrar be held liable for acts or omissions in performing their functions if the act or omission is shown to have been in bad faith, according to Article 7(8)?",boolean,true,true,1.0,0.14285714285714285,1.0,"[[""72ea171147bf30326fe6fd2e6798f607c7cef4bf9d43761dbccd2f1b6a356849"", 5], [""72ea171147bf30326fe6fd2e6798f607c7cef4bf9d43761dbccd2f1b6a356849"", 7], [""72ea171147bf30326fe6fd2e6798f607c7cef4bf9d43761dbccd2f1b6a356849"", 18], [""72ea171147bf30326fe6fd2e6798f607c7cef4bf9d43761dbccd2f1b6a356849"", 19], [""72ea171147bf30326fe6fd2e6798f607c7cef4bf9d43761dbccd2f1b6a356849"", 20], [""72ea171147bf30326fe6fd2e6798f607c7cef4bf9d43761dbccd2f1b6a356849"", 24], [""72ea171147bf30326fe6fd2e6798f607c7cef4bf9d43761dbccd2f1b6a356849"", 33]]","[[""72ea171147bf30326fe6fd2e6798f607c7cef4bf9d43761dbccd2f1b6a356849"", 7]]",False,
original-R1,ad7357a7eb955085f6438dfcaf44324de7fcf88da86c846242e173eacdeebfda,What was the result of the application heard in case SCT 169/2025?,free_text,"""The application was unsuccessful: permission to appeal was not granted, the Applicant could not request reconsideration at a hearing, and the Applicant had to bear its own costs.""","""The Permission to Appeal Application was refused, the adjournment request was refused, and there was no order as to costs.""",0.4,0.14285714285714285,1.0,"[[""3a574fc4f0baa5ec7ff0dcc822d7c55e4f9c493c24addc217c8df3d848c16fa5"", 2], [""3f8a5ea0e051ba3af7a02da340c911fe0970ebece6c852c3e61a10c00cac6d6e"", 4], [""3f8a5ea0e051ba3af7a02da340c911fe0970ebece6c852c3e61a10c00cac6d6e"", 5], [""58eae81bf668e7f6c58619f419a49b5e35e2e5c9c7475475ace28ec562580545"", 1], [""839de9798f377492eee68f82b202d7cd3544be83d799f6226a02f3678c9bb914"", 17], [""d32e76d495ac7d855d805fb71682b98d254520e3799aa4529ebc983212648335"", 1], [""f4c4d051d514270964adcf58e124569e396602340b7d9172671759de10a95897"", 2]]","[[""3a574fc4f0baa5ec7ff0dcc822d7c55e4f9c493c24addc217c8df3d848c16fa5"", 2]]",True,"It captures the main outcome, but it omits the adjournment request being refused. The permission-refusal claim is not explicit in the supplied evidence snippets, so the answer is not well grounded, and the 0.87 confidence is too high for the partial support."
original-R1,0aba04f64851d1419be984476f91f278e6ada2d6c536fd119d7ab37a8ed06593,Do cases CFI 067/2025 and SCT 514/2025 involve any of the same legal entities or individuals as main parties?,boolean,false,false,1.0,0.14285714285714285,0.5,"[[""1a255edc261961ec64870466a27ac4e25b5ebc2abe298e1b69f8dd2fc27288f6"", 7], [""1a255edc261961ec64870466a27ac4e25b5ebc2abe298e1b69f8dd2fc27288f6"", 75], [""3a574fc4f0baa5ec7ff0dcc822d7c55e4f9c493c24addc217c8df3d848c16fa5"", 4], [""3f8a5ea0e051ba3af7a02da340c911fe0970ebece6c852c3e61a10c00cac6d6e"", 8], [""839de9798f377492eee68f82b202d7cd3544be83d799f6226a02f3678c9bb914"", 7], [""897ab23ed5a70034d3d708d871ad1da8bc7b6608d94b1ca46b5d578d985d3c13"", 1], [""bd2d222ee0a636a745434cfb457321cd658db5bb32b5f0a3f5643236cc1503d8"", 6]]","[[""6306079a16b1dec85690f75c715cdbd78b0685a3e19ee30250d481bc32f2e29a"", 1], [""897ab23ed5a70034d3d708d871ad1da8bc7b6608d94b1ca46b5d578d985d3c13"", 1]]",True,
original-R1,9596fb754439e6752034890c1272a2df7c0f9000db7d186db21aa232a253fca4,What is the effective date for due diligence requirements for Pre-existing Accounts and New Accounts under the Common Reporting Standard Law 2018?,free_text,"""The effective date for due diligence requirements is 2016-12-31 for Pre-existing Accounts and 2017-01-01 for New Accounts.""","""Pre-existing Accounts: 31 December 2016; New Accounts: 1 January 2017.""",1.0,0.14285714285714285,1.0,"[[""fbdd7f9dd299d83b1f398778da2e6765dfaaed62005667264734a1f76ec09071"", 1], [""fbdd7f9dd299d83b1f398778da2e6765dfaaed62005667264734a1f76ec09071"", 2], [""fbdd7f9dd299d83b1f398778da2e6765dfaaed62005667264734a1f76ec09071"", 3], [""fbdd7f9dd299d83b1f398778da2e6765dfaaed62005667264734a1f76ec09071"", 7], [""fbdd7f9dd299d83b1f398778da2e6765dfaaed62005667264734a1f76ec09071"", 15], [""fbdd7f9dd299d83b1f398778da2e6765dfaaed62005667264734a1f76ec09071"", 16], [""fbdd7f9dd299d83b1f398778da2e6765dfaaed62005667264734a1f76ec09071"", 17]]","[[""fbdd7f9dd299d83b1f398778da2e6765dfaaed62005667264734a1f76ec09071"", 3]]",False,The answer matches the reference: Pre-existing Accounts effective date is 31 December 2016 and New Accounts effective date is 1 January 2017. It is directly supported by the provided evidence and is clear and concise.
original-R1,9f48d8eca6d10cf26f60226078f0d9cb32d3aa2fd25c90c312549cb6265ebd84,"According to Article 2 of the DIFC Personal Property Law 2005, who made this Law?",free_text,"""The Law was made by the Ruler of Dubai.""","""It was made by the Ruler of Dubai.""",1.0,0.14285714285714285,1.0,"[[""302a0bd8d67775e8dc5960ecec7879be566300d8b32c4b0153ba15ebdb279425"", 1], [""536bbce854b9406cc22697e04fcdabd645e030c0e55b918252643b00e0b2b25f"", 1], [""536bbce854b9406cc22697e04fcdabd645e030c0e55b918252643b00e0b2b25f"", 3], [""72ea171147bf30326fe6fd2e6798f607c7cef4bf9d43761dbccd2f1b6a356849"", 41], [""b82ac8228e051d96bf8d706d3251893ebff1c9457b066fce3b7cb99af956f2a7"", 1], [""ff746f7b583490a80ba104361c0a82a1ebbf7ed9097cd03dc49d744cb5057761"", 3], [""ff746f7b583490a80ba104361c0a82a1ebbf7ed9097cd03dc49d744cb5057761"", 7]]","[[""536bbce854b9406cc22697e04fcdabd645e030c0e55b918252643b00e0b2b25f"", 3]]",True,The answer matches the reference and is directly supported by the provided evidence.
original-R1,802d12a65530cd728da4c2f4430275488285ced247123431a905f8d525e80ede,"Based on the second page of the document, was the Claimant's application for continuation of the ASI Order granted by the court in case ARB 034/2025?",boolean,false,false,1.0,0.14285714285714285,1.0,"[[""22442c5ee999e2519c68de908be511875a84f2b810ed540c2dcfcbcc65031434"", 45], [""58eae81bf668e7f6c58619f419a49b5e35e2e5c9c7475475ace28ec562580545"", 1], [""58eae81bf668e7f6c58619f419a49b5e35e2e5c9c7475475ace28ec562580545"", 2], [""58eae81bf668e7f6c58619f419a49b5e35e2e5c9c7475475ace28ec562580545"", 3], [""58eae81bf668e7f6c58619f419a49b5e35e2e5c9c7475475ace28ec562580545"", 4], [""bd2d222ee0a636a745434cfb457321cd658db5bb32b5f0a3f5643236cc1503d8"", 2], [""c98c1475692bc22f4abab6a7a7d7969467c94e46a7e68919aaf127179ebf3f54"", 1]]","[[""58eae81bf668e7f6c58619f419a49b5e35e2e5c9c7475475ace28ec562580545"", 2]]",True,
original-R1,84ef7f354a41168e99812515cd775297b36c35a541c5b8eb1978be771554b546,"According to Article 14(2)(l) of the Employment Law 2019, what is the maximum probation period in months for an Employee, except in specific fixed-term contract circumstances?",number,6,6,1.0,0.16666666666666666,1.0,"[[""09660f78c26cd56c08c7253ed21ba01fb246092f482ccd8acd8e6f9b6fd2d917"", 4], [""33bc02044716acdfedb164b065bdaec098aaadcae863c591f9931c88e7307d16"", 2], [""33bc02044716acdfedb164b065bdaec098aaadcae863c591f9931c88e7307d16"", 5], [""33bc02044716acdfedb164b065bdaec098aaadcae863c591f9931c88e7307d16"", 7], [""33bc02044716acdfedb164b065bdaec098aaadcae863c591f9931c88e7307d16"", 8], [""33bc02044716acdfedb164b065bdaec098aaadcae863c591f9931c88e7307d16"", 28]]","[[""33bc02044716acdfedb164b065bdaec098aaadcae863c591f9931c88e7307d16"", 8]]",True,
original-R1,5046b4e3fa11a42090ae0cef08c4cd64a1c8761955eb711db396f7fb1634ea86,"According to page 2 of the judgment, from which specific claim number did the appeal in CA 009/2024 originate?",name,"""Claim No. ENF-316-2023/2""","""Claim No. ENF-316-2023/2""",1.0,0.125,1.0,"[[""3a574fc4f0baa5ec7ff0dcc822d7c55e4f9c493c24addc217c8df3d848c16fa5"", 2], [""437568a801115019fe8278385c0484bdf07ab86f9a499ecaba2b7969b37c764b"", 14], [""5d3df6d69fac3ef91e13ac835b43a35e9e434fbc7e72ea5c01e288d69b66e6a2"", 5], [""6306079a16b1dec85690f75c715cdbd78b0685a3e19ee30250d481bc32f2e29a"", 1], [""bd2d222ee0a636a745434cfb457321cd658db5bb32b5f0a3f5643236cc1503d8"", 1], [""bd2d222ee0a636a745434cfb457321cd658db5bb32b5f0a3f5643236cc1503d8"", 2], [""c98c1475692bc22f4abab6a7a7d7969467c94e46a7e68919aaf127179ebf3f54"", 1], [""f4c4d051d514270964adcf58e124569e396602340b7d9172671759de10a95897"", 1]]","[[""bd2d222ee0a636a745434cfb457321cd658db5bb32b5f0a3f5643236cc1503d8"", 2]]",True,
original-R1,042ddf2ed161068fab8072f16e01a15e11da9d741d207bfc0185e5133a810193,Does the Law on the Application of Civil and Commercial Laws in the DIFC Law No. 3 of 2004 apply in the jurisdiction of the Dubai International Financial Centre?,boolean,true,true,1.0,0.16666666666666666,1.0,"[[""ff746f7b583490a80ba104361c0a82a1ebbf7ed9097cd03dc49d744cb5057761"", 1], [""ff746f7b583490a80ba104361c0a82a1ebbf7ed9097cd03dc49d744cb5057761"", 2], [""ff746f7b583490a80ba104361c0a82a1ebbf7ed9097cd03dc49d744cb5057761"", 3], [""ff746f7b583490a80ba104361c0a82a1ebbf7ed9097cd03dc49d744cb5057761"", 4], [""ff746f7b583490a80ba104361c0a82a1ebbf7ed9097cd03dc49d744cb5057761"", 5], [""ff746f7b583490a80ba104361c0a82a1ebbf7ed9097cd03dc49d744cb5057761"", 7]]","[[""ff746f7b583490a80ba104361c0a82a1ebbf7ed9097cd03dc49d744cb5057761"", 3]]",False,
original-R1,e14ad296801b3fb6855a3a9338f1e9b8e2d1bfb05c99682a3cf4f9140b49b17b,"Under Article 11(5) of the DIFC Trust Law 2018, is a term of the trust expressly declaring that the laws of the DIFC shall govern the trust valid, effective, and conclusive regardless of any other circumstance?",boolean,true,true,1.0,0.14285714285714285,1.0,"[[""4e387152960c1029b3711cacb05b287b13c977bc61f2558059a62b7b427a62eb"", 1], [""4e387152960c1029b3711cacb05b287b13c977bc61f2558059a62b7b427a62eb"", 4], [""4e387152960c1029b3711cacb05b287b13c977bc61f2558059a62b7b427a62eb"", 5], [""4e387152960c1029b3711cacb05b287b13c977bc61f2558059a62b7b427a62eb"", 6], [""4e387152960c1029b3711cacb05b287b13c977bc61f2558059a62b7b427a62eb"", 7], [""4e387152960c1029b3711cacb05b287b13c977bc61f2558059a62b7b427a62eb"", 48], [""4e387152960c1029b3711cacb05b287b13c977bc61f2558059a62b7b427a62eb"", 50]]","[[""4e387152960c1029b3711cacb05b287b13c977bc61f2558059a62b7b427a62eb"", 6]]",False,
original-R1,f33177fc2ed5b35033bfa1c7f9fc5d7a3776feb10b498c375cdcb40e0c53ffbf,Is there any main party that appeared in both cases CA 004/2025 and SCT 514/2025?,boolean,true,false,0.0,0.0,0.0,"[[""1a255edc261961ec64870466a27ac4e25b5ebc2abe298e1b69f8dd2fc27288f6"", 61], [""1a255edc261961ec64870466a27ac4e25b5ebc2abe298e1b69f8dd2fc27288f6"", 75], [""1a255edc261961ec64870466a27ac4e25b5ebc2abe298e1b69f8dd2fc27288f6"", 108], [""839de9798f377492eee68f82b202d7cd3544be83d799f6226a02f3678c9bb914"", 6], [""839de9798f377492eee68f82b202d7cd3544be83d799f6226a02f3678c9bb914"", 7], [""839de9798f377492eee68f82b202d7cd3544be83d799f6226a02f3678c9bb914"", 21], [""839de9798f377492eee68f82b202d7cd3544be83d799f6226a02f3678c9bb914"", 22], [""bd2d222ee0a636a745434cfb457321cd658db5bb32b5f0a3f5643236cc1503d8"", 8]]","[[""6306079a16b1dec85690f75c715cdbd78b0685a3e19ee30250d481bc32f2e29a"", 1], [""78ffe994cdc61ce6a2a6937c79fc52751bb5d2b4eaa4019f088fbccf70569c26"", 1]]",True,
original-R1,f29159d38bf494e330b32f03507df593d5869a129796a3b7f6efe14fd1b1a0a5,What does Article 16(1)(c) of the Employment Law 2019 require an Employer to keep records of regarding an Employee's remuneration?,free_text,"""Article 16(1)(c) requires the Employer to keep records of the Employee’s remuneration, including the gross and net amounts where applicable, and the applicable Pay Period.""","""The employee's remuneration, gross and net where applicable, and the applicable pay period.""",1.0,0.16666666666666666,1.0,"[[""33bc02044716acdfedb164b065bdaec098aaadcae863c591f9931c88e7307d16"", 2], [""33bc02044716acdfedb164b065bdaec098aaadcae863c591f9931c88e7307d16"", 4], [""33bc02044716acdfedb164b065bdaec098aaadcae863c591f9931c88e7307d16"", 8], [""33bc02044716acdfedb164b065bdaec098aaadcae863c591f9931c88e7307d16"", 9], [""33bc02044716acdfedb164b065bdaec098aaadcae863c591f9931c88e7307d16"", 11], [""33bc02044716acdfedb164b065bdaec098aaadcae863c591f9931c88e7307d16"", 12]]","[[""33bc02044716acdfedb164b065bdaec098aaadcae863c591f9931c88e7307d16"", 8]]",True,The answer matches the reference and is directly supported by Article 16(1)(c) in the provided evidence.
original-R1,2e8b251fd560f4446bfc9c5fa4b83ecbce69d650a8fd00fc9815c1fb34a764ad,"Looking at the title/cover page of every document across both case TCD 001/2024 and case CFI 016/2025, is there any party (claimant or defendant) common to both cases?",boolean,false,false,1.0,0.0,0.0,"[[""1a255edc261961ec64870466a27ac4e25b5ebc2abe298e1b69f8dd2fc27288f6"", 29], [""1a255edc261961ec64870466a27ac4e25b5ebc2abe298e1b69f8dd2fc27288f6"", 75], [""3f8a5ea0e051ba3af7a02da340c911fe0970ebece6c852c3e61a10c00cac6d6e"", 2], [""3f8a5ea0e051ba3af7a02da340c911fe0970ebece6c852c3e61a10c00cac6d6e"", 4], [""bd2d222ee0a636a745434cfb457321cd658db5bb32b5f0a3f5643236cc1503d8"", 1], [""d32e76d495ac7d855d805fb71682b98d254520e3799aa4529ebc983212648335"", 9], [""d32e76d495ac7d855d805fb71682b98d254520e3799aa4529ebc983212648335"", 11]]","[[""0471e83c1ea18086cfb6b3ff51da6f22b0efee337f10315b2593f782297ccb84"", 1], [""6248961b681ea0deb189f354be0c8286f35974dcdb211c13c921c3dd0e566a6e"", 1], [""62930da32fa3172edf2f2bbf3da268455bd99a7b5fab34d72358730d8cd5da30"", 1], [""c98c1475692bc22f4abab6a7a7d7969467c94e46a7e68919aaf127179ebf3f54"", 1]]",False,
original-R1,fa672c84261a575ba49aba560b6a00c5d944ab9373b764c743d79821658e0052,"What was the outcome of the specific order or application described in case CFI 016/2025, based on the last page of the document?",free_text,"""The application was dismissed, and the applicant was ordered to pay the respondent’s costs on the standard basis.""","""The No Costs Application was rejected, no costs were ordered on that application, and the Defendant was awarded AED 70,000 in costs for the claim.""",0.4,0.0,0.0,"[[""1a255edc261961ec64870466a27ac4e25b5ebc2abe298e1b69f8dd2fc27288f6"", 7], [""3f8a5ea0e051ba3af7a02da340c911fe0970ebece6c852c3e61a10c00cac6d6e"", 2], [""5d3df6d69fac3ef91e13ac835b43a35e9e434fbc7e72ea5c01e288d69b66e6a2"", 4], [""839de9798f377492eee68f82b202d7cd3544be83d799f6226a02f3678c9bb914"", 5], [""839de9798f377492eee68f82b202d7cd3544be83d799f6226a02f3678c9bb914"", 7], [""839de9798f377492eee68f82b202d7cd3544be83d799f6226a02f3678c9bb914"", 38], [""897ab23ed5a70034d3d708d871ad1da8bc7b6608d94b1ca46b5d578d985d3c13"", 1]]","[[""6248961b681ea0deb189f354be0c8286f35974dcdb211c13c921c3dd0e566a6e"", 7]]",False,"The answer matches a different order in the evidence, but it does not agree with the reference outcome for CFI 016/2025. It omits that the No Costs Application was rejected, that no costs were ordered on that application, and that the Defendant was awarded AED 70,000 in costs for the claim. The confidence is too high given the mismatch."
original-R1,7aae865f328e2012c31b41b6e2cccac715c14df5b56ec548d3fa9cb6bc46dcd1,"Under Article 11 of the General Partnership Law 2004, is an unincorporated body of persons carrying on business for profit automatically deemed a partnership if there is an agreement specifying it as a body corporate?",boolean,false,false,1.0,0.125,1.0,"[[""302a0bd8d67775e8dc5960ecec7879be566300d8b32c4b0153ba15ebdb279425"", 1], [""302a0bd8d67775e8dc5960ecec7879be566300d8b32c4b0153ba15ebdb279425"", 2], [""302a0bd8d67775e8dc5960ecec7879be566300d8b32c4b0153ba15ebdb279425"", 4], [""302a0bd8d67775e8dc5960ecec7879be566300d8b32c4b0153ba15ebdb279425"", 5], [""302a0bd8d67775e8dc5960ecec7879be566300d8b32c4b0153ba15ebdb279425"", 10], [""302a0bd8d67775e8dc5960ecec7879be566300d8b32c4b0153ba15ebdb279425"", 12], [""302a0bd8d67775e8dc5960ecec7879be566300d8b32c4b0153ba15ebdb279425"", 13], [""302a0bd8d67775e8dc5960ecec7879be566300d8b32c4b0153ba15ebdb279425"", 22]]","[[""302a0bd8d67775e8dc5960ecec7879be566300d8b32c4b0153ba15ebdb279425"", 5]]",False,
original-R1,e0798bd394af022603f1ed7a09641de2bb414bd14a9d6a2c494980c86095ccff,"If the Relevant Authority confirms a fine or action after an appeal under Article 21(5) of the Common Reporting Standard Law 2018, how many business days does the Reporting Financial Institution have to pay the fine or perform the action?",number,15,15,1.0,0.25,1.0,"[[""fbdd7f9dd299d83b1f398778da2e6765dfaaed62005667264734a1f76ec09071"", 3], [""fbdd7f9dd299d83b1f398778da2e6765dfaaed62005667264734a1f76ec09071"", 11], [""fbdd7f9dd299d83b1f398778da2e6765dfaaed62005667264734a1f76ec09071"", 12], [""fbdd7f9dd299d83b1f398778da2e6765dfaaed62005667264734a1f76ec09071"", 13]]","[[""fbdd7f9dd299d83b1f398778da2e6765dfaaed62005667264734a1f76ec09071"", 13]]",False,
original-R1,32bb32856c65215eddb17d2b5b938f58b4bec525af96f8637686e33b0d696e89,"According to Article 28(4) of the DIFC Trust Law 2018, can an order made consequential to a declaration under Articles 24 to 27 prejudice a purchaser in good faith for value of trust property without notice of the voidable matters?",boolean,false,false,1.0,0.14285714285714285,1.0,"[[""4e387152960c1029b3711cacb05b287b13c977bc61f2558059a62b7b427a62eb"", 4], [""4e387152960c1029b3711cacb05b287b13c977bc61f2558059a62b7b427a62eb"", 5], [""4e387152960c1029b3711cacb05b287b13c977bc61f2558059a62b7b427a62eb"", 6], [""4e387152960c1029b3711cacb05b287b13c977bc61f2558059a62b7b427a62eb"", 7], [""4e387152960c1029b3711cacb05b287b13c977bc61f2558059a62b7b427a62eb"", 9], [""4e387152960c1029b3711cacb05b287b13c977bc61f2558059a62b7b427a62eb"", 15], [""4e387152960c1029b3711cacb05b287b13c977bc61f2558059a62b7b427a62eb"", 24]]","[[""4e387152960c1029b3711cacb05b287b13c977bc61f2558059a62b7b427a62eb"", 15]]",False,
original-R1,698e30385362eebe29a7fd618bb6d5fc2d213fca30eb008f0496d3887d6b4677,Is there any main party that appeared in both cases ARB 034/2025 and SCT 514/2025?,boolean,null,false,0.0,0.125,0.5,"[[""1a255edc261961ec64870466a27ac4e25b5ebc2abe298e1b69f8dd2fc27288f6"", 1], [""1a255edc261961ec64870466a27ac4e25b5ebc2abe298e1b69f8dd2fc27288f6"", 60], [""1a255edc261961ec64870466a27ac4e25b5ebc2abe298e1b69f8dd2fc27288f6"", 61], [""1a255edc261961ec64870466a27ac4e25b5ebc2abe298e1b69f8dd2fc27288f6"", 62], [""3f8a5ea0e051ba3af7a02da340c911fe0970ebece6c852c3e61a10c00cac6d6e"", 16], [""58eae81bf668e7f6c58619f419a49b5e35e2e5c9c7475475ace28ec562580545"", 1], [""839de9798f377492eee68f82b202d7cd3544be83d799f6226a02f3678c9bb914"", 6], [""839de9798f377492eee68f82b202d7cd3544be83d799f6226a02f3678c9bb914"", 21]]","[[""58eae81bf668e7f6c58619f419a49b5e35e2e5c9c7475475ace28ec562580545"", 1], [""6306079a16b1dec85690f75c715cdbd78b0685a3e19ee30250d481bc32f2e29a"", 1]]",True,
original-R1,52a35cfabe76f2c538c6f72a841a08e0cc85bbe8f732874a4d2827383794c213,Did cases CA 004/2025 and ARB 034/2025 have any judges in common?,boolean,false,false,1.0,0.2857142857142857,1.0,"[[""03b621728fe29eb6113fcdb57f6458d793fd2d5c5b833ae26d40f04a29c85359"", 1], [""1a255edc261961ec64870466a27ac4e25b5ebc2abe298e1b69f8dd2fc27288f6"", 1], [""1a255edc261961ec64870466a27ac4e25b5ebc2abe298e1b69f8dd2fc27288f6"", 5], [""3f8a5ea0e051ba3af7a02da340c911fe0970ebece6c852c3e61a10c00cac6d6e"", 18], [""58eae81bf668e7f6c58619f419a49b5e35e2e5c9c7475475ace28ec562580545"", 1], [""78ffe994cdc61ce6a2a6937c79fc52751bb5d2b4eaa4019f088fbccf70569c26"", 1], [""bd2d222ee0a636a745434cfb457321cd658db5bb32b5f0a3f5643236cc1503d8"", 1]]","[[""58eae81bf668e7f6c58619f419a49b5e35e2e5c9c7475475ace28ec562580545"", 1], [""78ffe994cdc61ce6a2a6937c79fc52751bb5d2b4eaa4019f088fbccf70569c26"", 1]]",True,
original-R1,a341025df493b0e6a962fa637e3df6fe053c3de28cb2f5c8eb0814067af32b95,"According to Article 12(4) of the Common Reporting Standard Law and Article 18(2)(b) of the General Partnership Law, what are the retention periods for records?",free_text,"""Under Article 12(4) of the Common Reporting Standard Law, records must be retained for six (6) years after the date of reporting the information. Under Article 18(2)(b) of the General Partnership Law, records must be preserved for at least six (6) years from the date they were,be""","""Under the CRS Law, records must be retained for 6 years after reporting. Under the General Partnership Law, accounting records must be preserved for at least 6 years from creation, or longer if prescribed by Regulations.""",0.6,0.2857142857142857,1.0,"[[""302a0bd8d67775e8dc5960ecec7879be566300d8b32c4b0153ba15ebdb279425"", 6], [""302a0bd8d67775e8dc5960ecec7879be566300d8b32c4b0153ba15ebdb279425"", 7], [""302a0bd8d67775e8dc5960ecec7879be566300d8b32c4b0153ba15ebdb279425"", 8], [""302a0bd8d67775e8dc5960ecec7879be566300d8b32c4b0153ba15ebdb279425"", 23], [""b82ac8228e051d96bf8d706d3251893ebff1c9457b066fce3b7cb99af956f2a7"", 13], [""b82ac8228e051d96bf8d706d3251893ebff1c9457b066fce3b7cb99af956f2a7"", 18], [""fbdd7f9dd299d83b1f398778da2e6765dfaaed62005667264734a1f76ec09071"", 7]]","[[""302a0bd8d67775e8dc5960ecec7879be566300d8b32c4b0153ba15ebdb279425"", 7], [""fbdd7f9dd299d83b1f398778da2e6765dfaaed62005667264734a1f76ec09071"", 7]]",False,"The main retention periods are correct, but the answer omits the General Partnership Law qualifier that records may need to be kept longer if prescribed by Regulations. The stated confidence is too high given the truncated/incomplete ending."
original-R1,acd7d2aea67ff920768aae75300837412f603e0e29f048ea33171ba52c1c0cd8,Which case has an earlier Date of Issue: ENF 269/2023 or SCT 514/2025?,name,"""ENF 269/2023""","""ENF 269/2023""",1.0,0.0,0.0,"[[""1a255edc261961ec64870466a27ac4e25b5ebc2abe298e1b69f8dd2fc27288f6"", 5], [""1a255edc261961ec64870466a27ac4e25b5ebc2abe298e1b69f8dd2fc27288f6"", 8], [""839de9798f377492eee68f82b202d7cd3544be83d799f6226a02f3678c9bb914"", 17], [""839de9798f377492eee68f82b202d7cd3544be83d799f6226a02f3678c9bb914"", 22], [""c98c1475692bc22f4abab6a7a7d7969467c94e46a7e68919aaf127179ebf3f54"", 6], [""c98c1475692bc22f4abab6a7a7d7969467c94e46a7e68919aaf127179ebf3f54"", 8], [""c98c1475692bc22f4abab6a7a7d7969467c94e46a7e68919aaf127179ebf3f54"", 9]]","[[""5d3df6d69fac3ef91e13ac835b43a35e9e434fbc7e72ea5c01e288d69b66e6a2"", 3], [""6306079a16b1dec85690f75c715cdbd78b0685a3e19ee30250d481bc32f2e29a"", 2]]",True,
original-R1,f2a28b01dbdda99ec2b09a7001ea72e35b94a42c14c4bc5e5206c59857770306,Is there a judge who presided over both case CFI 057/2025 and case ENF 269/2023?,boolean,null,false,0.0,0.125,0.5,"[[""3f8a5ea0e051ba3af7a02da340c911fe0970ebece6c852c3e61a10c00cac6d6e"", 18], [""5d3df6d69fac3ef91e13ac835b43a35e9e434fbc7e72ea5c01e288d69b66e6a2"", 1], [""5d3df6d69fac3ef91e13ac835b43a35e9e434fbc7e72ea5c01e288d69b66e6a2"", 12], [""5d3df6d69fac3ef91e13ac835b43a35e9e434fbc7e72ea5c01e288d69b66e6a2"", 15], [""897ab23ed5a70034d3d708d871ad1da8bc7b6608d94b1ca46b5d578d985d3c13"", 1], [""bd2d222ee0a636a745434cfb457321cd658db5bb32b5f0a3f5643236cc1503d8"", 1], [""bd2d222ee0a636a745434cfb457321cd658db5bb32b5f0a3f5643236cc1503d8"", 2], [""bd2d222ee0a636a745434cfb457321cd658db5bb32b5f0a3f5643236cc1503d8"", 4]]","[[""1b446e196b4d1752241c8ff689a31ea705e98ad0c16b9d343c303664f72b64a1"", 1], [""5d3df6d69fac3ef91e13ac835b43a35e9e434fbc7e72ea5c01e288d69b66e6a2"", 1]]",True,
original-R1,3c33f9a4de9bac177c65e3c3bd986ef05e527095e4c96aabbbed76599b727eb0,Who are listed as the claimants in the case documents for SCT 295/2025?,names,"[""Olexa""]","[""Olexa""]",1.0,0.14285714285714285,1.0,"[[""09660f78c26cd56c08c7253ed21ba01fb246092f482ccd8acd8e6f9b6fd2d917"", 1], [""3a574fc4f0baa5ec7ff0dcc822d7c55e4f9c493c24addc217c8df3d848c16fa5"", 2], [""3a574fc4f0baa5ec7ff0dcc822d7c55e4f9c493c24addc217c8df3d848c16fa5"", 4], [""58eae81bf668e7f6c58619f419a49b5e35e2e5c9c7475475ace28ec562580545"", 1], [""839de9798f377492eee68f82b202d7cd3544be83d799f6226a02f3678c9bb914"", 7], [""bd2d222ee0a636a745434cfb457321cd658db5bb32b5f0a3f5643236cc1503d8"", 1], [""d32e76d495ac7d855d805fb71682b98d254520e3799aa4529ebc983212648335"", 1]]","[[""09660f78c26cd56c08c7253ed21ba01fb246092f482ccd8acd8e6f9b6fd2d917"", 1]]",False,
original-R1,b982f3b308042c0eb23dfe264a56ab53866fbea5d3981c4bfcf3ffb6de22054e,What was the result of the application heard in case CFI 067/2025?,free_text,"""The application was dismissed, and the applicant was ordered to pay the respondent’s costs on the standard basis.""","""The Defendant's application for immediate judgment and/or strike out was dismissed, and the Applicant was ordered to pay 80% of the Respondent's costs, assessed at USD 155,879.50.""",0.8,0.125,1.0,"[[""3f8a5ea0e051ba3af7a02da340c911fe0970ebece6c852c3e61a10c00cac6d6e"", 2], [""3f8a5ea0e051ba3af7a02da340c911fe0970ebece6c852c3e61a10c00cac6d6e"", 4], [""3f8a5ea0e051ba3af7a02da340c911fe0970ebece6c852c3e61a10c00cac6d6e"", 18], [""437568a801115019fe8278385c0484bdf07ab86f9a499ecaba2b7969b37c764b"", 1], [""58eae81bf668e7f6c58619f419a49b5e35e2e5c9c7475475ace28ec562580545"", 1], [""839de9798f377492eee68f82b202d7cd3544be83d799f6226a02f3678c9bb914"", 17], [""897ab23ed5a70034d3d708d871ad1da8bc7b6608d94b1ca46b5d578d985d3c13"", 1], [""d32e76d495ac7d855d805fb71682b98d254520e3799aa4529ebc983212648335"", 1]]","[[""897ab23ed5a70034d3d708d871ad1da8bc7b6608d94b1ca46b5d578d985d3c13"", 1]]",True,"The answer matches the core outcome (the application was dismissed and costs were awarded) and is supported by the evidence, but it omits the specific costs order that the reference includes: 80% of the Respondent’s costs, assessed at USD 155,879.50."
original-R1,cdddeb6a063f29cbea5f10b3dccbd83aa16849e1f3124e223d141d1578efeb0a,Who were the claimants in case CFI 010/2024?,names,"[""Fursa Consulting""]","[""Fursa Consulting""]",1.0,0.125,1.0,"[[""3f8a5ea0e051ba3af7a02da340c911fe0970ebece6c852c3e61a10c00cac6d6e"", 8], [""443e04bc1a78940b3fcd5438d24b6c5f182a276d354a3108e738b193675de032"", 1], [""443e04bc1a78940b3fcd5438d24b6c5f182a276d354a3108e738b193675de032"", 2], [""58eae81bf668e7f6c58619f419a49b5e35e2e5c9c7475475ace28ec562580545"", 1], [""897ab23ed5a70034d3d708d871ad1da8bc7b6608d94b1ca46b5d578d985d3c13"", 1], [""bd2d222ee0a636a745434cfb457321cd658db5bb32b5f0a3f5643236cc1503d8"", 1], [""d32e76d495ac7d855d805fb71682b98d254520e3799aa4529ebc983212648335"", 1], [""f4c4d051d514270964adcf58e124569e396602340b7d9172671759de10a95897"", 1]]","[[""443e04bc1a78940b3fcd5438d24b6c5f182a276d354a3108e738b193675de032"", 1]]",True,
original-R1,f5c27c961e218728abde9ff9031d1701cb36db4a2e590d2dbd8914dd28a27b20,"According to Article 19(2)(c) of the Common Reporting Standard Law 2018, how many days does a Reporting Financial Institution have to pay a fine for opening a New Account without a valid self-certification after receiving notification?",number,30,30,1.0,0.2,1.0,"[[""fbdd7f9dd299d83b1f398778da2e6765dfaaed62005667264734a1f76ec09071"", 3], [""fbdd7f9dd299d83b1f398778da2e6765dfaaed62005667264734a1f76ec09071"", 11], [""fbdd7f9dd299d83b1f398778da2e6765dfaaed62005667264734a1f76ec09071"", 12], [""fbdd7f9dd299d83b1f398778da2e6765dfaaed62005667264734a1f76ec09071"", 13], [""fbdd7f9dd299d83b1f398778da2e6765dfaaed62005667264734a1f76ec09071"", 17]]","[[""fbdd7f9dd299d83b1f398778da2e6765dfaaed62005667264734a1f76ec09071"", 11]]",False,
original-R1,7b31467fd9f391a836ecd316b258a6d5e849cb62a9a0c95573b084c1d1338ba0,"According to Article 9(9)(a) of the Operating Law 2018, how many months does a Licence typically have effect from its issue date by the Registrar?",number,12,12,1.0,0.14285714285714285,1.0,"[[""302a0bd8d67775e8dc5960ecec7879be566300d8b32c4b0153ba15ebdb279425"", 18], [""72ea171147bf30326fe6fd2e6798f607c7cef4bf9d43761dbccd2f1b6a356849"", 4], [""72ea171147bf30326fe6fd2e6798f607c7cef4bf9d43761dbccd2f1b6a356849"", 8], [""72ea171147bf30326fe6fd2e6798f607c7cef4bf9d43761dbccd2f1b6a356849"", 9], [""72ea171147bf30326fe6fd2e6798f607c7cef4bf9d43761dbccd2f1b6a356849"", 19], [""72ea171147bf30326fe6fd2e6798f607c7cef4bf9d43761dbccd2f1b6a356849"", 41], [""d32e76d495ac7d855d805fb71682b98d254520e3799aa4529ebc983212648335"", 8]]","[[""72ea171147bf30326fe6fd2e6798f607c7cef4bf9d43761dbccd2f1b6a356849"", 9]]",False,
original-R1,6b20dd63f6b2072c51f7063e32f5accf7218fd36fdfcc3fb627867139b41359e,Which case has an earlier Date of Issue: SCT 169/2025 or SCT 295/2025?,name,"""SCT 295/2025""","""SCT 295/2025""",1.0,0.0,0.0,"[[""09660f78c26cd56c08c7253ed21ba01fb246092f482ccd8acd8e6f9b6fd2d917"", 1], [""1a255edc261961ec64870466a27ac4e25b5ebc2abe298e1b69f8dd2fc27288f6"", 5], [""1a255edc261961ec64870466a27ac4e25b5ebc2abe298e1b69f8dd2fc27288f6"", 61], [""3a574fc4f0baa5ec7ff0dcc822d7c55e4f9c493c24addc217c8df3d848c16fa5"", 1], [""3a574fc4f0baa5ec7ff0dcc822d7c55e4f9c493c24addc217c8df3d848c16fa5"", 3], [""6306079a16b1dec85690f75c715cdbd78b0685a3e19ee30250d481bc32f2e29a"", 1], [""839de9798f377492eee68f82b202d7cd3544be83d799f6226a02f3678c9bb914"", 17], [""d32e76d495ac7d855d805fb71682b98d254520e3799aa4529ebc983212648335"", 9]]","[[""09660f78c26cd56c08c7253ed21ba01fb246092f482ccd8acd8e6f9b6fd2d917"", 2], [""3a574fc4f0baa5ec7ff0dcc822d7c55e4f9c493c24addc217c8df3d848c16fa5"", 2]]",True,
original-R1,a499c8553e73100d9ecc8ccd1164beea4b82fa6b32c519de1a37c861925076a1,"If a Reporting Financial Institution fails to provide specified information during an investigation, does this constitute obstruction of Inspectors under Article 17(b) of the Common Reporting Standard Law 2018?",boolean,true,true,1.0,0.16666666666666666,1.0,"[[""72ea171147bf30326fe6fd2e6798f607c7cef4bf9d43761dbccd2f1b6a356849"", 18], [""fbdd7f9dd299d83b1f398778da2e6765dfaaed62005667264734a1f76ec09071"", 2], [""fbdd7f9dd299d83b1f398778da2e6765dfaaed62005667264734a1f76ec09071"", 3], [""fbdd7f9dd299d83b1f398778da2e6765dfaaed62005667264734a1f76ec09071"", 8], [""fbdd7f9dd299d83b1f398778da2e6765dfaaed62005667264734a1f76ec09071"", 9], [""fbdd7f9dd299d83b1f398778da2e6765dfaaed62005667264734a1f76ec09071"", 10]]","[[""fbdd7f9dd299d83b1f398778da2e6765dfaaed62005667264734a1f76ec09071"", 10]]",False,
original-R1,de67a8574c9e4352ba32d662761e8b2e59ce1d2ae36c33cf5c563dfc5d879920,"Considering all documents across case CA 005/2025 and case TCD 001/2024, was there any judge who participated in both cases?",boolean,false,true,0.0,0.0,0.0,"[[""09660f78c26cd56c08c7253ed21ba01fb246092f482ccd8acd8e6f9b6fd2d917"", 1], [""1a255edc261961ec64870466a27ac4e25b5ebc2abe298e1b69f8dd2fc27288f6"", 75], [""58eae81bf668e7f6c58619f419a49b5e35e2e5c9c7475475ace28ec562580545"", 1], [""5d3df6d69fac3ef91e13ac835b43a35e9e434fbc7e72ea5c01e288d69b66e6a2"", 15], [""78ffe994cdc61ce6a2a6937c79fc52751bb5d2b4eaa4019f088fbccf70569c26"", 1], [""bd2d222ee0a636a745434cfb457321cd658db5bb32b5f0a3f5643236cc1503d8"", 1], [""c98c1475692bc22f4abab6a7a7d7969467c94e46a7e68919aaf127179ebf3f54"", 1], [""d32e76d495ac7d855d805fb71682b98d254520e3799aa4529ebc983212648335"", 1]]","[[""0471e83c1ea18086cfb6b3ff51da6f22b0efee337f10315b2593f782297ccb84"", 1], [""437568a801115019fe8278385c0484bdf07ab86f9a499ecaba2b7969b37c764b"", 1]]",False,
original-R1,e153746c20cc385a520728ac381151f424c9eee10e4c582904fee70afe9af243,"According to Article 10 of the Employment Law 2019, how many months after the Termination Date must a claim under this Law be presented to the Court, unless otherwise specified?",number,6,6,1.0,0.14285714285714285,1.0,"[[""09660f78c26cd56c08c7253ed21ba01fb246092f482ccd8acd8e6f9b6fd2d917"", 2], [""09660f78c26cd56c08c7253ed21ba01fb246092f482ccd8acd8e6f9b6fd2d917"", 4], [""09660f78c26cd56c08c7253ed21ba01fb246092f482ccd8acd8e6f9b6fd2d917"", 7], [""33bc02044716acdfedb164b065bdaec098aaadcae863c591f9931c88e7307d16"", 4], [""33bc02044716acdfedb164b065bdaec098aaadcae863c591f9931c88e7307d16"", 6], [""33bc02044716acdfedb164b065bdaec098aaadcae863c591f9931c88e7307d16"", 12], [""33bc02044716acdfedb164b065bdaec098aaadcae863c591f9931c88e7307d16"", 28]]","[[""33bc02044716acdfedb164b065bdaec098aaadcae863c591f9931c88e7307d16"", 6]]",True,
original-R1,922dcd5ae0d2420ec5577ed8094f593124f7b69f7e61b12c24ad46410114e8ae,What official law number is stated on the cover page of the DIFC Trust Law?,number,4,4,1.0,0.125,1.0,"[[""22442c5ee999e2519c68de908be511875a84f2b810ed540c2dcfcbcc65031434"", 1], [""22442c5ee999e2519c68de908be511875a84f2b810ed540c2dcfcbcc65031434"", 41], [""4e387152960c1029b3711cacb05b287b13c977bc61f2558059a62b7b427a62eb"", 1], [""4e387152960c1029b3711cacb05b287b13c977bc61f2558059a62b7b427a62eb"", 4], [""4e387152960c1029b3711cacb05b287b13c977bc61f2558059a62b7b427a62eb"", 50], [""536bbce854b9406cc22697e04fcdabd645e030c0e55b918252643b00e0b2b25f"", 1], [""72ea171147bf30326fe6fd2e6798f607c7cef4bf9d43761dbccd2f1b6a356849"", 1], [""ff746f7b583490a80ba104361c0a82a1ebbf7ed9097cd03dc49d744cb5057761"", 7]]","[[""4e387152960c1029b3711cacb05b287b13c977bc61f2558059a62b7b427a62eb"", 1]]",False,
original-R1,f950917f9b85f687161b1022a11c3ce31e4f6ab459af69dfea311c20893fc8a7,Who are listed as the claimants in the case documents for CFI 067/2025?,names,"[""Coinmena B.S.C. (C)""]","[""COINMENA B.S.C. (C)""]",1.0,0.125,1.0,"[[""1b446e196b4d1752241c8ff689a31ea705e98ad0c16b9d343c303664f72b64a1"", 1], [""3f8a5ea0e051ba3af7a02da340c911fe0970ebece6c852c3e61a10c00cac6d6e"", 8], [""443e04bc1a78940b3fcd5438d24b6c5f182a276d354a3108e738b193675de032"", 2], [""58eae81bf668e7f6c58619f419a49b5e35e2e5c9c7475475ace28ec562580545"", 1], [""5d3df6d69fac3ef91e13ac835b43a35e9e434fbc7e72ea5c01e288d69b66e6a2"", 1], [""839de9798f377492eee68f82b202d7cd3544be83d799f6226a02f3678c9bb914"", 7], [""897ab23ed5a70034d3d708d871ad1da8bc7b6608d94b1ca46b5d578d985d3c13"", 1], [""bd2d222ee0a636a745434cfb457321cd658db5bb32b5f0a3f5643236cc1503d8"", 1]]","[[""897ab23ed5a70034d3d708d871ad1da8bc7b6608d94b1ca46b5d578d985d3c13"", 1]]",True,
original-R1,254c8499b22ba05b0b1536c111b23e8afb031d0ed14af5970f665d6b1e821e65,"Under Article 26(2) of the Employment Law 2019, for how many months after the actual date of childbirth is a female Employee returning from Maternity Leave entitled to nursing breaks if her working time exceeds six hours?",number,6,6,1.0,0.2,1.0,"[[""33bc02044716acdfedb164b065bdaec098aaadcae863c591f9931c88e7307d16"", 9], [""33bc02044716acdfedb164b065bdaec098aaadcae863c591f9931c88e7307d16"", 14], [""33bc02044716acdfedb164b065bdaec098aaadcae863c591f9931c88e7307d16"", 17], [""33bc02044716acdfedb164b065bdaec098aaadcae863c591f9931c88e7307d16"", 18], [""33bc02044716acdfedb164b065bdaec098aaadcae863c591f9931c88e7307d16"", 19]]","[[""33bc02044716acdfedb164b065bdaec098aaadcae863c591f9931c88e7307d16"", 14]]",True,
original-R1,322674cd65809bde505d9f50edb1bf7e1674f7e118a8179617732a3942b52d74,"According to Article 19(4) of the General Partnership Law 2004, how many months after the end of the financial year must the accounts for that year be prepared and approved by the Partners?",number,6,6,1.0,0.16666666666666666,1.0,"[[""302a0bd8d67775e8dc5960ecec7879be566300d8b32c4b0153ba15ebdb279425"", 6], [""302a0bd8d67775e8dc5960ecec7879be566300d8b32c4b0153ba15ebdb279425"", 7], [""302a0bd8d67775e8dc5960ecec7879be566300d8b32c4b0153ba15ebdb279425"", 8], [""b82ac8228e051d96bf8d706d3251893ebff1c9457b066fce3b7cb99af956f2a7"", 13], [""b82ac8228e051d96bf8d706d3251893ebff1c9457b066fce3b7cb99af956f2a7"", 14], [""b82ac8228e051d96bf8d706d3251893ebff1c9457b066fce3b7cb99af956f2a7"", 18]]","[[""302a0bd8d67775e8dc5960ecec7879be566300d8b32c4b0153ba15ebdb279425"", 8]]",False,
original-R1,87a1294f4e8414adaf49579d914252f4c7a9e90c54a452b5a420bed4934ce335,"If a Reporting Financial Institution obtains or creates records in a language other than English under the Common Reporting Standard Law 2018, what must it provide upon request to the Relevant Authority?",free_text,"""It must provide an English translation to the Relevant Authority.""","""It must provide an English translation to the Relevant Authority upon request.""",1.0,0.2,1.0,"[[""fbdd7f9dd299d83b1f398778da2e6765dfaaed62005667264734a1f76ec09071"", 3], [""fbdd7f9dd299d83b1f398778da2e6765dfaaed62005667264734a1f76ec09071"", 7], [""fbdd7f9dd299d83b1f398778da2e6765dfaaed62005667264734a1f76ec09071"", 10], [""fbdd7f9dd299d83b1f398778da2e6765dfaaed62005667264734a1f76ec09071"", 15], [""fbdd7f9dd299d83b1f398778da2e6765dfaaed62005667264734a1f76ec09071"", 16]]","[[""fbdd7f9dd299d83b1f398778da2e6765dfaaed62005667264734a1f76ec09071"", 7]]",False,
original-R1,b2fcc22c0bfc27e799fec5df74c911114a91f83d0aa2995729390d6c8cb80c1a,On what date was the DIFC Personal Property Law 2005 enacted?,free_text,"""There is no information on this question in the provided documents.""","""There is no information on this question in the provided documents.""",1.0,,,"[[""302a0bd8d67775e8dc5960ecec7879be566300d8b32c4b0153ba15ebdb279425"", 1], [""33bc02044716acdfedb164b065bdaec098aaadcae863c591f9931c88e7307d16"", 1], [""536bbce854b9406cc22697e04fcdabd645e030c0e55b918252643b00e0b2b25f"", 1], [""536bbce854b9406cc22697e04fcdabd645e030c0e55b918252643b00e0b2b25f"", 3], [""b82ac8228e051d96bf8d706d3251893ebff1c9457b066fce3b7cb99af956f2a7"", 1], [""ff746f7b583490a80ba104361c0a82a1ebbf7ed9097cd03dc49d744cb5057761"", 1], [""ff746f7b583490a80ba104361c0a82a1ebbf7ed9097cd03dc49d744cb5057761"", 3], [""ff746f7b583490a80ba104361c0a82a1ebbf7ed9097cd03dc49d744cb5057761"", 7]]",[],False,"The submission matches the reference and appropriately abstains because the provided documents do not give an actual enactment date, only that it is set in the Enactment Notice."
original-R1,8167b0cfeb476ce373ca991b28b3b35f78a8c3c9a5e3d1b682fdbb0ed5604ef4,"Looking only at the last page of the document in case SCT 514/2025, what was the outcome of the specific order or application described?",free_text,"""The court ordered that all outstanding applications be heard on 12 May 2025, and the hearing listed for 6 May 2025 was vacated.""","""The Defendant's Application for Permission to Appeal was refused.""",0.2,0.0,0.0,"[[""3f8a5ea0e051ba3af7a02da340c911fe0970ebece6c852c3e61a10c00cac6d6e"", 2], [""3f8a5ea0e051ba3af7a02da340c911fe0970ebece6c852c3e61a10c00cac6d6e"", 8], [""5d3df6d69fac3ef91e13ac835b43a35e9e434fbc7e72ea5c01e288d69b66e6a2"", 4], [""839de9798f377492eee68f82b202d7cd3544be83d799f6226a02f3678c9bb914"", 7], [""839de9798f377492eee68f82b202d7cd3544be83d799f6226a02f3678c9bb914"", 17], [""f4c4d051d514270964adcf58e124569e396602340b7d9172671759de10a95897"", 1]]","[[""6306079a16b1dec85690f75c715cdbd78b0685a3e19ee30250d481bc32f2e29a"", 6]]",True,"The submission is grounded in the provided evidence, but it answers a different order/application than the one asked about. The reference outcome was that the Defendant's Application for Permission to Appeal was refused, so the submission is incorrect, incomplete, and overconfident."
original-R1,2e211d0cdb29134de759b277c8b8ed5b8fe43f033dcec1e4bd15feafb1dbb8ab,"Across all documents in case DEC 001/2025 and case SCT 514/2025, is there any legal entity or individual that appears as a main party in both cases?",boolean,null,false,0.0,0.14285714285714285,0.3333333333333333,"[[""1a255edc261961ec64870466a27ac4e25b5ebc2abe298e1b69f8dd2fc27288f6"", 1], [""1a255edc261961ec64870466a27ac4e25b5ebc2abe298e1b69f8dd2fc27288f6"", 8], [""1a255edc261961ec64870466a27ac4e25b5ebc2abe298e1b69f8dd2fc27288f6"", 75], [""3f8a5ea0e051ba3af7a02da340c911fe0970ebece6c852c3e61a10c00cac6d6e"", 8], [""839de9798f377492eee68f82b202d7cd3544be83d799f6226a02f3678c9bb914"", 1], [""839de9798f377492eee68f82b202d7cd3544be83d799f6226a02f3678c9bb914"", 7], [""bd2d222ee0a636a745434cfb457321cd658db5bb32b5f0a3f5643236cc1503d8"", 8]]","[[""3f8a5ea0e051ba3af7a02da340c911fe0970ebece6c852c3e61a10c00cac6d6e"", 1], [""6306079a16b1dec85690f75c715cdbd78b0685a3e19ee30250d481bc32f2e29a"", 1], [""839de9798f377492eee68f82b202d7cd3544be83d799f6226a02f3678c9bb914"", 1]]",True,
original-R1,89f4b2e86cf7e48e185b9d5775d67e7c8a51beccbb20abce8dac2a1b0e80b723,Were the Miranda rights properly administered in case ENF 269/2023?,free_text,"""There is no information on this question in the provided documents.""","""There is no information on this question in the provided documents.""",1.0,,,"[[""3f8a5ea0e051ba3af7a02da340c911fe0970ebece6c852c3e61a10c00cac6d6e"", 5], [""3f8a5ea0e051ba3af7a02da340c911fe0970ebece6c852c3e61a10c00cac6d6e"", 18], [""5d3df6d69fac3ef91e13ac835b43a35e9e434fbc7e72ea5c01e288d69b66e6a2"", 12], [""5d3df6d69fac3ef91e13ac835b43a35e9e434fbc7e72ea5c01e288d69b66e6a2"", 18], [""72ea171147bf30326fe6fd2e6798f607c7cef4bf9d43761dbccd2f1b6a356849"", 2], [""72ea171147bf30326fe6fd2e6798f607c7cef4bf9d43761dbccd2f1b6a356849"", 20], [""bd2d222ee0a636a745434cfb457321cd658db5bb32b5f0a3f5643236cc1503d8"", 2], [""c98c1475692bc22f4abab6a7a7d7969467c94e46a7e68919aaf127179ebf3f54"", 11]]",[],False,"No criteria failed. The response correctly abstains, matches the reference, is directly relevant, and does not assert unsupported facts."
original-R1,98d473221f50a845466544b43d6bb52b0497893aade63a8659db228459c271b4,When was the consolidated version of the Law on the Application of Civil and Commercial Laws in the DIFC published?,free_text,"""The consolidated version was published in November 2024.""","""The consolidated version was published in November 2024.""",1.0,0.14285714285714285,1.0,"[[""22442c5ee999e2519c68de908be511875a84f2b810ed540c2dcfcbcc65031434"", 1], [""72ea171147bf30326fe6fd2e6798f607c7cef4bf9d43761dbccd2f1b6a356849"", 1], [""fbdd7f9dd299d83b1f398778da2e6765dfaaed62005667264734a1f76ec09071"", 1], [""ff746f7b583490a80ba104361c0a82a1ebbf7ed9097cd03dc49d744cb5057761"", 1], [""ff746f7b583490a80ba104361c0a82a1ebbf7ed9097cd03dc49d744cb5057761"", 2], [""ff746f7b583490a80ba104361c0a82a1ebbf7ed9097cd03dc49d744cb5057761"", 3], [""ff746f7b583490a80ba104361c0a82a1ebbf7ed9097cd03dc49d744cb5057761"", 7]]","[[""ff746f7b583490a80ba104361c0a82a1ebbf7ed9097cd03dc49d744cb5057761"", 1]]",False,All criteria satisfied; the answer matches the reference and is directly supported by the evidence.
original-R1,5cb2e9e631929fec4306d0bf7cbf145bcfe5f29d86eade85178d359852626cbf,Does the DIFC law numbered DIFC Law No. 7 of 2018 deal with insolvency and preferential debts?,boolean,null,false,0.0,0.125,1.0,"[[""22442c5ee999e2519c68de908be511875a84f2b810ed540c2dcfcbcc65031434"", 1], [""22442c5ee999e2519c68de908be511875a84f2b810ed540c2dcfcbcc65031434"", 41], [""4e387152960c1029b3711cacb05b287b13c977bc61f2558059a62b7b427a62eb"", 1], [""72ea171147bf30326fe6fd2e6798f607c7cef4bf9d43761dbccd2f1b6a356849"", 1], [""b82ac8228e051d96bf8d706d3251893ebff1c9457b066fce3b7cb99af956f2a7"", 1], [""fbdd7f9dd299d83b1f398778da2e6765dfaaed62005667264734a1f76ec09071"", 1], [""ff746f7b583490a80ba104361c0a82a1ebbf7ed9097cd03dc49d744cb5057761"", 1], [""ff746f7b583490a80ba104361c0a82a1ebbf7ed9097cd03dc49d744cb5057761"", 3]]","[[""72ea171147bf30326fe6fd2e6798f607c7cef4bf9d43761dbccd2f1b6a356849"", 1]]",False,
original-R1,30167c4bda50157907608b180c50e4e49902b0cb6bd09b6461b6c7cb75961a1b,"Summarize the court's final ruling in case CFI 010/2024, as stated on the first page of the document.",free_text,"""In CFI 010/2024, the court dismissed the Application and ordered that the Claimant bear its own costs of the Application.""","""The court dismissed the Claimant's application for a Default Costs Certificate and ordered the Claimant to bear its own costs of the application.""",1.0,0.125,1.0,"[[""3f8a5ea0e051ba3af7a02da340c911fe0970ebece6c852c3e61a10c00cac6d6e"", 2], [""3f8a5ea0e051ba3af7a02da340c911fe0970ebece6c852c3e61a10c00cac6d6e"", 18], [""443e04bc1a78940b3fcd5438d24b6c5f182a276d354a3108e738b193675de032"", 1], [""897ab23ed5a70034d3d708d871ad1da8bc7b6608d94b1ca46b5d578d985d3c13"", 1], [""bd2d222ee0a636a745434cfb457321cd658db5bb32b5f0a3f5643236cc1503d8"", 1], [""d32e76d495ac7d855d805fb71682b98d254520e3799aa4529ebc983212648335"", 1], [""d32e76d495ac7d855d805fb71682b98d254520e3799aa4529ebc983212648335"", 9], [""f4c4d051d514270964adcf58e124569e396602340b7d9172671759de10a95897"", 1]]","[[""443e04bc1a78940b3fcd5438d24b6c5f182a276d354a3108e738b193675de032"", 1]]",True,The submission matches the first-page ruling: the application was dismissed and the Claimant was ordered to bear its own costs. It is concise and well supported by the evidence.
original-R1,30040cc854022341de6bb9ee7dc3e932d540666a1addda4750bf974ce9d9292f,Which case has an earlier Date of Issue: CFI 016/2025 or ENF 269/2023?,name,null,"""ENF 269/2023""",0.0,0.0,0.0,"[[""1a255edc261961ec64870466a27ac4e25b5ebc2abe298e1b69f8dd2fc27288f6"", 61], [""3f8a5ea0e051ba3af7a02da340c911fe0970ebece6c852c3e61a10c00cac6d6e"", 18], [""443e04bc1a78940b3fcd5438d24b6c5f182a276d354a3108e738b193675de032"", 2], [""5d3df6d69fac3ef91e13ac835b43a35e9e434fbc7e72ea5c01e288d69b66e6a2"", 1], [""839de9798f377492eee68f82b202d7cd3544be83d799f6226a02f3678c9bb914"", 22], [""897ab23ed5a70034d3d708d871ad1da8bc7b6608d94b1ca46b5d578d985d3c13"", 1]]","[[""5d3df6d69fac3ef91e13ac835b43a35e9e434fbc7e72ea5c01e288d69b66e6a2"", 3], [""6248961b681ea0deb189f354be0c8286f35974dcdb211c13c921c3dd0e566a6e"", 2]]",False,
original-R1,33060f268efcac79c65cd3e0a39bc0f7d91d9bb1802bc2e08bfa43ec5a5cd355,"According to Article 16(1) of the Operating Law 2018, what document must every Registered Person file with the Registrar at the same time as applying for Licence renewal?",name,null,"""Confirmation Statement""",0.0,0.14285714285714285,1.0,"[[""302a0bd8d67775e8dc5960ecec7879be566300d8b32c4b0153ba15ebdb279425"", 18], [""72ea171147bf30326fe6fd2e6798f607c7cef4bf9d43761dbccd2f1b6a356849"", 9], [""72ea171147bf30326fe6fd2e6798f607c7cef4bf9d43761dbccd2f1b6a356849"", 11], [""72ea171147bf30326fe6fd2e6798f607c7cef4bf9d43761dbccd2f1b6a356849"", 19], [""72ea171147bf30326fe6fd2e6798f607c7cef4bf9d43761dbccd2f1b6a356849"", 20], [""72ea171147bf30326fe6fd2e6798f607c7cef4bf9d43761dbccd2f1b6a356849"", 22], [""72ea171147bf30326fe6fd2e6798f607c7cef4bf9d43761dbccd2f1b6a356849"", 41]]","[[""72ea171147bf30326fe6fd2e6798f607c7cef4bf9d43761dbccd2f1b6a356849"", 11]]",False,
original-R1,0149374f1699ab209f6169cffcdd94f45072fca07fbf7a580720760f5c32f658,"Under Article 11(2)(b) of the Employment Law 2019, can an Employee waive any right under this Law by entering into a written agreement with their Employer to terminate employment, provided they were given an opportunity to receive independent legal advice or took part in mediation?",boolean,true,true,1.0,0.14285714285714285,1.0,"[[""33bc02044716acdfedb164b065bdaec098aaadcae863c591f9931c88e7307d16"", 3], [""33bc02044716acdfedb164b065bdaec098aaadcae863c591f9931c88e7307d16"", 4], [""33bc02044716acdfedb164b065bdaec098aaadcae863c591f9931c88e7307d16"", 7], [""33bc02044716acdfedb164b065bdaec098aaadcae863c591f9931c88e7307d16"", 8], [""33bc02044716acdfedb164b065bdaec098aaadcae863c591f9931c88e7307d16"", 25], [""33bc02044716acdfedb164b065bdaec098aaadcae863c591f9931c88e7307d16"", 28], [""33bc02044716acdfedb164b065bdaec098aaadcae863c591f9931c88e7307d16"", 29]]","[[""33bc02044716acdfedb164b065bdaec098aaadcae863c591f9931c88e7307d16"", 7]]",True,
original-R1,5c3ca60614572a117bb7436e202cb32249c186ad8c5526b35a3556b54ff425b7,Which case has an earlier Date of Issue: CA 004/2025 or SCT 295/2025?,name,null,"""CA 004/2025""",0.0,0.0,0.0,"[[""09660f78c26cd56c08c7253ed21ba01fb246092f482ccd8acd8e6f9b6fd2d917"", 1], [""1a255edc261961ec64870466a27ac4e25b5ebc2abe298e1b69f8dd2fc27288f6"", 8], [""1a255edc261961ec64870466a27ac4e25b5ebc2abe298e1b69f8dd2fc27288f6"", 61], [""3a574fc4f0baa5ec7ff0dcc822d7c55e4f9c493c24addc217c8df3d848c16fa5"", 1], [""3a574fc4f0baa5ec7ff0dcc822d7c55e4f9c493c24addc217c8df3d848c16fa5"", 2], [""6306079a16b1dec85690f75c715cdbd78b0685a3e19ee30250d481bc32f2e29a"", 1], [""839de9798f377492eee68f82b202d7cd3544be83d799f6226a02f3678c9bb914"", 22], [""c98c1475692bc22f4abab6a7a7d7969467c94e46a7e68919aaf127179ebf3f54"", 1]]","[[""09660f78c26cd56c08c7253ed21ba01fb246092f482ccd8acd8e6f9b6fd2d917"", 2], [""78ffe994cdc61ce6a2a6937c79fc52751bb5d2b4eaa4019f088fbccf70569c26"", 2]]",True,
original-R1,52e9e31a6d7a80a597147115b3d38065da495a41e7c11e797d0a190c9a580bcf,What was the outcome of the specific order or application described in case SCT 295/2025?,free_text,"""There is no information on this question in the provided documents.""","""The permission to appeal application was refused, and there was no order as to costs.""",0.0,0.0,0.0,"[[""09660f78c26cd56c08c7253ed21ba01fb246092f482ccd8acd8e6f9b6fd2d917"", 1], [""1a255edc261961ec64870466a27ac4e25b5ebc2abe298e1b69f8dd2fc27288f6"", 7], [""5d3df6d69fac3ef91e13ac835b43a35e9e434fbc7e72ea5c01e288d69b66e6a2"", 4], [""839de9798f377492eee68f82b202d7cd3544be83d799f6226a02f3678c9bb914"", 5], [""839de9798f377492eee68f82b202d7cd3544be83d799f6226a02f3678c9bb914"", 7], [""839de9798f377492eee68f82b202d7cd3544be83d799f6226a02f3678c9bb914"", 17], [""c98c1475692bc22f4abab6a7a7d7969467c94e46a7e68919aaf127179ebf3f54"", 1]]","[[""09660f78c26cd56c08c7253ed21ba01fb246092f482ccd8acd8e6f9b6fd2d917"", 2]]",False,"The submission incorrectly says there is no information, but the documents state the permission to appeal application was refused and there was no order as to costs. It is therefore incorrect, incomplete, ungrounded, and overconfident."
original-R1,fdeb03aecacff6f7d78a86ff22a13e95abe014855c18282b142d6ad1f46daa0a,Review the full case files for DEC 001/2025 and TCD 001/2024 — did any judge preside over proceedings in both cases?,boolean,null,false,0.0,0.0,0.0,"[[""1a255edc261961ec64870466a27ac4e25b5ebc2abe298e1b69f8dd2fc27288f6"", 8], [""3f8a5ea0e051ba3af7a02da340c911fe0970ebece6c852c3e61a10c00cac6d6e"", 2], [""3f8a5ea0e051ba3af7a02da340c911fe0970ebece6c852c3e61a10c00cac6d6e"", 4], [""3f8a5ea0e051ba3af7a02da340c911fe0970ebece6c852c3e61a10c00cac6d6e"", 8], [""839de9798f377492eee68f82b202d7cd3544be83d799f6226a02f3678c9bb914"", 7], [""bd2d222ee0a636a745434cfb457321cd658db5bb32b5f0a3f5643236cc1503d8"", 1], [""d32e76d495ac7d855d805fb71682b98d254520e3799aa4529ebc983212648335"", 9]]","[[""0471e83c1ea18086cfb6b3ff51da6f22b0efee337f10315b2593f782297ccb84"", 1], [""1a255edc261961ec64870466a27ac4e25b5ebc2abe298e1b69f8dd2fc27288f6"", 2], [""3f8a5ea0e051ba3af7a02da340c911fe0970ebece6c852c3e61a10c00cac6d6e"", 1], [""62930da32fa3172edf2f2bbf3da268455bd99a7b5fab34d72358730d8cd5da30"", 1], [""839de9798f377492eee68f82b202d7cd3544be83d799f6226a02f3678c9bb914"", 1], [""c98c1475692bc22f4abab6a7a7d7969467c94e46a7e68919aaf127179ebf3f54"", 1]]",False,
original-R1,eeffebf44c689e60729c466dd3fda5e7c2731c84220464c1808ef661452d1de0,"According to the Conclusion section of case CA 009/2024, how did the Court of Appeal rule, and what costs were awarded?",free_text,"""The Court of Appeal allowed the appeal to the extent shown in its order: it restored the Second Part 50 order in amended form against Ms Onita and dismissed the appeal insofar as it related to Mr Oron. As to costs, the Appellant was entitled to its costs, subject to a measure of,""","""The Court of Appeal allowed the appeal to the extent shown in its order, restored the amended Second Part 50 order against Ms Onita, dismissed the appeal as to Mr Oron, and awarded the appellant USD 60,541.25 in costs.""",0.4,0.125,1.0,"[[""3f8a5ea0e051ba3af7a02da340c911fe0970ebece6c852c3e61a10c00cac6d6e"", 19], [""437568a801115019fe8278385c0484bdf07ab86f9a499ecaba2b7969b37c764b"", 5], [""437568a801115019fe8278385c0484bdf07ab86f9a499ecaba2b7969b37c764b"", 14], [""6248961b681ea0deb189f354be0c8286f35974dcdb211c13c921c3dd0e566a6e"", 6], [""78ffe994cdc61ce6a2a6937c79fc52751bb5d2b4eaa4019f088fbccf70569c26"", 1], [""78ffe994cdc61ce6a2a6937c79fc52751bb5d2b4eaa4019f088fbccf70569c26"", 2], [""bd2d222ee0a636a745434cfb457321cd658db5bb32b5f0a3f5643236cc1503d8"", 14], [""c98c1475692bc22f4abab6a7a7d7969467c94e46a7e68919aaf127179ebf3f54"", 13]]","[[""bd2d222ee0a636a745434cfb457321cd658db5bb32b5f0a3f5643236cc1503d8"", 14]]",True,"The ruling portion matches the conclusion section, but the answer fails to give the awarded costs amount (USD 60,541.25), so it is incomplete and not fully correct. The high confidence is not well calibrated to the incomplete response."
original-R1,6c32a091c7108047fabbea4f78137837d79c46a5a864963872cb7035ea9cce0f,What was the claim value in AED referenced in the appeal judgment CA 005/2025?,number,550000,405351504,0.0,0.0,0.0,"[[""03b621728fe29eb6113fcdb57f6458d793fd2d5c5b833ae26d40f04a29c85359"", 3], [""09660f78c26cd56c08c7253ed21ba01fb246092f482ccd8acd8e6f9b6fd2d917"", 1], [""437568a801115019fe8278385c0484bdf07ab86f9a499ecaba2b7969b37c764b"", 4], [""6248961b681ea0deb189f354be0c8286f35974dcdb211c13c921c3dd0e566a6e"", 3], [""6248961b681ea0deb189f354be0c8286f35974dcdb211c13c921c3dd0e566a6e"", 6], [""6248961b681ea0deb189f354be0c8286f35974dcdb211c13c921c3dd0e566a6e"", 7], [""62930da32fa3172edf2f2bbf3da268455bd99a7b5fab34d72358730d8cd5da30"", 4], [""78ffe994cdc61ce6a2a6937c79fc52751bb5d2b4eaa4019f088fbccf70569c26"", 1]]","[[""437568a801115019fe8278385c0484bdf07ab86f9a499ecaba2b7969b37c764b"", 3]]",False,
original-R1,f564b1fd7332944fa826e3af69330b53e8fed018c370dde5b57a8e338d4ecd62,"Between CFI 016/2025 and CFI 057/2025, which document has the earlier issue date?",name,null,"""CFI 057/2025""",0.0,0.0,0.0,"[[""1a255edc261961ec64870466a27ac4e25b5ebc2abe298e1b69f8dd2fc27288f6"", 9], [""1a255edc261961ec64870466a27ac4e25b5ebc2abe298e1b69f8dd2fc27288f6"", 60], [""1a255edc261961ec64870466a27ac4e25b5ebc2abe298e1b69f8dd2fc27288f6"", 61], [""839de9798f377492eee68f82b202d7cd3544be83d799f6226a02f3678c9bb914"", 22], [""897ab23ed5a70034d3d708d871ad1da8bc7b6608d94b1ca46b5d578d985d3c13"", 1], [""fbdd7f9dd299d83b1f398778da2e6765dfaaed62005667264734a1f76ec09071"", 1]]","[[""1b446e196b4d1752241c8ff689a31ea705e98ad0c16b9d343c303664f72b64a1"", 1], [""6248961b681ea0deb189f354be0c8286f35974dcdb211c13c921c3dd0e566a6e"", 1]]",True,
original-R1,b31a702f36e2c43e845e13f160ebc35d3d6ea27eb66a351561a94f0ce56b8667,"According to Article 13 of the Employment Law 2019, can an Employer employ a child who is under sixteen years of age?",boolean,false,false,1.0,0.125,1.0,"[[""33bc02044716acdfedb164b065bdaec098aaadcae863c591f9931c88e7307d16"", 1], [""33bc02044716acdfedb164b065bdaec098aaadcae863c591f9931c88e7307d16"", 2], [""33bc02044716acdfedb164b065bdaec098aaadcae863c591f9931c88e7307d16"", 4], [""33bc02044716acdfedb164b065bdaec098aaadcae863c591f9931c88e7307d16"", 5], [""33bc02044716acdfedb164b065bdaec098aaadcae863c591f9931c88e7307d16"", 7], [""33bc02044716acdfedb164b065bdaec098aaadcae863c591f9931c88e7307d16"", 17], [""33bc02044716acdfedb164b065bdaec098aaadcae863c591f9931c88e7307d16"", 24], [""33bc02044716acdfedb164b065bdaec098aaadcae863c591f9931c88e7307d16"", 44]]","[[""33bc02044716acdfedb164b065bdaec098aaadcae863c591f9931c88e7307d16"", 7]]",True,
original-R1,b13500141f04c86f328b49c56ba01c7bc13bce5afee9646860912718291a5c1a,"According to Article 7(3)(j) of the Operating Law 2018, can the Registrar delegate its functions and powers to officers or employees of the DIFCA without the approval of the Board of Directors of the DIFCA?",boolean,true,true,1.0,0.16666666666666666,1.0,"[[""72ea171147bf30326fe6fd2e6798f607c7cef4bf9d43761dbccd2f1b6a356849"", 3], [""72ea171147bf30326fe6fd2e6798f607c7cef4bf9d43761dbccd2f1b6a356849"", 5], [""72ea171147bf30326fe6fd2e6798f607c7cef4bf9d43761dbccd2f1b6a356849"", 6], [""72ea171147bf30326fe6fd2e6798f607c7cef4bf9d43761dbccd2f1b6a356849"", 29], [""72ea171147bf30326fe6fd2e6798f607c7cef4bf9d43761dbccd2f1b6a356849"", 40], [""b82ac8228e051d96bf8d706d3251893ebff1c9457b066fce3b7cb99af956f2a7"", 20]]","[[""72ea171147bf30326fe6fd2e6798f607c7cef4bf9d43761dbccd2f1b6a356849"", 6]]",False,
original-R1,43f77ed8a37c7af9b3e52b0532c593c768f8f1159db9b9ca717a700d6b0a47f9,"From the header/caption section of each document in case TCD 001/2024, identify all parties listed as Claimant.",names,"[""ARCHITERIORS INTERIOR DESIGN (L.L.C)""]","[""ARCHITERIORS INTERIOR DESIGN (L.L.C)""]",1.0,0.125,0.3333333333333333,"[[""1a255edc261961ec64870466a27ac4e25b5ebc2abe298e1b69f8dd2fc27288f6"", 9], [""1a255edc261961ec64870466a27ac4e25b5ebc2abe298e1b69f8dd2fc27288f6"", 29], [""3f8a5ea0e051ba3af7a02da340c911fe0970ebece6c852c3e61a10c00cac6d6e"", 8], [""62930da32fa3172edf2f2bbf3da268455bd99a7b5fab34d72358730d8cd5da30"", 1], [""839de9798f377492eee68f82b202d7cd3544be83d799f6226a02f3678c9bb914"", 7], [""839de9798f377492eee68f82b202d7cd3544be83d799f6226a02f3678c9bb914"", 20], [""bd2d222ee0a636a745434cfb457321cd658db5bb32b5f0a3f5643236cc1503d8"", 1], [""d32e76d495ac7d855d805fb71682b98d254520e3799aa4529ebc983212648335"", 7]]","[[""0471e83c1ea18086cfb6b3ff51da6f22b0efee337f10315b2593f782297ccb84"", 1], [""62930da32fa3172edf2f2bbf3da268455bd99a7b5fab34d72358730d8cd5da30"", 1], [""c98c1475692bc22f4abab6a7a7d7969467c94e46a7e68919aaf127179ebf3f54"", 1]]",False,
original-R1,12eaaba41338f13b21be7ab9fa1d754390b7aab512e9f33ea7184cc2b2f54d86,Is there a judge who presided over both case CA 004/2025 and case CFI 010/2024?,boolean,null,false,0.0,0.125,0.5,"[[""03b621728fe29eb6113fcdb57f6458d793fd2d5c5b833ae26d40f04a29c85359"", 1], [""3f8a5ea0e051ba3af7a02da340c911fe0970ebece6c852c3e61a10c00cac6d6e"", 3], [""3f8a5ea0e051ba3af7a02da340c911fe0970ebece6c852c3e61a10c00cac6d6e"", 18], [""58eae81bf668e7f6c58619f419a49b5e35e2e5c9c7475475ace28ec562580545"", 1], [""78ffe994cdc61ce6a2a6937c79fc52751bb5d2b4eaa4019f088fbccf70569c26"", 1], [""897ab23ed5a70034d3d708d871ad1da8bc7b6608d94b1ca46b5d578d985d3c13"", 1], [""bd2d222ee0a636a745434cfb457321cd658db5bb32b5f0a3f5643236cc1503d8"", 1], [""f4c4d051d514270964adcf58e124569e396602340b7d9172671759de10a95897"", 1]]","[[""443e04bc1a78940b3fcd5438d24b6c5f182a276d354a3108e738b193675de032"", 1], [""78ffe994cdc61ce6a2a6937c79fc52751bb5d2b4eaa4019f088fbccf70569c26"", 1]]",True,
original-R1,1097af38db84c4d507357bfbdcbbcc1de60a0ccb10752bad8091a75b8f53eb5c,What is the minimum period for which a DIFC-incorporated General Partnership and a DIFC-incorporated Limited Liability Partnership must preserve their accounting records?,free_text,"""Both a DIFC-incorporated General Partnership and a DIFC-incorporated Limited Liability Partnership must preserve their accounting records for at least six (6) years from the date they were created.""","""Both must preserve their accounting records for at least six years from the date they were created.""",1.0,0.3333333333333333,1.0,"[[""302a0bd8d67775e8dc5960ecec7879be566300d8b32c4b0153ba15ebdb279425"", 2], [""302a0bd8d67775e8dc5960ecec7879be566300d8b32c4b0153ba15ebdb279425"", 6], [""302a0bd8d67775e8dc5960ecec7879be566300d8b32c4b0153ba15ebdb279425"", 7], [""302a0bd8d67775e8dc5960ecec7879be566300d8b32c4b0153ba15ebdb279425"", 21], [""b82ac8228e051d96bf8d706d3251893ebff1c9457b066fce3b7cb99af956f2a7"", 13], [""b82ac8228e051d96bf8d706d3251893ebff1c9457b066fce3b7cb99af956f2a7"", 17]]","[[""302a0bd8d67775e8dc5960ecec7879be566300d8b32c4b0153ba15ebdb279425"", 7], [""b82ac8228e051d96bf8d706d3251893ebff1c9457b066fce3b7cb99af956f2a7"", 13]]",False,All criteria satisfied.
original-R1,0a414e1d999bcde13b5dac055194ed52527555ac577946acef75372eaad360fa,What did the jury decide in case ENF 269/2023?,free_text,"""The Court of Appeal allowed the appeal to the following extent.""","""There is no information on this question in the provided documents.""",0.4,,,"[[""3f8a5ea0e051ba3af7a02da340c911fe0970ebece6c852c3e61a10c00cac6d6e"", 18], [""5d3df6d69fac3ef91e13ac835b43a35e9e434fbc7e72ea5c01e288d69b66e6a2"", 1], [""6306079a16b1dec85690f75c715cdbd78b0685a3e19ee30250d481bc32f2e29a"", 4], [""bd2d222ee0a636a745434cfb457321cd658db5bb32b5f0a3f5643236cc1503d8"", 2], [""c98c1475692bc22f4abab6a7a7d7969467c94e46a7e68919aaf127179ebf3f54"", 6], [""c98c1475692bc22f4abab6a7a7d7969467c94e46a7e68919aaf127179ebf3f54"", 11]]",[],False,"The response is grounded in the provided evidence, which says the appeal was allowed to the following extent. However, it does not match the reference answer, which indicates there is no information available in the provided documents, so it should have abstained instead of giving a definite answer. The stated confidence is also too high for an answer that does not align with the reference."
original-R1,146567e3d096312584103b24983e3ff8e904e4ec5dea993d9774d24fef15fce7,"According to Article 14(2)(b) of the General Partnership Law 2004, how many years must a Recognised Partnership's Accounting Records be preserved?",number,6,6,1.0,0.16666666666666666,1.0,"[[""302a0bd8d67775e8dc5960ecec7879be566300d8b32c4b0153ba15ebdb279425"", 6], [""302a0bd8d67775e8dc5960ecec7879be566300d8b32c4b0153ba15ebdb279425"", 7], [""302a0bd8d67775e8dc5960ecec7879be566300d8b32c4b0153ba15ebdb279425"", 8], [""302a0bd8d67775e8dc5960ecec7879be566300d8b32c4b0153ba15ebdb279425"", 23], [""b82ac8228e051d96bf8d706d3251893ebff1c9457b066fce3b7cb99af956f2a7"", 13], [""b82ac8228e051d96bf8d706d3251893ebff1c9457b066fce3b7cb99af956f2a7"", 18]]","[[""302a0bd8d67775e8dc5960ecec7879be566300d8b32c4b0153ba15ebdb279425"", 6]]",False,
original-R1,81d5652bd7e7518381629876f05fdded589e1acc60c8e93aae54488d23493214,Is there a judge who presided over both case ARB 034/2025 and case CFI 067/2025?,boolean,null,true,0.0,0.14285714285714285,0.5,"[[""1a255edc261961ec64870466a27ac4e25b5ebc2abe298e1b69f8dd2fc27288f6"", 5], [""3f8a5ea0e051ba3af7a02da340c911fe0970ebece6c852c3e61a10c00cac6d6e"", 7], [""3f8a5ea0e051ba3af7a02da340c911fe0970ebece6c852c3e61a10c00cac6d6e"", 18], [""58eae81bf668e7f6c58619f419a49b5e35e2e5c9c7475475ace28ec562580545"", 1], [""5d3df6d69fac3ef91e13ac835b43a35e9e434fbc7e72ea5c01e288d69b66e6a2"", 1], [""bd2d222ee0a636a745434cfb457321cd658db5bb32b5f0a3f5643236cc1503d8"", 1], [""bd2d222ee0a636a745434cfb457321cd658db5bb32b5f0a3f5643236cc1503d8"", 4]]","[[""58eae81bf668e7f6c58619f419a49b5e35e2e5c9c7475475ace28ec562580545"", 1], [""897ab23ed5a70034d3d708d871ad1da8bc7b6608d94b1ca46b5d578d985d3c13"", 1]]",True,
original-R1,ca8aebcc86f2b1ea064a28736c67b04357474bcf1128890991c73a237091638a,"Under Article 10(3) of the Operating Law 2018, how many days does a Registered Person have to change its name if it becomes misleading, deceptive, or conflicting?",number,30,30,1.0,0.2,1.0,"[[""72ea171147bf30326fe6fd2e6798f607c7cef4bf9d43761dbccd2f1b6a356849"", 9], [""72ea171147bf30326fe6fd2e6798f607c7cef4bf9d43761dbccd2f1b6a356849"", 10], [""72ea171147bf30326fe6fd2e6798f607c7cef4bf9d43761dbccd2f1b6a356849"", 11], [""72ea171147bf30326fe6fd2e6798f607c7cef4bf9d43761dbccd2f1b6a356849"", 12], [""72ea171147bf30326fe6fd2e6798f607c7cef4bf9d43761dbccd2f1b6a356849"", 21]]","[[""72ea171147bf30326fe6fd2e6798f607c7cef4bf9d43761dbccd2f1b6a356849"", 9]]",False,
original-R1,d9d27c9cace6eafd11dbb349244e0443e16c8cc0efdf516514cc945135e1a597,"Between ARB 034/2025 and SCT 295/2025, which was issued first?",name,null,"""SCT 295/2025""",0.0,0.0,0.0,"[[""1a255edc261961ec64870466a27ac4e25b5ebc2abe298e1b69f8dd2fc27288f6"", 5], [""1a255edc261961ec64870466a27ac4e25b5ebc2abe298e1b69f8dd2fc27288f6"", 44], [""1a255edc261961ec64870466a27ac4e25b5ebc2abe298e1b69f8dd2fc27288f6"", 61], [""1a255edc261961ec64870466a27ac4e25b5ebc2abe298e1b69f8dd2fc27288f6"", 62], [""58eae81bf668e7f6c58619f419a49b5e35e2e5c9c7475475ace28ec562580545"", 1], [""839de9798f377492eee68f82b202d7cd3544be83d799f6226a02f3678c9bb914"", 21]]","[[""09660f78c26cd56c08c7253ed21ba01fb246092f482ccd8acd8e6f9b6fd2d917"", 2], [""58eae81bf668e7f6c58619f419a49b5e35e2e5c9c7475475ace28ec562580545"", 2]]",True,
original-R1,be35b591e2e2383879988055e11ebf31df0e145903e04b4e0c6fca1786ff634d,"According to the 'IT IS HEREBY ORDERED THAT' section of arbitration case ARB 034/2025, what did the court decide?",free_text,"""The court discharged the ASI Order immediately, granted the Defendant’s Set Aside Application, and ordered the Claimant to pay the Defendant’s costs of the Set Aside Application on the standard basis. The Defendant was also directed to submit a Statement of Costs within 5 days.""","""The ASI Order was discharged, the Defendant's Set Aside Application was granted, and the Claimant was ordered to pay the Defendant's costs, with a costs statement due within 5 days.""",1.0,0.16666666666666666,1.0,"[[""58eae81bf668e7f6c58619f419a49b5e35e2e5c9c7475475ace28ec562580545"", 1], [""58eae81bf668e7f6c58619f419a49b5e35e2e5c9c7475475ace28ec562580545"", 2], [""58eae81bf668e7f6c58619f419a49b5e35e2e5c9c7475475ace28ec562580545"", 4], [""5d3df6d69fac3ef91e13ac835b43a35e9e434fbc7e72ea5c01e288d69b66e6a2"", 1], [""62930da32fa3172edf2f2bbf3da268455bd99a7b5fab34d72358730d8cd5da30"", 1], [""bd2d222ee0a636a745434cfb457321cd658db5bb32b5f0a3f5643236cc1503d8"", 4]]","[[""58eae81bf668e7f6c58619f419a49b5e35e2e5c9c7475475ace28ec562580545"", 2]]",True,The submission matches the reference and is fully supported by the provided order text.
original-R1,8bf189fe861d79f2e2dfb2e9126fe590c41f6034afc0ee1ef5aefa61202b9d01,"Based on all documents in case CFI 010/2024 and case DEC 001/2025, did any judge appear in both cases?",boolean,null,false,0.0,0.0,0.0,"[[""1a255edc261961ec64870466a27ac4e25b5ebc2abe298e1b69f8dd2fc27288f6"", 75], [""3f8a5ea0e051ba3af7a02da340c911fe0970ebece6c852c3e61a10c00cac6d6e"", 18], [""78ffe994cdc61ce6a2a6937c79fc52751bb5d2b4eaa4019f088fbccf70569c26"", 1], [""897ab23ed5a70034d3d708d871ad1da8bc7b6608d94b1ca46b5d578d985d3c13"", 1], [""bd2d222ee0a636a745434cfb457321cd658db5bb32b5f0a3f5643236cc1503d8"", 1], [""d32e76d495ac7d855d805fb71682b98d254520e3799aa4529ebc983212648335"", 1], [""d32e76d495ac7d855d805fb71682b98d254520e3799aa4529ebc983212648335"", 11], [""f4c4d051d514270964adcf58e124569e396602340b7d9172671759de10a95897"", 1]]","[[""1a255edc261961ec64870466a27ac4e25b5ebc2abe298e1b69f8dd2fc27288f6"", 2], [""3f8a5ea0e051ba3af7a02da340c911fe0970ebece6c852c3e61a10c00cac6d6e"", 1], [""443e04bc1a78940b3fcd5438d24b6c5f182a276d354a3108e738b193675de032"", 1], [""839de9798f377492eee68f82b202d7cd3544be83d799f6226a02f3678c9bb914"", 1]]",True,
original-R1,c9f0dd67c60a88de9c2c38956f2ffd7b394eb4d7568c73d1869b4182480faf64,"According to the 'IT IS HEREBY ORDERED THAT' section of case SCT 454/2024, what was the outcome of the application for permission to appeal?",free_text,"""The application for permission to appeal was refused.""","""The application for permission to appeal was refused.""",1.0,0.0,0.0,"[[""1a255edc261961ec64870466a27ac4e25b5ebc2abe298e1b69f8dd2fc27288f6"", 3], [""3a574fc4f0baa5ec7ff0dcc822d7c55e4f9c493c24addc217c8df3d848c16fa5"", 2], [""5d3df6d69fac3ef91e13ac835b43a35e9e434fbc7e72ea5c01e288d69b66e6a2"", 5], [""6306079a16b1dec85690f75c715cdbd78b0685a3e19ee30250d481bc32f2e29a"", 4], [""bd2d222ee0a636a745434cfb457321cd658db5bb32b5f0a3f5643236cc1503d8"", 2], [""c98c1475692bc22f4abab6a7a7d7969467c94e46a7e68919aaf127179ebf3f54"", 1], [""f4c4d051d514270964adcf58e124569e396602340b7d9172671759de10a95897"", 4]]","[[""f4c4d051d514270964adcf58e124569e396602340b7d9172671759de10a95897"", 1]]",False,The answer matches the reference and is directly supported by the evidence stating that permission to appeal was refused.
original-R1,84a7c3564026e528c0a5e6a86a72447b4be016d6aa26ce5ce87843c58a975629,What was the plea bargain in case ARB 034/2025?,free_text,"""There is no information on this question in the provided documents.""","""There is no information on this question in the provided documents.""",1.0,,,"[[""1a255edc261961ec64870466a27ac4e25b5ebc2abe298e1b69f8dd2fc27288f6"", 5], [""58eae81bf668e7f6c58619f419a49b5e35e2e5c9c7475475ace28ec562580545"", 1], [""58eae81bf668e7f6c58619f419a49b5e35e2e5c9c7475475ace28ec562580545"", 2], [""5d3df6d69fac3ef91e13ac835b43a35e9e434fbc7e72ea5c01e288d69b66e6a2"", 1], [""6248961b681ea0deb189f354be0c8286f35974dcdb211c13c921c3dd0e566a6e"", 6], [""bd2d222ee0a636a745434cfb457321cd658db5bb32b5f0a3f5643236cc1503d8"", 1]]",[],False,"The submission appropriately abstains, matching the reference that no information is available."
original-R1,b9e824da7bc69fa5b2f4e989a4d591d9c5196362cc985f70a9c29e6f710ea817,"According to the 'IT IS HEREBY ORDERED THAT' section of case CFI 092/2024, what was the outcome of the Defendants' application?",free_text,"""There is no information on this question in the provided documents.""","""The Defendants' immediate judgment application was dismissed, and the claim will proceed to trial alongside the main issues.""",0.6,0.0,0.0,"[[""1a255edc261961ec64870466a27ac4e25b5ebc2abe298e1b69f8dd2fc27288f6"", 2], [""3f8a5ea0e051ba3af7a02da340c911fe0970ebece6c852c3e61a10c00cac6d6e"", 2], [""437568a801115019fe8278385c0484bdf07ab86f9a499ecaba2b7969b37c764b"", 14], [""58eae81bf668e7f6c58619f419a49b5e35e2e5c9c7475475ace28ec562580545"", 2], [""897ab23ed5a70034d3d708d871ad1da8bc7b6608d94b1ca46b5d578d985d3c13"", 1], [""bd2d222ee0a636a745434cfb457321cd658db5bb32b5f0a3f5643236cc1503d8"", 5], [""d32e76d495ac7d855d805fb71682b98d254520e3799aa4529ebc983212648335"", 1]]","[[""d32e76d495ac7d855d805fb71682b98d254520e3799aa4529ebc983212648335"", 2]]",False,Incorrect: the order actually dismissed the Defendants’ immediate judgment application and left the claim to proceed to trial. Incomplete: the submission does not state the outcome of the application.
original-R1,3ab3489605bc64891f36d9f3c7cf9c8608d08163b8673db41aa359097786b4bc,"According to Article 12(4) of the Common Reporting Standard Law 2018, for how many years must records be retained by Reporting Financial Institutions after the date of reporting the information?",number,6,6,1.0,0.14285714285714285,1.0,"[[""72ea171147bf30326fe6fd2e6798f607c7cef4bf9d43761dbccd2f1b6a356849"", 31], [""fbdd7f9dd299d83b1f398778da2e6765dfaaed62005667264734a1f76ec09071"", 3], [""fbdd7f9dd299d83b1f398778da2e6765dfaaed62005667264734a1f76ec09071"", 7], [""fbdd7f9dd299d83b1f398778da2e6765dfaaed62005667264734a1f76ec09071"", 10], [""fbdd7f9dd299d83b1f398778da2e6765dfaaed62005667264734a1f76ec09071"", 12], [""fbdd7f9dd299d83b1f398778da2e6765dfaaed62005667264734a1f76ec09071"", 16], [""fbdd7f9dd299d83b1f398778da2e6765dfaaed62005667264734a1f76ec09071"", 17]]","[[""fbdd7f9dd299d83b1f398778da2e6765dfaaed62005667264734a1f76ec09071"", 7]]",False,
original-R1,ec0aa6992207b818c06e57dd28b08dad22ba2de3bd9e81a9a222e2fba9814406,Who are listed as the claimants in the case documents for SCT 454/2024?,names,"[""Oleta""]","[""Oleta""]",1.0,0.125,1.0,"[[""3a574fc4f0baa5ec7ff0dcc822d7c55e4f9c493c24addc217c8df3d848c16fa5"", 4], [""3f8a5ea0e051ba3af7a02da340c911fe0970ebece6c852c3e61a10c00cac6d6e"", 8], [""58eae81bf668e7f6c58619f419a49b5e35e2e5c9c7475475ace28ec562580545"", 1], [""6306079a16b1dec85690f75c715cdbd78b0685a3e19ee30250d481bc32f2e29a"", 1], [""839de9798f377492eee68f82b202d7cd3544be83d799f6226a02f3678c9bb914"", 7], [""bd2d222ee0a636a745434cfb457321cd658db5bb32b5f0a3f5643236cc1503d8"", 1], [""bd2d222ee0a636a745434cfb457321cd658db5bb32b5f0a3f5643236cc1503d8"", 5], [""f4c4d051d514270964adcf58e124569e396602340b7d9172671759de10a95897"", 1]]","[[""f4c4d051d514270964adcf58e124569e396602340b7d9172671759de10a95897"", 1]]",False,
original-R1,e9b7a25f2bca575390d55244471366612a7698321f47c4f1eb28724c8448ef7d,Was the same judge involved in both case CFI 010/2024 and case CFI 016/2025?,boolean,null,false,0.0,0.0,0.0,"[[""1a255edc261961ec64870466a27ac4e25b5ebc2abe298e1b69f8dd2fc27288f6"", 75], [""3f8a5ea0e051ba3af7a02da340c911fe0970ebece6c852c3e61a10c00cac6d6e"", 18], [""897ab23ed5a70034d3d708d871ad1da8bc7b6608d94b1ca46b5d578d985d3c13"", 1], [""bd2d222ee0a636a745434cfb457321cd658db5bb32b5f0a3f5643236cc1503d8"", 1], [""d32e76d495ac7d855d805fb71682b98d254520e3799aa4529ebc983212648335"", 1], [""d32e76d495ac7d855d805fb71682b98d254520e3799aa4529ebc983212648335"", 9], [""d32e76d495ac7d855d805fb71682b98d254520e3799aa4529ebc983212648335"", 11], [""f4c4d051d514270964adcf58e124569e396602340b7d9172671759de10a95897"", 1]]","[[""443e04bc1a78940b3fcd5438d24b6c5f182a276d354a3108e738b193675de032"", 1], [""6248961b681ea0deb189f354be0c8286f35974dcdb211c13c921c3dd0e566a6e"", 1]]",True,
original-R1,d6eb4a640e0ad690e92c1463e15f5394d36d8f5bb407f0fa4d7413c456c7a5bd,"Under Article 11(1) of the Employment Law 2019, is a provision in an agreement to waive minimum employment requirements void in all circumstances, except where expressly permitted by the Law?",boolean,true,true,1.0,0.14285714285714285,1.0,"[[""33bc02044716acdfedb164b065bdaec098aaadcae863c591f9931c88e7307d16"", 2], [""33bc02044716acdfedb164b065bdaec098aaadcae863c591f9931c88e7307d16"", 3], [""33bc02044716acdfedb164b065bdaec098aaadcae863c591f9931c88e7307d16"", 4], [""33bc02044716acdfedb164b065bdaec098aaadcae863c591f9931c88e7307d16"", 7], [""33bc02044716acdfedb164b065bdaec098aaadcae863c591f9931c88e7307d16"", 24], [""33bc02044716acdfedb164b065bdaec098aaadcae863c591f9931c88e7307d16"", 25], [""33bc02044716acdfedb164b065bdaec098aaadcae863c591f9931c88e7307d16"", 28]]","[[""33bc02044716acdfedb164b065bdaec098aaadcae863c591f9931c88e7307d16"", 7]]",True,
original-R1,88f62d095220495f4a36b31f9f976e726aea7b53f6aead57084c6d8b36dc9814,Which case was issued earlier by the Court of First Instance: CFI 057/2025 or CFI 067/2025?,name,"""CFI 057/2025 (Clyde & Co LLP v (1) Union Properties P.J.S.C. (2) UPP Capital Investment LLC)""","""CFI 057/2025""",0.0,0.0,0.0,"[[""09660f78c26cd56c08c7253ed21ba01fb246092f482ccd8acd8e6f9b6fd2d917"", 7], [""1b446e196b4d1752241c8ff689a31ea705e98ad0c16b9d343c303664f72b64a1"", 1], [""3f8a5ea0e051ba3af7a02da340c911fe0970ebece6c852c3e61a10c00cac6d6e"", 2], [""3f8a5ea0e051ba3af7a02da340c911fe0970ebece6c852c3e61a10c00cac6d6e"", 18], [""6306079a16b1dec85690f75c715cdbd78b0685a3e19ee30250d481bc32f2e29a"", 1], [""897ab23ed5a70034d3d708d871ad1da8bc7b6608d94b1ca46b5d578d985d3c13"", 1], [""d32e76d495ac7d855d805fb71682b98d254520e3799aa4529ebc983212648335"", 1], [""f4c4d051d514270964adcf58e124569e396602340b7d9172671759de10a95897"", 1]]","[[""1b446e196b4d1752241c8ff689a31ea705e98ad0c16b9d343c303664f72b64a1"", 2], [""897ab23ed5a70034d3d708d871ad1da8bc7b6608d94b1ca46b5d578d985d3c13"", 2]]",True,
original-R1,dd736c7955429054fc55ea9eb55b96d3feb13e410f27a25651eefe5ecb536575,Which case has an earlier Date of Issue: ENF 269/2023 or SCT 169/2025?,name,"""ENF 269/2023""","""ENF 269/2023""",1.0,0.0,0.0,"[[""3a574fc4f0baa5ec7ff0dcc822d7c55e4f9c493c24addc217c8df3d848c16fa5"", 1], [""3f8a5ea0e051ba3af7a02da340c911fe0970ebece6c852c3e61a10c00cac6d6e"", 18], [""5d3df6d69fac3ef91e13ac835b43a35e9e434fbc7e72ea5c01e288d69b66e6a2"", 1], [""839de9798f377492eee68f82b202d7cd3544be83d799f6226a02f3678c9bb914"", 5], [""839de9798f377492eee68f82b202d7cd3544be83d799f6226a02f3678c9bb914"", 22], [""c98c1475692bc22f4abab6a7a7d7969467c94e46a7e68919aaf127179ebf3f54"", 8], [""c98c1475692bc22f4abab6a7a7d7969467c94e46a7e68919aaf127179ebf3f54"", 9]]","[[""3a574fc4f0baa5ec7ff0dcc822d7c55e4f9c493c24addc217c8df3d848c16fa5"", 2], [""5d3df6d69fac3ef91e13ac835b43a35e9e434fbc7e72ea5c01e288d69b66e6a2"", 3]]",True,
original-R1,84941458c4ade946dae84cf5ebc4abf362a6f6e6fec835ba5c43ad2d3b4b14d7,Is there any information about parole hearings in case CFI 057/2025?,free_text,"""There is no information on this question in the provided documents.""","""There is no information on this question in the provided documents.""",1.0,,,"[[""1a255edc261961ec64870466a27ac4e25b5ebc2abe298e1b69f8dd2fc27288f6"", 9], [""3f8a5ea0e051ba3af7a02da340c911fe0970ebece6c852c3e61a10c00cac6d6e"", 2], [""3f8a5ea0e051ba3af7a02da340c911fe0970ebece6c852c3e61a10c00cac6d6e"", 3], [""839de9798f377492eee68f82b202d7cd3544be83d799f6226a02f3678c9bb914"", 8], [""839de9798f377492eee68f82b202d7cd3544be83d799f6226a02f3678c9bb914"", 17], [""839de9798f377492eee68f82b202d7cd3544be83d799f6226a02f3678c9bb914"", 19], [""bd2d222ee0a636a745434cfb457321cd658db5bb32b5f0a3f5643236cc1503d8"", 2]]",[],False,The submission matches the reference exactly and appropriately abstains; the evidence does not mention parole hearings.
original-R1,ff1b357588e9b5881ec9b1558ede2892e7cbf42a6787a1cbb922b45318f66778,"According to the title page of the DIFC Law on the Application of Civil and Commercial Laws, what is its official law number?",number,3,3,1.0,0.14285714285714285,1.0,"[[""22442c5ee999e2519c68de908be511875a84f2b810ed540c2dcfcbcc65031434"", 1], [""536bbce854b9406cc22697e04fcdabd645e030c0e55b918252643b00e0b2b25f"", 1], [""72ea171147bf30326fe6fd2e6798f607c7cef4bf9d43761dbccd2f1b6a356849"", 1], [""ff746f7b583490a80ba104361c0a82a1ebbf7ed9097cd03dc49d744cb5057761"", 1], [""ff746f7b583490a80ba104361c0a82a1ebbf7ed9097cd03dc49d744cb5057761"", 2], [""ff746f7b583490a80ba104361c0a82a1ebbf7ed9097cd03dc49d744cb5057761"", 3], [""ff746f7b583490a80ba104361c0a82a1ebbf7ed9097cd03dc49d744cb5057761"", 7]]","[[""ff746f7b583490a80ba104361c0a82a1ebbf7ed9097cd03dc49d744cb5057761"", 1]]",False,
original-R1,f2ea23e9f861379a5c049830b57dcb499d4e6ce51013e64d49722b5845139e22,"Under Article 22 of the Operating Law 2018, for how many years from the date the Registrar becomes aware of an act or omission can the Registrar exercise powers in respect of a former Registered Person removed from the Public Register?",number,3,3,1.0,0.16666666666666666,1.0,"[[""72ea171147bf30326fe6fd2e6798f607c7cef4bf9d43761dbccd2f1b6a356849"", 15], [""72ea171147bf30326fe6fd2e6798f607c7cef4bf9d43761dbccd2f1b6a356849"", 20], [""72ea171147bf30326fe6fd2e6798f607c7cef4bf9d43761dbccd2f1b6a356849"", 21], [""72ea171147bf30326fe6fd2e6798f607c7cef4bf9d43761dbccd2f1b6a356849"", 22], [""72ea171147bf30326fe6fd2e6798f607c7cef4bf9d43761dbccd2f1b6a356849"", 23], [""72ea171147bf30326fe6fd2e6798f607c7cef4bf9d43761dbccd2f1b6a356849"", 24]]","[[""72ea171147bf30326fe6fd2e6798f607c7cef4bf9d43761dbccd2f1b6a356849"", 15]]",False,
original-R1,095cb50318776a3b8ef11769cd941775694c194924783ee31109c25e3306600e,Who is responsible for administering the Employment Law and any Regulations made under it?,free_text,"""The DIFCA is responsible for administering the Employment Law and any Regulations made under it.""","""The DIFCA administers the Employment Law and any Regulations made under it.""",1.0,0.125,1.0,"[[""22442c5ee999e2519c68de908be511875a84f2b810ed540c2dcfcbcc65031434"", 4], [""33bc02044716acdfedb164b065bdaec098aaadcae863c591f9931c88e7307d16"", 1], [""33bc02044716acdfedb164b065bdaec098aaadcae863c591f9931c88e7307d16"", 2], [""33bc02044716acdfedb164b065bdaec098aaadcae863c591f9931c88e7307d16"", 4], [""33bc02044716acdfedb164b065bdaec098aaadcae863c591f9931c88e7307d16"", 5], [""33bc02044716acdfedb164b065bdaec098aaadcae863c591f9931c88e7307d16"", 6], [""33bc02044716acdfedb164b065bdaec098aaadcae863c591f9931c88e7307d16"", 37], [""72ea171147bf30326fe6fd2e6798f607c7cef4bf9d43761dbccd2f1b6a356849"", 41]]","[[""33bc02044716acdfedb164b065bdaec098aaadcae863c591f9931c88e7307d16"", 6]]",True,The submission matches the reference and is directly supported by the evidence stating that the DIFCA administers the Law and any Regulations under it.
original-R1,c2cf8224f1166780b25c77feede37101c514517ed61485c9ae31f6b1eb8c744b,Who administers the Foundations Law?,free_text,"""The Foundations Law is administered by the Registrar.""","""The Registrar administers the Foundations Law.""",1.0,0.14285714285714285,1.0,"[[""22442c5ee999e2519c68de908be511875a84f2b810ed540c2dcfcbcc65031434"", 2], [""22442c5ee999e2519c68de908be511875a84f2b810ed540c2dcfcbcc65031434"", 4], [""22442c5ee999e2519c68de908be511875a84f2b810ed540c2dcfcbcc65031434"", 8], [""22442c5ee999e2519c68de908be511875a84f2b810ed540c2dcfcbcc65031434"", 9], [""22442c5ee999e2519c68de908be511875a84f2b810ed540c2dcfcbcc65031434"", 18], [""22442c5ee999e2519c68de908be511875a84f2b810ed540c2dcfcbcc65031434"", 25], [""22442c5ee999e2519c68de908be511875a84f2b810ed540c2dcfcbcc65031434"", 42]]","[[""22442c5ee999e2519c68de908be511875a84f2b810ed540c2dcfcbcc65031434"", 4]]",False,All criteria satisfied; the submission matches the reference and is directly supported by the cited law text stating the Law is administered by the Registrar.
original-R1,cd69f5dfe06d2e7afac26c7b332ea925987864cc6730f90cce020d34d823abbe,What is the purpose of Article 9(1) of the Foundations Law?,free_text,"""There is no information on this question in the provided documents.""","""It empowers the DIFCA Board to make regulations to facilitate the administration of, or further the objects of, the Foundations Law.""",0.4,0.125,1.0,"[[""22442c5ee999e2519c68de908be511875a84f2b810ed540c2dcfcbcc65031434"", 2], [""22442c5ee999e2519c68de908be511875a84f2b810ed540c2dcfcbcc65031434"", 4], [""22442c5ee999e2519c68de908be511875a84f2b810ed540c2dcfcbcc65031434"", 6], [""22442c5ee999e2519c68de908be511875a84f2b810ed540c2dcfcbcc65031434"", 7], [""22442c5ee999e2519c68de908be511875a84f2b810ed540c2dcfcbcc65031434"", 9], [""22442c5ee999e2519c68de908be511875a84f2b810ed540c2dcfcbcc65031434"", 18], [""22442c5ee999e2519c68de908be511875a84f2b810ed540c2dcfcbcc65031434"", 30], [""22442c5ee999e2519c68de908be511875a84f2b810ed540c2dcfcbcc65031434"", 42]]","[[""22442c5ee999e2519c68de908be511875a84f2b810ed540c2dcfcbcc65031434"", 4]]",False,"The submission does not answer the question; Article 9(1) is about the DIFCA Board’s power to make regulations to facilitate administration of, or further the objects of, the Law. The abstention is clear, but it is incomplete and incorrect relative to the reference. The high confidence is not well calibrated for an unsupported/incorrect answer."
